user_id,item_id,actual_rating,predicted_rating
1,6,5.0,3.8239644667344215
1,10,3.0,4.136338076560944
1,12,5.0,4.168006296527358
1,14,5.0,4.1462622616291505
1,17,3.0,4.309396581489614
1,20,4.0,4.143352972771021
1,23,4.0,3.968534102980438
1,24,3.0,4.228088161220095
1,27,2.0,3.990301151074298
1,31,3.0,4.223010571638303
1,33,4.0,4.396400813373866
1,36,2.0,4.195780890952695
1,39,4.0,4.3627873676634135
1,44,5.0,4.111535545961988
1,47,4.0,4.120899229764226
1,49,3.0,4.105344158720846
1,51,4.0,4.202934710742658
1,53,3.0,4.0558601683227495
1,54,3.0,4.457455758736723
1,56,4.0,4.037932053526447
1,60,5.0,3.9007215055338076
1,61,4.0,3.967320010272744
1,62,3.0,4.468723159110587
1,64,5.0,4.034261069489846
1,65,4.0,4.044678456907372
1,67,3.0,3.8716616985075682
1,69,3.0,4.204828721040939
1,70,3.0,4.101078130315255
1,72,4.0,4.3033229763435035
1,73,3.0,4.284663930065261
1,74,1.0,3.9322723645188944
1,76,4.0,4.047911582958362
1,78,1.0,4.232631643356639
1,80,4.0,4.105408459560137
1,81,5.0,4.196431560040059
1,82,5.0,4.321426455420541
1,84,4.0,4.071050337269714
1,85,3.0,4.150149263720273
1,86,5.0,4.001512785860207
1,90,4.0,4.110977422218713
1,91,5.0,4.294369077533514
1,92,3.0,4.211746297335873
1,96,5.0,4.180843710639984
1,97,3.0,4.052093323198206
1,98,4.0,4.083759011738819
1,100,5.0,4.320368513644915
1,102,2.0,4.138778582159142
1,103,1.0,4.169291387978674
1,104,1.0,3.958539722931021
1,107,4.0,3.921024221571828
1,108,5.0,3.8680289073721994
1,112,1.0,4.194971770333465
1,113,5.0,3.9537552668772404
1,114,5.0,3.832518480057653
1,117,3.0,4.47325341435643
1,118,3.0,4.366218418105755
1,120,1.0,4.161574942940499
1,121,4.0,4.293257652090371
1,125,3.0,4.219397822136422
1,128,4.0,4.15414317556256
1,129,5.0,4.4427608182402984
1,130,3.0,3.897270557154074
1,132,4.0,4.294186134689836
1,134,4.0,3.7994669730365507
1,140,1.0,3.9861133498842123
1,143,1.0,3.8336841515873985
1,145,2.0,4.45703802375083
1,148,2.0,4.204738571610267
1,150,5.0,4.224134196580911
1,151,4.0,4.086168925257892
1,154,5.0,3.876279566512594
1,155,2.0,3.8882888074428656
1,157,4.0,4.065368916021406
1,159,3.0,3.945240574679773
1,160,4.0,3.852598459650976
1,161,4.0,4.090123921884541
1,163,4.0,3.915375010451978
1,164,3.0,4.518085606259131
1,170,5.0,4.150036899270327
1,171,5.0,4.1904787262682515
1,174,5.0,3.9625401541176144
1,175,5.0,3.975397701354268
1,177,5.0,3.9836300661843653
1,180,3.0,4.006706470242219
1,183,5.0,4.34243192415953
1,184,4.0,4.4680906860234675
1,185,4.0,4.03070611389343
1,186,4.0,4.239220420530953
1,188,3.0,4.155979361906686
1,189,3.0,4.113782937356394
1,190,5.0,3.989885434355316
1,193,4.0,3.912482011244994
1,196,5.0,3.8220942902914397
1,200,3.0,3.9293517430773037
1,201,3.0,4.212216196796168
1,202,5.0,4.07045214046688
1,206,4.0,4.313122992003884
1,208,5.0,3.9551266002525733
1,209,4.0,4.104843197392439
1,210,4.0,3.9569176559503263
1,212,4.0,3.9375272769923098
1,213,2.0,4.111266569782382
1,214,4.0,4.007012174711388
1,215,3.0,3.8555777341179494
1,218,3.0,3.785109528804633
1,219,1.0,3.856217181050915
1,221,5.0,3.921024221571828
1,222,4.0,4.309228925699562
1,224,5.0,4.001718930929705
1,225,2.0,4.165558666080882
1,226,3.0,4.063406282302055
1,227,4.0,4.123601152904727
1,228,5.0,4.160367604032508
1,229,4.0,4.145252449865855
1,230,4.0,4.170033018793909
1,232,3.0,4.106660658364973
1,233,2.0,3.9492079251694463
1,235,5.0,4.4248432433166816
1,236,4.0,4.105590604195047
1,241,4.0,4.344448289998232
1,242,5.0,4.00784906001018
1,243,1.0,4.226544327290493
1,248,4.0,3.979592798633761
1,250,4.0,4.295135518465154
1,252,2.0,4.368890373708432
1,253,5.0,4.244003497705803
1,254,1.0,4.147894903759438
1,255,2.0,4.070537892792976
1,258,5.0,4.331159627116283
1,259,1.0,4.152689237954086
1,260,1.0,4.368888497939041
1,262,3.0,3.9295862228123406
1,264,2.0,4.228701047613711
1,265,4.0,4.098061561032796
1,266,1.0,4.0720158257548835
1,267,4.0,3.6814814814814816
1,272,3.0,3.8913942860966757
2,13,4.0,4.006388288754816
2,19,3.0,4.074703958694819
2,50,5.0,4.186046256267598
2,251,5.0,4.08615633173557
2,257,4.0,4.301204916862794
2,279,4.0,4.044470658288014
2,280,3.0,4.407032551028688
2,281,3.0,4.137735120574029
2,290,3.0,4.138095733879083
2,292,4.0,4.300872413132011
2,297,4.0,4.204355049344276
2,298,3.0,4.291893812942593
2,299,4.0,4.402509192873606
2,301,4.0,4.330136679422638
2,303,4.0,4.204355049344276
2,307,3.0,4.40713906936351
2,308,3.0,4.241161710821672
2,312,3.0,4.348765226340945
2,313,5.0,4.582949488094867
2,314,1.0,3.9491920969868732
2,315,1.0,4.119166451684668
2,316,5.0,4.286622508376482
3,245,1.0,3.8564719201411646
3,264,2.0,3.8293896769727613
3,272,2.0,3.45276088301447
3,294,2.0,3.357455553425228
3,299,3.0,3.6907694996744986
3,300,2.0,3.6066319638655933
3,307,3.0,3.7457708919597277
3,318,4.0,3.2405060587228034
3,323,2.0,3.5489978535761093
3,324,2.0,3.4803066101136446
3,327,4.0,3.6993173017962464
3,328,5.0,3.753914506311461
3,330,2.0,3.5820575360653093
3,331,4.0,3.7364186791594176
3,332,1.0,3.764254924166812
3,334,3.0,3.6235482007454665
3,335,1.0,3.566308301811551
3,337,1.0,3.756632739100734
3,341,1.0,3.427482799598214
3,343,3.0,3.7071056290548956
3,345,3.0,3.549810827018341
3,348,4.0,3.626018598627931
3,349,3.0,3.3851207375911807
3,350,3.0,3.5867560298108594
3,351,3.0,3.24321375008887
3,354,3.0,3.3424040285901895
4,50,5.0,4.946713567535473
4,260,4.0,5.0
4,264,3.0,5.0
4,288,4.0,4.574311974794277
4,294,5.0,4.689313421110607
4,303,5.0,4.722461283714552
4,354,5.0,4.634516336771207
4,356,3.0,4.833566365065127
4,357,4.0,4.394299647823551
4,361,5.0,5.0
5,1,4.0,3.5907325210797434
5,2,3.0,3.6595962565062043
5,17,4.0,3.577514353814273
5,24,4.0,3.5219312424564553
5,40,4.0,3.12957013948614
5,42,5.0,3.2072645254944274
5,62,4.0,3.8947834470312994
5,69,1.0,3.3601993060170177
5,79,3.0,3.5450974140405114
5,80,2.0,3.4145245277668614
5,89,5.0,3.3878946525581397
5,90,3.0,3.3238250025118345
5,94,3.0,3.485885167751701
5,98,3.0,3.2105952253855845
5,100,5.0,3.329740457726811
5,102,3.0,3.4335865058415576
5,109,5.0,3.4562898867209486
5,110,1.0,3.6106584195807203
5,139,3.0,3.4125367443456787
5,143,3.0,3.112555366723506
5,144,3.0,3.2891334346801253
5,153,5.0,3.1464994518708367
5,154,3.0,3.1770658872598494
5,167,2.0,3.156223098381364
5,173,4.0,3.675185997888616
5,176,3.0,3.710782157985425
5,185,3.0,3.299068163660182
5,209,5.0,3.3081542044245262
5,211,4.0,3.1204831781103906
5,214,3.0,3.281060996142949
5,219,3.0,3.1825302062634746
5,222,4.0,3.8201842172189364
5,225,2.0,3.434127582590274
5,227,4.0,3.587029192120979
5,230,3.0,3.606191088524791
5,231,2.0,3.7046938058016456
5,234,2.0,3.365829907865585
5,241,1.0,3.6208016352945047
5,243,1.0,3.4778784948280883
5,259,1.0,3.3983532452968492
5,267,4.0,2.956043956043956
5,363,3.0,3.2241133235003403
5,364,1.0,3.1358415582252466
5,369,1.0,3.1981722722940527
5,370,1.0,3.2154638842321073
5,372,3.0,3.247669681642358
5,376,2.0,3.2072645254944274
5,377,1.0,3.508375806643713
5,379,3.0,3.1317124685018642
5,382,5.0,3.299926121169404
5,384,3.0,3.0912984214757016
5,385,4.0,3.7036873268325357
5,388,2.0,3.341273948869791
5,389,1.0,3.416041066783883
5,391,4.0,3.51359978345212
5,393,2.0,3.1782932218971665
5,394,2.0,3.3285893435562404
5,397,2.0,3.2012011196307673
5,400,1.0,3.51515109765786
5,402,1.0,3.4062052879221794
5,403,3.0,3.6131804405647654
5,407,3.0,3.1946533630897136
5,410,1.0,3.2381691672027
5,411,1.0,3.682662897913861
5,413,3.0,3.127287056614179
5,417,3.0,3.3277044313537054
5,418,3.0,3.474012792409348
5,421,1.0,3.2060181167689796
5,422,4.0,3.5310171427013115
5,423,4.0,3.4975845378881623
5,424,1.0,3.1976553125548595
5,426,3.0,3.904181125539668
5,428,5.0,3.0967708411614345
5,429,3.0,3.4467684358450486
5,433,5.0,3.1723464807515396
5,435,4.0,3.293900272004168
5,436,5.0,3.2149056861145042
5,439,1.0,3.2042006742414513
5,441,1.0,3.359349049761964
5,444,2.0,3.591457338125438
5,445,3.0,3.1786455754519403
5,453,1.0,3.36389965432358
5,454,1.0,3.1048870635651094
5,457,1.0,3.3733274621226492
6,14,5.0,3.9965059682442154
6,15,3.0,3.8549922514869457
6,19,4.0,3.8968929799662146
6,23,4.0,3.835116295131396
6,28,2.0,4.079902220865037
6,32,4.0,3.698257378637148
6,56,4.0,3.8858462873704775
6,59,5.0,3.769870008653247
6,69,3.0,4.041810356415494
6,70,3.0,3.9659740734155022
6,81,4.0,4.061378421591429
6,86,3.0,3.938871048323326
6,87,4.0,3.760091080181321
6,95,2.0,4.333629893976187
6,98,5.0,3.9675033393455763
6,100,5.0,4.18047406440605
6,117,2.0,4.290896484090134
6,124,5.0,3.9827877175962803
6,125,3.0,4.148664806000677
6,131,5.0,3.9262782076132132
6,133,4.0,3.977803256770562
6,134,5.0,3.739239246146403
6,135,5.0,3.964767130496204
6,136,5.0,3.7168612182142464
6,143,2.0,3.7633461607160386
6,151,3.0,4.024494011415205
6,154,3.0,3.785660678663996
6,156,3.0,3.8670630863651176
6,175,4.0,3.75042339178761
6,180,4.0,3.8751639780383926
6,183,4.0,4.022221792649759
6,187,4.0,4.035909801856002
6,188,3.0,3.9904034398341595
6,189,3.0,4.038776944053212
6,193,3.0,3.8365294019479346
6,195,4.0,4.101803336951426
6,197,5.0,4.058096170539651
6,199,4.0,3.8986974947891784
6,204,3.0,3.948302758518612
6,205,3.0,3.8623590242773926
6,208,4.0,3.8385466314366092
6,209,4.0,4.026900705599875
6,211,5.0,3.7584782495267754
6,213,4.0,4.046593206734451
6,221,4.0,3.8425755053676873
6,238,5.0,3.7610540842740265
6,248,3.0,3.940868640095774
6,258,2.0,4.127057120873766
6,269,4.0,4.125005736433015
6,275,4.0,4.009181208096436
6,276,2.0,3.9396997292510547
6,284,2.0,4.0429321518336225
6,286,2.0,4.187432319416507
6,294,2.0,3.8184874160884203
6,297,3.0,4.013264851595235
6,301,2.0,4.0213515459712275
6,304,4.0,4.026923172558583
6,318,4.0,3.964892594088297
6,357,4.0,3.7860754444611575
6,423,3.0,4.037663580241428
6,432,4.0,4.128769041448605
6,458,1.0,3.902523566057012
6,459,2.0,3.8727773413880677
6,463,4.0,3.8099693762417877
6,466,4.0,3.690750638188663
6,467,4.0,3.914850815729584
6,469,5.0,3.7962951119618227
6,470,3.0,3.761563280925917
6,471,2.0,4.076767293337441
6,475,5.0,3.9304167667176624
6,476,1.0,3.966653467341793
6,477,1.0,4.216842388379891
6,478,4.0,4.035772220050459
6,479,5.0,3.806263232838734
6,480,4.0,3.8721795273719124
6,481,5.0,4.065189863213999
6,483,5.0,3.9929648782904357
6,484,5.0,3.879156867371013
6,486,4.0,4.0489247537465
6,487,5.0,3.8709353006953906
6,488,5.0,3.7210996835431773
6,492,5.0,3.7407858623693246
6,498,4.0,4.13269871016069
6,499,4.0,3.697893421181576
6,500,4.0,4.026923172558583
6,506,4.0,3.7407858623693246
6,508,3.0,3.8560804766264396
6,509,4.0,3.7324579889630227
6,511,5.0,3.8192412101365667
6,513,4.0,3.9526825798562144
6,515,4.0,3.994649534723937
6,517,4.0,4.130499358363711
6,518,3.0,3.8300457410894215
6,521,4.0,3.9074891813081813
6,523,5.0,3.859909635302575
6,524,3.0,3.8547057041995494
6,525,5.0,3.920097756461656
6,526,3.0,3.969841513357173
6,528,4.0,3.9461548610018804
6,532,3.0,3.756674041533143
6,534,4.0,3.957816075862696
7,7,5.0,4.577846331904437
7,8,5.0,4.515078286213487
7,10,4.0,4.326524824768892
7,22,5.0,4.598436499885893
7,28,5.0,4.490590632634755
7,32,4.0,4.093232249260177
7,44,5.0,4.33107751625174
7,53,5.0,4.2802421998061595
7,54,3.0,4.636498292612705
7,72,5.0,4.49603121016294
7,78,3.0,4.449811868513349
7,79,4.0,4.609017645075067
7,81,5.0,4.371819890428499
7,82,3.0,4.6182458160745155
7,89,5.0,4.295362016150382
7,90,3.0,4.373682419001627
7,92,5.0,4.510397208094733
7,93,5.0,4.269778151907372
7,101,5.0,4.602578417946557
7,106,4.0,4.430334445900401
7,118,2.0,4.566292907748858
7,121,5.0,4.5352661641945815
7,126,3.0,4.221506478230889
7,127,5.0,4.4601252346613744
7,131,5.0,4.223300062978699
7,133,5.0,4.320360614543464
7,136,5.0,4.001422787826884
7,139,3.0,4.287741143658516
7,142,3.0,4.298336581039881
7,151,4.0,4.240249395543683
7,153,5.0,4.0891825494491085
7,154,5.0,4.087753923789962
7,156,5.0,4.228668902266409
7,161,3.0,4.318856815441601
7,162,5.0,4.054075386614658
7,163,4.0,4.102752482734613
7,166,3.0,4.039103017527156
7,168,5.0,3.9901858711304516
7,171,3.0,4.433194220794769
7,172,4.0,4.82327174623053
7,174,5.0,4.190710004502202
7,176,3.0,4.670235007659622
7,177,4.0,4.246483363020321
7,181,3.0,4.634675783033871
7,182,4.0,4.251894803512416
7,183,4.0,4.720998913167033
7,185,5.0,4.367074594609519
7,188,5.0,4.383194323539054
7,190,5.0,4.286095744988948
7,191,5.0,4.240354073575941
7,193,5.0,4.116349238442094
7,195,5.0,4.691040129843864
7,196,5.0,4.1061911033811995
7,200,5.0,4.232040914050086
7,203,5.0,4.064687541388534
7,205,5.0,4.238030623353539
7,207,4.0,4.3933681586407065
7,208,5.0,4.206569868795673
7,210,4.0,4.228158495771178
7,212,1.0,4.135987546089318
7,223,5.0,4.331077438625023
7,226,5.0,4.291585512231631
7,227,3.0,4.397132474136068
7,228,4.0,4.4542896733267145
7,232,3.0,4.31715529831175
7,241,4.0,4.578395234273631
7,259,3.0,4.2556555997060475
7,260,1.0,4.618639767824322
7,264,4.0,4.443618446000847
7,266,4.0,4.256334677612007
7,268,3.0,4.256182446643731
7,269,3.0,4.2539853707236714
7,273,3.0,4.552279508098565
7,281,3.0,4.483356084999954
7,285,5.0,4.082473060932657
7,288,4.0,4.399226630880486
7,300,4.0,4.2918930968518625
7,307,5.0,4.52173107186666
7,334,5.0,4.324581442168568
7,378,5.0,4.097210061904301
7,382,4.0,4.294749787681973
7,385,5.0,4.582184277140961
7,389,4.0,4.314044885090256
7,393,4.0,4.126717420887946
7,396,4.0,4.372078320230542
7,399,4.0,4.662640778049477
7,401,4.0,4.175793130514538
7,404,5.0,4.190054696378278
7,418,4.0,4.31696107532787
7,420,5.0,4.266614365163263
7,423,5.0,4.402715526950914
7,428,5.0,4.0237397298851665
7,430,3.0,4.141684651752893
7,431,4.0,4.29997868288725
7,432,4.0,4.291859957708892
7,435,5.0,4.222562719440296
7,448,3.0,4.230468602610365
7,450,4.0,4.439868341030593
7,451,5.0,4.30500521971487
7,455,4.0,4.133412619506096
7,461,4.0,4.204263420301083
7,471,4.0,4.411285086330139
7,472,2.0,4.428651248749318
7,479,4.0,4.215024531717147
7,480,4.0,4.165396229549916
7,481,5.0,4.300979118914687
7,482,3.0,4.136561189647811
7,483,4.0,4.348293299876002
7,484,5.0,4.169020668640086
7,485,5.0,4.108457803525067
7,489,3.0,4.271923300840505
7,491,5.0,4.237793638337098
7,492,5.0,4.030552914680219
7,495,5.0,4.118801370699888
7,496,5.0,4.085366893021992
7,497,4.0,3.9929294521666505
7,498,5.0,4.531376547480145
7,501,5.0,4.288114914916832
7,504,5.0,4.160236107639562
7,505,3.0,4.149899303879149
7,511,5.0,4.150290639722979
7,514,2.0,4.152251393963933
7,515,3.0,4.406085246740987
7,519,4.0,4.060694497761856
7,520,5.0,4.280189688584631
7,526,5.0,4.305656365565837
7,528,5.0,4.329451260529647
7,530,5.0,4.178132410593705
7,537,3.0,4.059974005650712
7,541,2.0,4.303559474412886
7,542,4.0,4.484870642471134
7,543,3.0,4.325336326170864
7,548,5.0,4.293932055330459
7,550,4.0,4.295417952620553
7,553,3.0,4.404850407280108
7,554,3.0,4.396617793466465
7,555,4.0,4.164259664515195
7,559,5.0,4.313582897796851
7,560,3.0,4.666080345067613
7,562,5.0,4.519691310186053
7,563,2.0,4.15758583538743
7,564,3.0,4.284497237739761
7,567,1.0,4.140072921085803
7,570,3.0,4.078471171530055
7,576,5.0,4.536064185300139
7,579,4.0,4.137643633796296
7,580,3.0,4.2556466201880685
7,581,5.0,4.479489323139834
7,582,5.0,4.566423340027388
7,587,4.0,4.388948493562962
7,589,5.0,4.102283995095639
7,599,1.0,4.083167100255494
7,604,3.0,4.00282994915102
7,608,4.0,4.29473309785959
7,614,5.0,4.05568375187724
7,618,4.0,4.0571089058920675
7,619,3.0,4.324699090635802
7,621,5.0,4.0219677652379735
7,622,4.0,4.157796630476274
7,623,3.0,4.298398336560753
7,624,4.0,4.354933673362469
7,626,5.0,4.205352975913607
7,627,3.0,4.037138923791735
7,630,5.0,4.243279016293681
7,633,5.0,4.117294142046158
7,636,4.0,4.569630411331068
7,637,4.0,4.355188375795981
7,642,3.0,4.435069485541511
7,643,4.0,4.425381315325721
7,644,5.0,4.0818646772107305
7,645,4.0,4.01377429852063
7,647,5.0,4.282199676918364
7,648,5.0,4.277515945117297
7,650,3.0,4.154804356959222
7,653,4.0,4.275532290126687
7,654,5.0,4.254048158832111
7,657,4.0,4.234861040274889
7,658,3.0,4.068302725428737
7,659,5.0,4.2366735990500075
7,661,5.0,3.982101820426094
7,662,3.0,4.322418696916951
7,667,5.0,4.0445945670594
7,669,1.0,4.094181611637042
7,673,3.0,4.156619344273882
7,674,2.0,4.109725607483999
7,675,5.0,4.046002194070139
7,676,3.0,4.327342217717532
7,680,4.0,4.256334677612007
7,681,1.0,4.138191731781779
7,683,4.0,4.086267015215897
8,7,3.0,4.1776007557737085
8,22,5.0,4.210258108819276
8,50,5.0,4.530156626032161
8,56,5.0,3.8708422068845816
8,79,4.0,4.3131193863191415
8,89,4.0,3.9956987734470752
8,127,5.0,4.234971025521485
8,144,5.0,4.052468940468397
8,172,5.0,4.563133310081426
8,176,5.0,4.509095458086406
8,182,5.0,3.9167981313138167
8,183,5.0,4.43735123013227
8,188,5.0,4.031871250177278
8,190,4.0,3.780718172889795
8,210,4.0,4.051404929044518
8,258,5.0,4.333708446961349
8,294,3.0,3.7410760566564556
8,301,4.0,3.849535692607854
8,338,4.0,3.823503429463712
8,385,1.0,4.328000123323418
8,457,1.0,3.9702255166847342
8,511,5.0,3.8019119151077834
8,550,3.0,4.040947061835425
8,568,4.0,4.331550604662346
8,651,5.0,4.170562308700324
8,685,4.0,4.081121347116779
8,686,3.0,4.1416999034597275
8,687,1.0,3.867076192816453
8,689,4.0,4.403569151301165
9,6,5.0,4.26015828709248
9,286,5.0,4.8087007160821615
9,298,5.0,4.674844516652358
9,340,4.0,4.330578587104873
9,479,4.0,4.28574872236708
9,487,5.0,4.430867954098809
9,507,4.0,4.286665171306834
9,521,4.0,4.489698032492031
9,527,3.0,4.265561462148547
9,691,5.0,4.49168481208697
10,1,4.0,4.612122961152834
10,4,4.0,4.838881473569957
10,7,4.0,4.726730597423481
10,13,3.0,4.488864988976249
10,16,4.0,4.60553726541832
10,22,5.0,4.9067869158638215
10,48,4.0,4.357749062348352
10,56,5.0,4.544045802287151
10,64,4.0,4.541910040042844
10,98,4.0,4.6436418987138275
10,99,5.0,4.446217461464196
10,100,5.0,4.800414492759607
10,124,5.0,4.607158224558195
10,127,5.0,4.696398620904911
10,132,5.0,4.669621007919346
10,133,5.0,4.698717864533211
10,135,5.0,4.637068133533405
10,144,4.0,4.541605702944027
10,155,4.0,4.498977874340525
10,156,4.0,4.513698553702528
10,160,4.0,4.366541105558737
10,164,4.0,4.796176453613233
10,168,4.0,4.3355993994243756
10,175,3.0,4.373844938088571
10,176,4.0,4.796155844275214
10,183,5.0,4.716983118391637
10,186,4.0,4.658655354869884
10,191,5.0,4.578271583768254
10,194,4.0,4.604526271646275
10,195,4.0,4.722334546487865
10,199,4.0,4.596632194351662
10,200,5.0,4.435454001175909
10,203,4.0,4.366402166154077
10,218,4.0,4.340959010951119
10,223,5.0,4.620570609742328
10,234,4.0,4.494865504249699
10,269,4.0,4.603944569086937
10,275,4.0,4.719006546684527
10,283,4.0,4.767031662457235
10,285,5.0,4.4118034383645695
10,289,4.0,4.64447093461232
10,294,3.0,4.363016174644088
10,321,4.0,4.486571945327098
10,340,4.0,4.409125041718817
10,367,4.0,4.571470516148757
10,371,4.0,4.722318496525102
10,385,4.0,4.804416779955868
10,418,4.0,4.5381388875171025
10,420,4.0,4.496142499848253
10,435,5.0,4.4885589715459036
10,447,4.0,4.322757060749965
10,461,3.0,4.605920416693717
10,463,4.0,4.433721302411742
10,474,4.0,4.397664012429325
10,475,4.0,4.494921667839047
10,483,5.0,4.743190626091068
10,486,4.0,4.684708818481388
10,488,5.0,4.418875309397444
10,489,4.0,4.707387806606112
10,493,4.0,4.557635162093443
10,495,4.0,4.379732134781101
10,496,5.0,4.4277849805719365
10,497,4.0,4.3380352661067265
10,498,5.0,4.811902966761243
10,504,5.0,4.489435418566141
10,505,4.0,4.478380607800765
10,509,4.0,4.394012252279286
10,519,5.0,4.3615364063706155
10,521,4.0,4.607532801399125
10,558,4.0,4.619266999630792
10,588,4.0,4.503791146074901
10,603,5.0,4.49288404746437
10,611,5.0,4.597531039164632
10,615,4.0,4.392815782785715
10,651,4.0,4.7566586824261945
10,652,3.0,4.541725698521548
10,655,5.0,4.679798226005872
10,656,5.0,4.608276938993087
10,657,4.0,4.595592079986804
10,695,3.0,4.645731079476739
10,696,4.0,4.629271278138122
10,698,4.0,4.541910040042844
10,702,3.0,4.752132104121022
10,703,5.0,4.425508963857175
10,704,3.0,4.787314858451312
10,705,4.0,4.4574642003731695
10,706,4.0,4.340176246010336
10,710,4.0,4.4022430099149625
10,711,4.0,4.654534631336017
10,712,4.0,4.580245504371478
11,9,5.0,3.8097122988506777
11,12,2.0,3.9856260443617297
11,22,4.0,4.248429821752122
11,38,3.0,4.149509436302118
11,40,3.0,3.751649492397027
11,47,4.0,4.034981040198085
11,51,4.0,4.11818034072118
11,90,2.0,4.05180556489494
11,94,3.0,3.8241350661740663
11,97,4.0,3.8434561880164293
11,100,4.0,4.141996397179373
11,109,3.0,3.950891500822278
11,110,3.0,4.125286041143254
11,111,4.0,3.9886132264196577
11,120,2.0,4.025863328700317
11,135,4.0,4.019257039289045
11,175,3.0,3.772901391260255
11,185,4.0,3.878973381125065
11,190,3.0,3.887142803038514
11,191,4.0,3.8628346807298244
11,194,4.0,3.935676816227595
11,203,4.0,3.6253346726777482
11,204,3.0,4.013862321227072
11,215,3.0,3.7160415657419796
11,216,3.0,3.8247580747341874
11,227,3.0,3.979085457597913
11,230,4.0,4.003710392605838
11,241,4.0,4.130391987570802
11,260,1.0,4.159378592363666
11,268,5.0,4.0017351071887575
11,277,5.0,3.9099912144293443
11,291,4.0,3.8315128986898497
11,300,3.0,3.8994826240480966
11,312,4.0,4.05471467960435
11,350,4.0,3.9528286089673887
11,383,2.0,4.046297418774064
11,395,2.0,3.7536608296812726
11,402,4.0,4.104229365653254
11,425,4.0,3.709875408533323
11,428,4.0,3.682266291236057
11,429,5.0,3.976493418541716
11,435,4.0,3.8263043968715076
11,455,3.0,3.7214215425030206
11,517,2.0,4.203834947418048
11,521,2.0,3.924242088717485
11,524,4.0,3.7730531890067067
11,558,3.0,4.029785906590114
11,561,2.0,3.9102774617850766
11,573,3.0,4.040352169861409
11,597,2.0,3.9946438762242615
11,652,4.0,3.8547777343143275
11,660,3.0,3.684009738821697
11,663,4.0,3.865079315923812
11,710,2.0,3.685168236537264
11,713,5.0,3.9099912144293443
11,714,4.0,4.178998653562886
11,720,1.0,4.412587094724458
11,721,3.0,3.93864528268161
11,722,3.0,3.93864528268161
11,723,5.0,4.234578711142898
11,725,3.0,3.8429233484506717
11,726,3.0,3.972228297784984
11,730,3.0,3.9105007351124974
11,732,3.0,4.155312217033776
11,733,4.0,4.218101894274382
11,734,3.0,3.94901109832165
11,735,3.0,3.881605499219654
11,736,4.0,4.137420648258744
11,739,3.0,3.907096695336388
11,740,4.0,3.9909349041051057
11,741,5.0,4.2243470740938225
11,743,2.0,3.91657978812455
11,744,4.0,3.954303865740454
11,746,4.0,3.682266291236057
11,751,2.0,4.045618128345562
11,752,4.0,3.8891546346164683
12,15,5.0,4.417559246164453
12,28,5.0,4.771971204592546
12,50,4.0,4.869515903658541
12,71,4.0,4.536679385464026
12,82,4.0,4.783433620923958
12,96,4.0,4.7643737011391405
12,97,5.0,4.527670519038641
12,132,5.0,4.679581467490115
12,143,5.0,4.384083858761153
12,157,5.0,4.637162218069319
12,172,4.0,4.976289447621928
12,191,5.0,4.608612895616798
12,196,5.0,4.532863438517682
12,200,1.0,4.4075010678738575
12,204,5.0,4.612174676706122
12,276,4.0,4.560461154687957
12,282,5.0,4.534003505639013
12,300,4.0,4.645280032659958
12,318,5.0,4.597507623750555
12,381,4.0,4.642923915643781
12,402,5.0,4.862880629969102
12,471,5.0,4.653415612457304
12,684,5.0,4.8664806650863754
12,735,5.0,4.564637776975072
12,753,5.0,4.412528835799175
12,754,4.0,4.511601444992167
13,2,3.0,3.8809763658858936
13,11,1.0,3.5574548870039444
13,14,4.0,3.604315740930342
13,21,3.0,3.822156972984596
13,24,1.0,3.688394452727694
13,25,1.0,3.597482657088974
13,27,3.0,3.466544040154968
13,29,2.0,3.8192168860115254
13,40,2.0,3.328842174196656
13,42,4.0,3.434332586163426
13,45,3.0,3.4693247473773727
13,48,5.0,3.297849065579919
13,56,5.0,3.489651278246961
13,59,4.0,3.37052942868168
13,61,4.0,3.369523917257778
13,64,5.0,3.46632397521547
13,66,3.0,3.6960628142727088
13,71,4.0,3.6362161349294655
13,72,4.0,3.750250931400051
13,73,3.0,3.74513217915386
13,88,4.0,3.5396360131065174
13,90,3.0,3.619763522928396
13,94,3.0,3.519116895506848
13,97,4.0,3.4965732870777053
13,98,4.0,3.5675520681556767
13,100,5.0,3.8050150026397693
13,109,4.0,3.55954363049771
13,118,4.0,3.873053394624438
13,121,5.0,3.797467080788326
13,124,5.0,3.5319846368333017
13,137,5.0,3.4099221729292424
13,144,4.0,3.5346170989995476
13,147,3.0,3.6556336241877605
13,150,5.0,3.669609694068841
13,153,4.0,3.343126109441212
13,154,5.0,3.305625622150936
13,161,5.0,3.6118405471511683
13,167,4.0,3.2926853239451135
13,168,4.0,3.2484588336789906
13,173,2.0,3.8486587654005477
13,178,4.0,3.261715581132311
13,180,5.0,3.49439477998146
13,181,5.0,3.9132898671548664
13,185,3.0,3.6215875015180683
13,186,4.0,3.688738586827485
13,190,4.0,3.445510300282351
13,195,3.0,3.9178839369402017
13,196,4.0,3.278777349378489
13,198,3.0,3.264896588135257
13,201,1.0,3.6987451159218896
13,208,5.0,3.451736886701986
13,210,3.0,3.4499888974018695
13,212,5.0,3.360036360181429
13,215,5.0,3.2880906894051924
13,217,1.0,3.4875849967374166
13,219,1.0,3.3603762681674563
13,226,4.0,3.539026333696052
13,229,4.0,3.606214328205056
13,230,3.0,3.6283428737866226
13,232,3.0,3.5572335110378535
13,238,3.0,3.2866035302544496
13,243,3.0,3.623114733159514
13,258,4.0,3.852366797457549
13,261,1.0,3.5520354788317885
13,263,5.0,3.5314387000517553
13,265,4.0,3.573157133206334
13,268,4.0,3.6071962552613215
13,269,2.0,3.6401211147992862
13,270,4.0,3.9744572677752874
13,271,1.0,3.9364520217387593
13,272,4.0,3.405404483693047
13,273,3.0,3.852295332565565
13,276,5.0,3.5130376756449144
13,281,3.0,3.7413854169527347
13,287,1.0,3.402694694718848
13,289,2.0,3.5933016188701217
13,290,4.0,3.411775570587738
13,294,2.0,3.354998222480832
13,300,1.0,3.6615907757478245
13,301,1.0,3.5348582576223033
13,302,5.0,3.6464534309128305
13,303,4.0,3.43790336932002
13,305,4.0,3.539184911240957
13,308,3.0,3.582071447117991
13,312,1.0,3.671256522836784
13,314,1.0,3.438611488928374
13,315,5.0,3.5124783079958664
13,317,5.0,3.4243408293336346
13,318,3.0,3.5244295819196316
13,319,4.0,3.667951454104604
13,320,1.0,3.2558292567883176
13,331,3.0,3.7473755350999225
13,333,3.0,3.7202937317848255
13,334,1.0,3.68087502974245
13,338,1.0,3.4825275896777175
13,340,2.0,3.39636809455664
13,341,2.0,3.397758159613487
13,343,1.0,3.811565207050821
13,344,2.0,3.617231588941857
13,345,4.0,3.5773429794253286
13,349,1.0,3.5931999923235685
13,351,1.0,3.472823398131675
13,353,4.0,3.7880309078884045
13,354,2.0,3.613867261403535
13,360,4.0,3.3912174354214364
13,363,3.0,3.445512698461132
13,377,1.0,3.58576184566099
13,379,1.0,3.3278732076075297
13,384,2.0,3.269265592385335
13,385,3.0,3.8823771925977493
13,387,3.0,3.459291928738129
13,391,3.0,3.6570556940876116
13,396,3.0,3.6210821091574847
13,402,4.0,3.7285340221238483
13,405,2.0,3.641382460342799
13,409,3.0,3.6958753976252714
13,414,5.0,3.3041932369896627
13,416,3.0,3.433809887985121
13,418,2.0,3.4863451811438133
13,420,4.0,3.4577228931686266
13,421,2.0,3.4820833969124942
13,423,5.0,3.6195842246797683
13,428,5.0,3.264095386784697
13,431,1.0,3.570660849636351
13,436,2.0,3.389362997459839
13,437,1.0,3.405998291379977
13,440,1.0,3.3097107670762695
13,443,4.0,3.415930898813029
13,447,2.0,3.325329886039758
13,449,4.0,3.6587660275632627
13,450,3.0,3.6250805735374567
13,451,1.0,3.5450585690907435
13,452,3.0,3.4892698919033562
13,457,1.0,3.5649564626338264
13,467,5.0,3.4688025858093416
13,472,5.0,3.733097750732038
13,476,2.0,3.5065782876737672
13,477,4.0,3.600766770437349
13,480,3.0,3.4373971848866036
13,481,3.0,3.570965175495796
13,482,5.0,3.3957040208979996
13,483,5.0,3.5865600769755934
13,488,3.0,3.2902486516692875
13,493,5.0,3.3779945355153322
13,498,4.0,3.781222766162838
13,501,5.0,3.491126812679376
13,502,5.0,3.4623786870811903
13,505,3.0,3.3685431375815904
13,508,3.0,3.3879644968627183
13,509,5.0,3.2853891428303865
13,514,5.0,3.4420203570107626
13,516,5.0,3.2802225388366173
13,517,5.0,3.723722984326616
13,519,5.0,3.2972218297912645
13,520,4.0,3.4743177046999296
13,524,4.0,3.401546179033644
13,526,3.0,3.583485612319954
13,530,5.0,3.3723988715061517
13,539,1.0,3.54335536212543
13,540,3.0,3.4338821539470348
13,546,3.0,3.6294478453660313
13,548,3.0,3.5124335098838237
13,564,1.0,3.567627263144779
13,567,1.0,3.3576919752210443
13,570,5.0,3.2876143686203987
13,588,4.0,3.4756722172416845
13,589,3.0,3.316652719053747
13,596,3.0,3.5744202647244543
13,597,3.0,3.7596194175811224
13,601,4.0,3.356648039158297
13,604,5.0,3.2709374012421186
13,610,2.0,3.2352055986080996
13,612,4.0,3.269835454032793
13,614,4.0,3.276707643548436
13,615,4.0,3.3321472392646854
13,617,3.0,3.3601557532331108
13,624,5.0,3.5610622647749253
13,625,2.0,3.4446606292074886
13,632,3.0,3.327554192687997
13,651,5.0,3.7405544494839
13,652,5.0,3.42923547770714
13,659,3.0,3.482551406399754
13,665,2.0,3.9390257079733724
13,673,3.0,3.4383547243323784
13,678,3.0,3.722065306852711
13,682,1.0,3.609921082371314
13,683,1.0,3.4493124395829478
13,685,5.0,3.6245615620106575
13,694,4.0,3.4139707284837346
13,705,5.0,3.354143448845355
13,716,4.0,3.5909973837551465
13,720,4.0,4.052371076979952
13,735,3.0,3.420647277675405
13,752,1.0,3.666685316083072
13,755,3.0,4.011846624507824
13,759,2.0,3.4448223949450933
13,764,2.0,3.568827124885634
13,766,4.0,3.3486714453691953
13,772,1.0,3.4610436330281784
13,776,2.0,3.4544656316431888
13,780,1.0,3.3394953204552165
13,781,3.0,3.5997070857478226
13,782,3.0,3.369818355052364
13,783,3.0,3.5704042686451385
13,784,1.0,3.6027567588589133
13,786,3.0,3.688296451469522
13,787,3.0,3.678808722091439
13,788,1.0,3.568819724756865
13,794,4.0,3.671184414822994
13,802,2.0,3.819971692300881
13,805,4.0,3.473507055830652
13,807,1.0,3.3456326507619463
13,808,2.0,3.811862325239566
13,809,4.0,3.7260649851657854
13,812,2.0,3.568131092448589
13,814,5.0,3.3963887701955233
13,816,1.0,3.3568464749280715
13,820,4.0,3.703878461363055
13,821,3.0,3.5636924321293053
13,823,5.0,3.5961112606660284
13,828,1.0,3.582873173959897
13,830,1.0,3.7196010769087327
13,831,3.0,3.9035269824666594
13,836,2.0,3.4913489746322437
13,839,1.0,3.5590411390018497
13,840,3.0,3.7176666392289808
13,842,2.0,3.5906386383568027
13,844,1.0,3.4046546950738175
13,847,4.0,3.4259248443406265
13,848,5.0,3.4463079375510643
13,852,1.0,3.678155700202132
13,854,1.0,3.4520568870140713
13,856,5.0,3.477414542228235
13,857,3.0,3.341364205240025
13,858,1.0,3.399844707626306
13,859,1.0,3.4693581752073857
13,860,1.0,3.6191218834665806
13,861,3.0,3.319468229803536
13,864,4.0,3.3742588476566513
13,866,3.0,3.706700280762
13,868,5.0,3.3722572988463435
13,869,3.0,3.5856513993190444
13,874,5.0,3.4239966126471955
13,875,1.0,3.682239641341794
13,876,2.0,3.6532465738160034
13,877,2.0,3.5277141136039267
13,878,1.0,3.642277425309216
13,885,1.0,3.385929076188922
13,887,5.0,3.425077019026755
13,888,2.0,3.4201360294298992
13,890,1.0,3.534168706705274
13,892,3.0,3.6857507829540896
13,894,1.0,3.579580330463923
13,898,1.0,3.617231588941857
13,901,1.0,3.395972640226769
13,906,3.0,3.5408944632638715
13,907,1.0,3.3748808396410612
13,908,1.0,3.3235128400131777
13,910,2.0,3.397772536640038
13,912,2.0,3.49893815758314
13,913,1.0,3.3497585223694193
13,915,5.0,3.324032269439551
13,918,3.0,3.317003554567305
14,7,5.0,4.729954090552384
14,9,4.0,4.401590794763826
14,13,4.0,4.429382416722957
14,14,3.0,4.567466470616769
14,15,4.0,4.4188211606453445
14,18,3.0,4.53680782150353
14,22,3.0,4.728213111175549
14,23,5.0,4.450074472022569
14,42,4.0,4.45875903101582
14,50,5.0,4.77960819167677
14,56,5.0,4.523024647531122
14,70,1.0,4.545254242649654
14,93,3.0,4.582266852865099
14,98,3.0,4.669305417512699
14,100,5.0,4.848073359989685
14,111,3.0,4.630946574557431
14,116,5.0,4.392580074939993
14,121,3.0,4.741003266338023
14,151,5.0,4.567362016997322
14,168,4.0,4.34954152300797
14,172,5.0,4.92945945997255
14,174,5.0,4.449130009418728
14,175,5.0,4.415184730667837
14,176,1.0,4.737889205502202
14,181,5.0,4.752832491391851
14,202,3.0,4.567828949242399
14,204,5.0,4.605319960707475
14,211,4.0,4.3541582121622096
14,213,5.0,4.546601153815723
14,242,4.0,4.587155456879012
14,269,4.0,4.592480598137362
14,275,4.0,4.549939425348495
14,283,4.0,4.7257411414338675
14,285,5.0,4.4575409157435315
14,313,2.0,4.73929523314861
14,357,2.0,4.344665692954669
14,408,5.0,4.782706406196253
14,455,4.0,4.469292381158465
14,474,4.0,4.398296048758871
14,475,3.0,4.575786229811499
14,477,4.0,4.70438436528304
14,492,4.0,4.323237005361833
14,498,5.0,4.73886730171308
14,509,5.0,4.3701592273700705
14,514,4.0,4.457867651901414
14,517,4.0,4.770326952901217
14,519,5.0,4.374817089392594
14,530,5.0,4.416879122113786
14,596,3.0,4.766997965965445
14,603,4.0,4.42309336779873
14,655,5.0,4.634415509786226
14,709,5.0,4.476542019417613
14,716,5.0,4.557019718396446
14,792,5.0,4.400073014997097
14,813,2.0,4.478184294445279
14,845,3.0,4.533419974351349
14,922,4.0,4.35493724759335
15,1,1.0,3.3712517779711195
15,7,1.0,3.533324098374489
15,9,4.0,3.173908722219715
15,18,1.0,3.280539013708171
15,20,3.0,3.387845717737218
15,25,3.0,3.6200950925400184
15,127,2.0,3.4244220063521884
15,137,4.0,3.4522002541216237
15,148,3.0,3.6289862829322805
15,222,3.0,3.69881554281412
15,244,2.0,3.6225763306434473
15,274,4.0,3.4666651590711615
15,278,1.0,3.5820618265125774
15,286,2.0,3.7484045267129558
15,289,3.0,3.573116102625702
15,300,4.0,3.563562240367477
15,301,4.0,3.564661797221264
15,307,1.0,3.6458151450783984
15,331,3.0,3.68046923408542
15,405,2.0,3.5683878335537713
15,411,2.0,3.7913750697196376
15,458,5.0,3.2260972925756413
15,459,5.0,3.22684742243257
15,471,4.0,3.687681220842985
15,473,1.0,3.412940857072374
15,476,4.0,3.49595918812683
15,508,2.0,3.3642790029623137
15,591,2.0,3.5981729068078714
15,620,4.0,3.6298201803181067
15,678,1.0,3.6967521619074595
15,685,4.0,3.5655669646443826
15,696,2.0,3.603028439068906
15,742,2.0,3.7172270018039577
15,744,4.0,3.565279422083592
15,749,1.0,3.7883775385816447
15,754,5.0,3.461999668408495
15,815,1.0,3.650553662214169
15,864,4.0,3.3874287694011933
15,889,3.0,3.437222141433536
15,924,3.0,3.4609101354256024
15,929,1.0,3.5196663086400752
15,932,1.0,3.654905202052563
15,933,1.0,3.641505636034421
15,937,4.0,3.471117326264435
16,7,5.0,4.938714210570914
16,8,5.0,4.975064465461388
16,9,5.0,4.563595357815796
16,22,5.0,5.0
16,27,2.0,4.6137548031733875
16,28,5.0,4.943435698893854
16,31,5.0,4.8625908559802316
16,51,4.0,4.867378252215393
16,55,5.0,5.0
16,56,5.0,4.702566213521901
16,64,5.0,4.635324400649003
16,69,5.0,4.8687633039333695
16,70,4.0,4.753198521558506
16,76,5.0,4.783491596617259
16,89,2.0,4.680411112211345
16,92,4.0,5.0
16,96,5.0,4.818742014793779
16,99,5.0,4.679252365937388
16,134,4.0,4.450784566255013
16,144,5.0,4.700268777260967
16,151,5.0,4.671584514260888
16,155,3.0,4.554246388979643
16,156,4.0,4.699306869768804
16,160,4.0,4.46082518757891
16,161,5.0,4.715284427134241
16,164,5.0,5.0
16,168,4.0,4.47111071800328
16,174,5.0,4.584965922834361
16,178,5.0,4.469328878182153
16,182,5.0,4.713192198406729
16,183,5.0,4.980371011683033
16,191,5.0,4.630291067266082
16,194,5.0,4.806956996647164
16,195,5.0,4.982038572497891
16,197,5.0,4.7902818764199075
16,209,5.0,4.727544027160314
16,228,5.0,4.742497360778912
16,230,5.0,4.708872632964662
16,233,5.0,4.531094712987094
16,284,1.0,4.817963811586858
16,288,3.0,4.7930631052730615
16,294,4.0,4.480069025530864
16,300,5.0,4.715152756122354
16,318,5.0,4.764411006875163
16,357,5.0,4.5147374691251825
16,418,5.0,4.763957447195903
16,443,5.0,4.592350705547159
16,447,5.0,4.487917142255895
16,471,3.0,4.869101297026022
16,479,5.0,4.613596429029711
16,482,5.0,4.662450016963962
16,496,5.0,4.507510248916295
16,504,5.0,4.612392628412079
16,546,4.0,4.803110649009067
16,564,1.0,4.752452747951583
16,602,5.0,4.679173180798485
16,603,5.0,4.603807955142565
16,606,4.0,4.47539744337769
16,629,4.0,4.581900768938977
16,654,5.0,4.769349713290983
16,655,5.0,4.756425629631122
16,657,5.0,4.729887845595886
16,692,4.0,5.0
16,693,4.0,4.656564896339444
16,705,5.0,4.58537514528608
16,735,3.0,4.672037783492775
16,761,2.0,4.842763135504015
16,812,2.0,4.725091636580739
16,940,2.0,4.604801405692771
16,942,4.0,4.639433520245401
16,944,1.0,4.901435736322243
17,1,4.0,3.4516285453559563
17,9,3.0,3.3350436442510882
17,13,3.0,3.317513082519432
17,125,1.0,3.8562667877078547
17,151,4.0,3.3927319460222956
17,237,2.0,3.699803129367533
17,245,2.0,3.855761293881732
17,508,3.0,3.5051353026034318
17,744,3.0,3.7229514528242484
18,1,5.0,4.464471388837224
18,12,5.0,4.326515505866536
18,13,5.0,4.214849462115256
18,14,5.0,4.468246686225552
18,19,3.0,4.261193195710444
18,25,3.0,4.424664509329798
18,26,4.0,4.3216215544651835
18,47,3.0,4.436485199860673
18,57,4.0,4.296742645787668
18,58,4.0,4.296742645787668
18,64,5.0,4.3118138603552705
18,69,3.0,4.543622833288692
18,70,4.0,4.452761800419414
18,71,4.0,4.515940947984682
18,82,3.0,4.383285163291346
18,86,4.0,4.4034718045115335
18,89,3.0,4.155092227004703
18,97,4.0,4.3009106736534415
18,99,5.0,4.273908497471046
18,113,5.0,4.2016066599291895
18,126,5.0,4.298440552175197
18,131,4.0,4.322672127584642
18,135,3.0,4.312520089450362
18,136,5.0,4.091007831160452
18,151,3.0,4.2752229578281105
18,152,3.0,4.281918407031194
18,154,4.0,4.198240677023768
18,162,4.0,4.104372347801311
18,169,5.0,4.395420444623775
18,170,5.0,4.503395372284658
18,179,4.0,4.156344146786629
18,180,4.0,4.361506694384894
18,181,3.0,4.456046015109599
18,182,4.0,4.278572429831772
18,185,3.0,4.286112167020731
18,186,4.0,4.42067689515265
18,188,3.0,4.357328105649591
18,190,4.0,4.292769254002347
18,191,4.0,4.279495367771977
18,193,5.0,4.194832119193837
18,194,3.0,4.359944987040027
18,195,3.0,4.395147967447031
18,196,3.0,4.133072302199948
18,199,3.0,4.300978897139563
18,202,3.0,4.541967569230838
18,209,4.0,4.428268334095023
18,214,4.0,4.277331708498686
18,215,3.0,4.166397385703832
18,224,5.0,4.279640557063692
18,234,3.0,4.152669615335007
18,237,3.0,4.419072625913474
18,241,3.0,4.582612510276742
18,275,5.0,4.432525042549473
18,276,5.0,4.351979038783849
18,286,5.0,4.603881023848641
18,318,5.0,4.424638401059224
18,367,4.0,4.297946708520071
18,387,4.0,4.353131536577647
18,393,3.0,4.2457623161825335
18,408,5.0,4.479808084511785
18,423,5.0,4.3278910818215195
18,428,3.0,4.10893589945828
18,432,4.0,4.404007542366728
18,443,3.0,4.149735380126426
18,451,3.0,4.42533538114002
18,462,3.0,4.239553577674209
18,463,4.0,4.188906066935986
18,479,4.0,4.1304215579544445
18,483,4.0,4.432336981763167
18,485,5.0,4.182816368545319
18,487,4.0,4.283569235322096
18,488,3.0,4.050838493667967
18,494,3.0,4.159907231187795
18,496,5.0,4.179157056365157
18,497,4.0,4.113135398987298
18,498,4.0,4.449753359797638
18,509,4.0,4.14240061697259
18,513,4.0,4.270751606198267
18,514,5.0,4.315826464452189
18,515,5.0,4.362363628767943
18,523,4.0,4.270193966324402
18,526,4.0,4.277358636930354
18,527,4.0,4.145517900495777
18,530,4.0,4.1689327870148
18,602,3.0,4.269084311539547
18,607,3.0,4.246820680760299
18,609,4.0,4.133615538409287
18,610,4.0,4.0326252240626195
18,629,3.0,4.221736319746536
18,630,3.0,4.354062222622863
18,647,4.0,4.342022596718856
18,659,4.0,4.252714841684167
18,660,5.0,4.12973020261335
18,692,3.0,4.729435615292186
18,699,5.0,4.2299988658903755
18,705,3.0,4.172272216248271
18,729,3.0,4.296742645787668
18,732,3.0,4.625908798461679
18,739,3.0,4.39109082078892
18,775,3.0,4.814661475650314
18,778,2.0,4.529482246670945
18,792,5.0,4.216954452548681
18,794,3.0,4.5713115073866515
18,863,3.0,4.112984424742685
18,921,5.0,4.473852862431455
18,923,5.0,4.138408813542419
18,950,3.0,4.286596721363222
18,953,3.0,4.415416987812823
18,954,3.0,4.156726550674988
18,955,4.0,4.564527789376805
18,960,4.0,4.356075200185743
18,961,3.0,4.3430677963175475
18,964,3.0,4.509069047132822
18,965,4.0,4.301586259793907
18,966,2.0,4.167536989123306
18,968,3.0,4.1006576841144895
18,970,3.0,4.168126623732568
18,971,4.0,4.401976443396896
19,4,4.0,4.0063370141355525
19,153,4.0,3.7142680221961544
19,201,3.0,3.8782588178101047
19,258,4.0,3.92807022442577
19,310,4.0,3.9456033692765065
19,313,2.0,4.127695179218232
19,382,3.0,3.8232132915161734
19,435,5.0,3.771670189719529
19,655,3.0,3.8888893626337087
19,692,3.0,4.068384227275381
20,1,3.0,3.956190235462169
20,11,2.0,3.4832529960154184
20,69,1.0,3.7144729383153345
20,87,5.0,3.3949546594727935
20,95,3.0,4.00383413151682
20,98,3.0,3.566773906227764
20,118,4.0,3.9873948645292234
20,121,3.0,3.8883995693646387
20,144,2.0,3.559476807117872
20,172,3.0,4.137586769301134
20,176,2.0,3.9150040619272097
20,186,3.0,3.746220159696626
20,194,3.0,3.549939225144015
20,208,2.0,3.463084541910521
20,252,4.0,4.010585447917122
20,288,1.0,3.5427935804374986
20,405,3.0,3.788721091166947
20,568,4.0,3.8279296214351493
20,597,3.0,3.7577357573184553
20,678,4.0,3.5599711744185982
20,742,4.0,3.6267670890180486
20,931,1.0,3.6983418387377216
21,56,5.0,2.8906216812266243
21,98,5.0,3.0200505342063764
21,100,5.0,3.251023377995543
21,103,1.0,3.0971448439557543
21,106,2.0,3.186670168593566
21,118,1.0,3.3127891186785328
21,121,1.0,3.200827282900654
21,129,4.0,3.324945625748273
21,148,1.0,3.1195899259265385
21,164,5.0,3.3906356056130194
21,184,4.0,3.4185445423500727
21,217,3.0,3.0883457402481085
21,218,4.0,2.867024768968262
21,219,5.0,2.9481577918667456
21,222,2.0,3.2095025280370466
21,234,5.0,3.0785903479798606
21,242,3.0,2.956087823371724
21,245,1.0,3.5569414187626025
21,258,4.0,3.384526730778389
21,288,3.0,3.382239337411784
21,291,3.0,3.1433355999643693
21,292,3.0,3.1072451611142515
21,294,3.0,2.944432484531515
21,295,3.0,3.3874116791044724
21,298,5.0,3.470854783229912
21,299,1.0,3.1850791561152727
21,319,2.0,3.068223136059705
21,320,3.0,2.774792289299377
21,324,4.0,2.9813401745710926
21,325,4.0,3.186670168593566
21,326,5.0,3.099107340580165
21,327,3.0,3.170123704083046
21,328,3.0,3.356570420113809
21,370,1.0,3.0868399216362707
21,396,2.0,3.112126743968993
21,424,1.0,3.010653533654534
21,439,1.0,2.9404224879229743
21,440,1.0,2.926182456281237
21,441,3.0,3.181114709768827
21,445,3.0,2.9877167333677535
21,447,5.0,2.945297620636643
21,448,4.0,3.0264540004925724
21,452,4.0,3.0322357716263983
21,457,1.0,3.1193704460309553
21,473,3.0,3.063913476798807
21,558,5.0,2.9915681720381793
21,565,3.0,3.2135404500313607
21,569,3.0,3.117704340812818
21,590,1.0,3.3285691752947337
21,591,3.0,3.1306316303974198
21,595,3.0,3.113951792888406
21,596,3.0,3.115271926074085
21,665,3.0,3.4856603096170193
21,668,1.0,3.0794287754549736
21,670,3.0,3.4077746554758925
21,671,5.0,2.9254160697005647
21,678,2.0,3.3257078532684075
21,687,2.0,3.1169426240428493
21,688,1.0,2.9995355169309743
21,696,2.0,3.0992525596803397
21,717,1.0,3.2735697752417083
21,741,3.0,3.2521939666224595
21,742,3.0,3.186670168593566
21,758,1.0,3.1369104408825397
21,773,3.0,2.8496833259346994
21,774,2.0,3.253030120145297
21,816,1.0,2.9849112522105807
21,820,3.0,3.2110465956038956
21,834,1.0,3.074131031890031
21,839,1.0,3.2135404500313607
21,844,4.0,2.9467997209840435
21,859,2.0,3.0100644173764115
21,860,2.0,3.266806460723373
21,875,4.0,3.2347813432304093
21,928,3.0,3.3094732483978264
21,930,1.0,3.1933209165845833
21,931,2.0,3.174061967612027
21,948,1.0,3.2253545706869766
21,974,3.0,3.0247794095242204
21,977,2.0,3.105736033631149
21,979,2.0,3.143079024137679
21,982,1.0,3.1933209165845833
21,985,2.0,2.9778758954132827
21,995,2.0,3.032600357461808
22,29,1.0,4.158268832634739
22,79,4.0,3.999409047478765
22,80,4.0,3.8209358405210203
22,96,5.0,3.8676961338592495
22,110,1.0,4.049567332836851
22,117,4.0,4.278346677457881
22,118,4.0,4.202300812722906
22,121,3.0,3.958367279887814
22,128,5.0,3.8852975687902296
22,153,5.0,3.5070497245674335
22,154,4.0,3.445593188888644
22,168,5.0,3.4426510658141654
22,172,4.0,4.258672078042476
22,173,5.0,4.1937260654764135
22,176,5.0,4.099618195277664
22,186,5.0,3.928445647409752
22,194,5.0,3.6719731189798104
22,195,4.0,4.117031366955308
22,204,5.0,3.819918569591496
22,208,5.0,3.6113974412495193
22,222,4.0,4.147649416604846
22,226,4.0,3.7785413229804523
22,227,4.0,3.9232080771407416
22,230,4.0,3.9816805851969397
22,238,5.0,3.4803334513426294
22,241,3.0,4.026613607876295
22,258,5.0,3.8067918353251597
22,294,1.0,3.4669930937145557
22,358,5.0,4.346307910328006
22,376,3.0,3.6279726509840464
22,377,1.0,3.787960171850674
22,386,3.0,3.469028549272038
22,393,4.0,3.501019391577785
22,399,4.0,4.26228597200738
22,403,5.0,4.146921007929194
22,407,3.0,3.5627286072071307
22,411,1.0,3.9696472666677862
22,433,3.0,3.544997684860504
22,435,5.0,3.742426978268562
22,455,5.0,3.566554371476025
22,456,1.0,3.770374840982822
22,502,4.0,3.609351302340025
22,510,5.0,3.7985864230012494
22,511,4.0,3.5381293743179714
22,550,5.0,3.7542447859532273
22,554,1.0,4.008928544288341
22,648,4.0,3.6682106573756768
22,683,1.0,3.533959890393649
22,687,1.0,3.64616120830776
22,692,4.0,3.8440672749738467
22,780,1.0,3.515631040145207
22,791,1.0,3.551643664272663
22,871,3.0,3.501937285017611
22,878,1.0,3.7997806403268357
22,948,1.0,3.77087038659108
22,997,1.0,3.462123814702103
22,999,4.0,3.55917283731672
22,1001,1.0,3.6985042816200697
23,1,5.0,4.202985473357621
23,13,4.0,3.8481505483956737
23,28,3.0,4.193890507019633
23,32,3.0,3.765937755241202
23,50,4.0,4.465540588784469
23,70,2.0,3.989009698352757
23,71,3.0,4.267937155676227
23,83,4.0,4.115016731815813
23,88,3.0,4.014335901143271
23,90,2.0,4.0649938655424425
23,98,5.0,4.0562251104699705
23,99,4.0,4.008875186738687
23,109,3.0,4.102504733949848
23,133,4.0,3.9751071527639983
23,143,3.0,3.804777669388335
23,170,4.0,4.074665376920117
23,172,4.0,4.568325629895847
23,177,4.0,3.9640861144308275
23,183,3.0,4.440492700167272
23,188,3.0,4.078673292664559
23,189,5.0,4.084314729569802
23,191,3.0,3.8897578787653986
23,196,2.0,3.7691534240975897
23,209,5.0,4.053765594367544
23,213,3.0,4.084380223501713
23,215,2.0,3.7786782091120075
23,219,1.0,3.797493652376455
23,222,4.0,4.424880922435146
23,228,4.0,4.339177921564025
23,229,3.0,4.2376515645525386
23,238,5.0,3.790259633600069
23,257,3.0,4.544269283641679
23,258,5.0,4.322509574814415
23,269,5.0,3.9641098572580007
23,315,3.0,3.8912681328063394
23,323,2.0,4.044835208029686
23,357,3.0,3.833227384627399
23,380,5.0,4.413844449081011
23,381,4.0,4.046108829070437
23,385,4.0,4.358907068588205
23,404,4.0,4.030813574894732
23,405,4.0,4.111273747245662
23,419,3.0,4.084998063154644
23,421,5.0,3.931346906707121
23,427,5.0,3.7260076928959025
23,463,4.0,3.8696303728928427
23,483,4.0,3.983108483589919
23,504,4.0,3.8428608487076508
23,511,5.0,3.853961200038692
23,512,5.0,4.081595839091378
23,516,4.0,3.766499001873035
23,518,5.0,3.8418174783315147
23,527,4.0,3.8754232961778046
23,528,4.0,3.9423233580020276
23,546,3.0,4.038631286934885
23,549,3.0,4.0646955163651315
23,662,3.0,3.9438250194076288
23,705,4.0,3.8571574261764066
23,710,4.0,3.8172650263847805
23,739,2.0,3.958621219734072
23,747,3.0,3.977450537090574
23,1005,3.0,3.8393937792918176
23,1006,3.0,4.0332927144147055
24,9,5.0,4.614629183311887
24,25,4.0,4.776368545336494
24,56,4.0,4.783382466523381
24,64,5.0,4.752134771724975
24,100,5.0,5.0
24,109,3.0,4.673809214968036
24,117,4.0,5.0
24,129,3.0,5.0
24,153,4.0,4.552205257358394
24,178,5.0,4.498078698494448
24,191,5.0,4.674198262437585
24,216,4.0,4.568228023921241
24,258,4.0,4.885440212518503
24,275,5.0,4.864134486324083
24,286,5.0,5.0
24,294,3.0,4.5124173156075935
24,318,5.0,4.8027458269067616
24,358,3.0,5.0
24,367,2.0,4.6501620125698295
24,372,4.0,4.6501620125698295
24,427,5.0,4.508202515486165
24,475,4.0,4.688786604304569
24,477,5.0,4.8735499802517825
24,508,4.0,4.615038768246796
24,662,5.0,4.900150459458025
24,742,4.0,4.968741897570888
24,763,5.0,4.578747453548101
25,8,4.0,4.674012337920502
25,13,4.0,4.214372562182405
25,25,5.0,4.384529643293014
25,50,5.0,4.8264744126958465
25,114,5.0,4.16475364450542
25,127,3.0,4.479004320632784
25,135,3.0,4.6043153977927656
25,151,4.0,4.421294749436754
25,169,5.0,4.5006445792675125
25,174,5.0,4.309217618669002
25,181,5.0,4.82438620886404
25,189,5.0,4.50314634650299
25,197,3.0,4.430972161989477
25,208,4.0,4.239465481587221
25,222,4.0,4.671325561798333
25,228,4.0,4.594384318418941
25,238,4.0,4.178004191638706
25,239,4.0,4.62455409274823
25,257,4.0,4.868464192295056
25,258,5.0,4.686290403828107
25,269,4.0,4.337523767760953
25,275,4.0,4.384250801620156
25,357,4.0,4.180187864608854
25,427,4.0,4.189152657613198
25,432,2.0,4.548379032892351
25,455,4.0,4.2557091026921325
25,477,4.0,4.528749406395689
25,478,5.0,4.457538843179456
25,480,4.0,4.308356440487461
25,498,4.0,4.616942979641358
25,501,3.0,4.60031038909023
25,520,3.0,4.424713764740097
25,615,5.0,4.226662312409972
25,633,4.0,4.235296785480058
25,729,4.0,4.229502807454249
25,742,4.0,4.499088792213468
25,969,3.0,4.337316308831831
26,7,3.0,3.447405569035284
26,9,4.0,3.0886293111725283
26,13,3.0,3.072007979524797
26,15,4.0,3.06793211756923
26,25,3.0,3.4528196265992643
26,100,5.0,3.6567886031156505
26,117,3.0,3.8905338178669027
26,125,4.0,3.577439318086954
26,127,5.0,3.398981730862255
26,150,3.0,3.5112570702140173
26,235,2.0,3.689159026137415
26,237,3.0,3.427702172982393
26,240,3.0,3.203793019965193
26,255,3.0,3.3135342579371083
26,257,3.0,3.79219024641681
26,258,3.0,3.6467126772605383
26,269,4.0,3.4246424053563946
26,286,3.0,3.58079859627082
26,292,3.0,3.3189295294528427
26,294,3.0,3.16558691569261
26,315,3.0,3.1930568112271582
26,321,3.0,3.375579925330346
26,322,3.0,3.3404388076676508
26,333,3.0,3.517553452634785
26,343,3.0,3.5392888637227298
26,410,2.0,3.3598478645114334
26,455,3.0,3.2484134176510184
26,476,3.0,3.3377878355115507
26,508,3.0,3.2078572449128226
26,597,2.0,3.6900486009418905
26,685,3.0,3.5207178392940506
26,742,3.0,3.5877382178595636
26,864,2.0,3.2474502506361853
26,871,2.0,3.2351933943242996
26,926,2.0,3.3598478645114334
26,930,2.0,3.657248803862302
26,979,3.0,3.5004958517287434
26,1008,3.0,3.1993449531610185
26,1009,2.0,3.264993616932218
26,1015,3.0,3.37072344694614
26,1016,3.0,3.8297789727127842
27,100,5.0,3.9009782643776134
27,121,4.0,3.850367994119418
27,246,4.0,3.522363757151349
27,281,3.0,3.74187248361196
27,295,3.0,3.7857942070346957
27,298,4.0,3.781603171333942
27,325,2.0,3.9363383939474703
27,370,4.0,3.8023681666740154
27,475,2.0,3.7407930329720376
27,508,3.0,3.5802568934166477
27,515,4.0,3.686167306214976
27,596,2.0,3.6480105593360075
27,742,3.0,3.9363383939474703
27,925,3.0,3.8441795533395275
27,978,2.0,3.6880739789071786
28,7,5.0,4.403642856905523
28,12,4.0,4.102255618394002
28,50,4.0,4.437205441955812
28,70,4.0,3.789859748778997
28,79,4.0,4.212293618943914
28,89,4.0,4.093030824881277
28,95,3.0,3.9579073794246944
28,98,5.0,4.070728743913569
28,100,5.0,4.205367519913987
28,143,4.0,3.7546408146570234
28,145,3.0,4.572883281293448
28,153,3.0,3.7494563898165305
28,173,3.0,4.0978319466886735
28,174,5.0,3.862103953968213
28,184,4.0,4.522203326272593
28,201,3.0,4.059608906505985
28,209,4.0,3.957800485633438
28,217,3.0,3.9919534696966297
28,218,3.0,3.838965746301623
28,222,5.0,4.462862634641583
28,223,5.0,3.9934198660090234
28,228,5.0,4.311118698513588
28,234,4.0,3.964386962091079
28,258,5.0,4.3944304937619485
28,271,4.0,4.4666524880658
28,282,4.0,3.8518815388509875
28,294,3.0,3.7182745641096018
28,380,4.0,4.439400884390874
28,423,2.0,4.09350260233431
28,436,5.0,3.9105881499034214
28,441,2.0,4.163492594489248
28,450,1.0,4.314755313733119
28,479,4.0,3.9929435841915666
28,480,5.0,3.8620994829438104
28,568,4.0,4.201366221159449
28,646,4.0,3.6745028554654082
28,665,3.0,4.604632565834156
28,678,2.0,4.070368492383427
28,800,4.0,4.197548432059628
28,895,4.0,4.264547176022408
29,98,4.0,4.331544031011636
29,189,4.0,4.113724707752048
29,245,3.0,4.964711784623757
29,259,4.0,4.251747446265228
29,269,4.0,4.431923235121454
29,270,4.0,4.66483301117444
29,294,4.0,4.171024736687353
29,302,4.0,4.581307059327722
29,332,4.0,4.671702267151511
29,343,3.0,4.383987606480671
29,358,2.0,4.680794943416747
29,539,2.0,4.247501363988216
29,678,3.0,4.642016146555996
29,689,2.0,4.752941816030584
29,748,2.0,4.8166925958525955
29,874,4.0,4.270582452258034
29,1018,4.0,4.056352129011719
30,7,4.0,4.369672447425334
30,28,4.0,4.290851059091597
30,82,4.0,4.655025051750535
30,181,4.0,4.699844538319995
30,231,2.0,4.522050777925074
30,255,4.0,4.219374294404091
30,286,5.0,4.306456240670101
30,289,2.0,4.109207607922157
30,294,4.0,4.039083177014733
30,301,4.0,4.251919886596466
30,435,5.0,4.10921725556354
30,531,5.0,4.215062936046985
30,538,4.0,4.260400817057159
30,539,3.0,4.253272117664993
30,678,2.0,4.289020571739847
30,688,3.0,4.085920710610732
30,1007,5.0,3.9936610174991207
30,1013,3.0,4.721076633448243
31,79,2.0,4.237151353647044
31,124,4.0,4.205460997170538
31,135,4.0,4.305027889950728
31,302,4.0,4.5748357689875965
31,321,4.0,4.046182428125373
31,484,5.0,4.242929798100285
31,493,5.0,4.094172960630248
31,498,4.0,4.26770930844212
31,504,5.0,4.081119470396107
31,514,5.0,4.1036062736908905
31,682,2.0,4.337335759980714
31,705,5.0,4.096964216077111
31,886,2.0,4.41059816369611
32,100,3.0,4.201990910665466
32,117,3.0,4.386957783628426
32,118,3.0,4.323948963400957
32,122,2.0,3.883615159665896
32,151,3.0,3.7493468755012045
32,235,3.0,4.350356932009053
32,245,2.0,4.372841954049674
32,246,4.0,4.15859022372209
32,249,4.0,3.7399707473999024
32,250,4.0,4.269037294375548
32,257,4.0,4.431130151884016
32,259,2.0,3.842270950662573
32,276,4.0,3.807015976374584
32,290,3.0,3.773235608220599
32,294,3.0,3.7316927255332337
32,591,3.0,4.0208549121532435
32,866,3.0,4.069032433919243
32,1012,4.0,3.8929525277321577
32,1016,1.0,4.292950380574447
33,258,4.0,4.291221045871623
33,292,4.0,4.130277717301423
33,307,3.0,4.468874877654847
33,313,5.0,4.448217108889906
33,328,4.0,4.425062751004302
33,333,4.0,4.414581454354051
33,343,4.0,4.265335395875114
33,751,4.0,4.349598139237482
33,872,3.0,3.9915305983692977
33,895,3.0,4.394784101912126
34,242,5.0,3.9870816676522716
34,245,4.0,4.340875273026399
34,259,2.0,4.178894020204997
34,286,5.0,4.113858469449862
34,299,5.0,4.282349932707998
34,310,4.0,4.49186324486493
34,312,4.0,4.208984728478907
34,329,5.0,3.999823133224247
34,332,5.0,4.368482622076722
34,690,4.0,4.235816643517072
35,242,2.0,3.115759412687422
35,243,2.0,3.611291169916525
35,259,4.0,3.5181331299425462
35,322,3.0,3.6425749795737987
35,332,4.0,3.7020732542496466
35,680,4.0,3.866736373973198
35,877,2.0,3.4772151493967742
35,1025,3.0,4.484912219832832
36,268,2.0,4.520364938336677
36,269,3.0,4.61453579510461
36,307,4.0,4.709325666768745
36,310,4.0,4.582155827671199
36,319,2.0,4.425841374024289
36,339,5.0,4.478009694117257
36,682,1.0,4.586989295925198
36,748,4.0,4.749970261813764
36,882,5.0,4.383177722963586
36,883,5.0,4.335433986740745
36,885,5.0,4.11310166449011
37,11,4.0,3.748516714519122
37,22,5.0,4.12508232304744
37,24,4.0,4.21567222238912
37,55,3.0,4.033139108513698
37,56,5.0,3.6469561936072514
37,79,4.0,4.242309554868029
37,117,4.0,4.5913711200386045
37,161,5.0,4.001442526472176
37,176,4.0,4.382482282837885
37,183,4.0,4.3757404460552936
37,195,5.0,4.42732607987992
37,222,3.0,4.42905453245278
37,265,4.0,3.978708505521335
37,288,4.0,3.8498704688439442
37,363,3.0,3.8169649144003523
37,403,5.0,4.3058140584656215
37,540,2.0,3.798985427757211
37,597,5.0,4.2884744166025985
37,685,3.0,4.1087236624000445
37,948,4.0,3.639862559196266
38,1,5.0,4.567168876758741
38,22,5.0,4.390666513630397
38,28,4.0,4.36407256567947
38,67,4.0,4.092022331466879
38,71,5.0,4.6552359873119675
38,79,3.0,4.429773095151205
38,82,5.0,4.372454419770553
38,88,5.0,4.262633668020113
38,94,5.0,4.570221216794758
38,95,5.0,4.679172073718414
38,99,5.0,4.370784369478792
38,118,5.0,4.574217113443371
38,122,1.0,4.26098871727387
38,133,2.0,4.209398571481747
38,139,2.0,4.419994863640152
38,140,5.0,4.395593741107559
38,145,1.0,4.386421267710472
38,153,5.0,4.11778070165389
38,161,5.0,4.213688812421181
38,211,1.0,4.072785872708066
38,216,5.0,4.17335240541334
38,218,3.0,4.12724163131799
38,225,5.0,4.509567934788187
38,226,1.0,4.318861427964109
38,234,5.0,4.227839355468704
38,252,5.0,4.46274319279409
38,257,1.0,4.555616013247981
38,318,3.0,4.264131979417119
38,328,4.0,4.4716869123900995
38,383,2.0,4.665157862603037
38,384,5.0,4.047753664771463
38,389,5.0,4.557566320145234
38,392,5.0,4.1503284663750515
38,393,5.0,4.116567985942029
38,403,1.0,4.417472167872405
38,404,5.0,4.401116074953509
38,419,5.0,4.454546874514223
38,423,5.0,4.3868882020027335
38,424,3.0,4.236268362206502
38,432,1.0,4.526318655078308
38,444,1.0,4.327851629263975
38,450,1.0,4.2490871430824
38,465,5.0,4.746005766000236
38,508,2.0,4.126611116959728
38,526,1.0,4.24364121145572
38,550,2.0,4.255056187033793
38,573,1.0,4.427468624136528
38,616,3.0,4.203966809726687
38,672,3.0,4.119776579994584
38,679,5.0,4.212991209551749
38,720,5.0,4.596868021412446
38,758,1.0,4.245659579399463
38,780,4.0,4.105270861260973
38,838,2.0,4.128977297525833
38,916,5.0,4.314042043939917
38,1014,5.0,4.166119291417494
38,1030,5.0,4.194116884316001
38,1034,1.0,4.476088351910276
39,258,4.0,4.536044631408408
39,300,3.0,4.491337136804379
39,306,3.0,4.1900633654035495
39,315,4.0,4.073191338991022
39,333,4.0,4.630126380714032
39,345,3.0,4.411386563182049
39,347,4.0,4.431439158289301
39,352,5.0,4.404021857799956
39,900,3.0,4.449795069098503
40,243,2.0,3.3828418040749506
40,258,3.0,3.5313578699744785
40,268,4.0,3.314370580779583
40,271,2.0,3.508138941867526
40,294,4.0,3.1373582381793064
40,303,4.0,3.219386855277813
40,333,4.0,3.5374065814462976
40,340,2.0,3.225885597475969
40,345,4.0,3.3229856177719714
40,347,2.0,3.3441195490421887
40,750,3.0,3.37519164625182
40,754,4.0,3.340452323607699
40,880,3.0,3.2147141044180048
41,1,4.0,4.203112508822494
41,28,4.0,4.299515356717153
41,31,3.0,4.358374016249214
41,69,4.0,4.428404921240935
41,98,4.0,4.2633720896331395
41,100,4.0,4.379555800500725
41,153,4.0,4.080483545531775
41,170,4.0,4.30341100194461
41,174,4.0,4.103312488341304
41,181,4.0,4.699011321183013
41,209,4.0,4.375812483981538
41,265,3.0,4.199260088179397
41,286,4.0,4.4634372486709015
41,289,2.0,4.2253513862159435
41,313,3.0,4.396417763236579
41,423,2.0,4.394594125108298
41,435,3.0,4.161380057543399
41,486,4.0,4.228891451168108
41,518,3.0,4.122352572273671
41,746,3.0,4.124333658022741
41,751,4.0,4.252346844968983
42,12,4.0,3.981066030618697
42,25,3.0,4.116260156247096
42,28,5.0,4.14664750200761
42,44,3.0,4.011894144476995
42,48,5.0,3.758790566689763
42,63,4.0,4.121017103079435
42,69,4.0,4.114279649845977
42,70,3.0,4.0444152799603685
42,72,3.0,4.170687806112013
42,77,5.0,4.301686713443021
42,79,5.0,4.266226473738518
42,82,4.0,4.337805847105174
42,88,5.0,4.103559952447233
42,95,5.0,4.261709900076481
42,96,5.0,4.098976624345013
42,98,4.0,4.045572817900696
42,99,5.0,3.9639793636295675
42,102,5.0,4.045183754528502
42,118,4.0,4.362791166003378
42,121,4.0,4.20411308569771
42,131,2.0,4.002998403604642
42,142,4.0,4.090159576235216
42,143,4.0,3.7744882132520705
42,172,5.0,4.460688895215657
42,176,3.0,4.232624319142393
42,183,4.0,4.174711653901776
42,185,4.0,3.9777609809023744
42,194,5.0,3.952967444637934
42,195,5.0,4.263939747426201
42,196,5.0,3.7689969346075
42,204,5.0,4.0696494689789295
42,210,5.0,3.918951281504703
42,211,4.0,3.7780415685246336
42,215,5.0,3.787637229609853
42,216,5.0,3.866817832099763
42,222,4.0,4.313777591048875
42,230,5.0,4.123267961669912
42,234,4.0,3.876700872144461
42,265,3.0,3.992547354915451
42,274,5.0,4.1818073197885255
42,276,1.0,4.004247228583786
42,280,4.0,4.142311647971295
42,281,3.0,4.098235479561854
42,357,5.0,3.7980413565780373
42,367,2.0,3.908713980299622
42,380,4.0,4.26147182226122
42,403,3.0,4.225894118894106
42,404,5.0,3.9765444491898774
42,405,4.0,4.135215463349457
42,409,3.0,4.212345310320731
42,410,3.0,3.9871258601021786
42,413,1.0,3.776542544950371
42,418,5.0,4.064469422819964
42,423,5.0,4.090927788928516
42,428,3.0,3.756156541841603
42,432,3.0,4.066670623573696
42,451,2.0,4.029975714782899
42,456,3.0,3.8958262026476507
42,479,4.0,3.819572853991946
42,496,5.0,3.83228169633727
42,506,3.0,3.778162889558184
42,521,2.0,3.945482321012775
42,546,3.0,4.050520851148711
42,566,5.0,4.102632170186902
42,568,4.0,4.285731237655881
42,588,5.0,4.078354744238866
42,603,4.0,3.8076078429824074
42,606,3.0,3.7776897382547525
42,625,3.0,4.03312703679017
42,684,4.0,4.196525918626786
42,685,4.0,4.046300967109575
42,692,4.0,4.299498415737149
42,732,5.0,4.231034420890283
42,736,5.0,4.265456227688623
42,742,4.0,4.199636786246469
42,746,3.0,3.7659148760862435
42,781,4.0,4.066978377265457
42,785,4.0,4.513359312172864
42,794,3.0,4.19221166838856
42,834,1.0,3.8259533589778534
42,845,5.0,3.934196812156798
42,866,4.0,4.252909063324533
42,925,4.0,4.178916284428017
42,939,4.0,4.187520948582536
42,953,2.0,4.001506874128595
42,977,2.0,4.11326875699659
42,999,4.0,3.8461290238078902
42,1028,4.0,4.006665266604925
42,1040,3.0,4.319373452914623
42,1041,4.0,4.071169074434467
42,1043,2.0,3.85588215243588
42,1044,4.0,4.217074816475702
42,1045,2.0,4.015146707062357
42,1049,3.0,3.9061145641349055
42,1051,4.0,4.116260156247096
43,1,5.0,4.307007677493592
43,5,4.0,4.258453862628131
43,7,4.0,4.210856649148023
43,11,5.0,4.02473094241226
43,14,2.0,4.140485981919897
43,15,5.0,3.9446488265087662
43,17,3.0,4.326446092170175
43,26,5.0,4.080564101548324
43,40,3.0,3.893122356587466
43,47,1.0,4.1227231927236705
43,49,4.0,4.119468979419735
43,50,4.0,4.276877494767158
43,51,1.0,4.175057706429657
43,52,4.0,3.948091476136792
43,54,3.0,4.3924161626015366
43,56,5.0,3.9715896784794014
43,63,3.0,4.211021961941085
43,64,5.0,3.9849235028527694
43,66,4.0,4.3305067701299675
43,71,4.0,4.293768644336313
43,77,3.0,4.304312593640309
43,91,3.0,4.3441232460948545
43,95,4.0,4.39921185522919
43,98,5.0,4.06930282913753
43,114,5.0,3.884647027542799
43,117,4.0,4.455886714628605
43,118,4.0,4.360507136933618
43,120,4.0,4.24252468259615
43,137,4.0,3.9695595256237204
43,151,4.0,4.041005805248334
43,153,5.0,3.907600845928815
43,155,4.0,3.897446616629984
43,161,4.0,4.073609342328583
43,173,5.0,4.379005745867354
43,175,2.0,3.8401599743619266
43,181,4.0,4.265955577653798
43,191,5.0,3.9331764386359023
43,203,4.0,3.8115010260746622
43,204,4.0,4.084750572637587
43,210,5.0,3.9402095988624124
43,215,5.0,3.806192276723731
43,216,5.0,3.930826512602758
43,225,2.0,4.1647126400193875
43,235,3.0,4.325903015231498
43,237,4.0,4.139794737259839
43,238,2.0,3.8296512719795426
43,241,4.0,4.299981377145759
43,252,4.0,4.289348314909445
43,271,3.0,4.2728183384038125
43,272,5.0,3.9181576997961796
43,275,4.0,4.133289147840878
43,284,5.0,4.211555672967762
43,285,4.0,3.9471136138630785
43,286,4.0,4.282604339985261
43,289,4.0,4.156091587531523
43,298,4.0,4.242709127832271
43,300,5.0,4.105227188227224
43,302,4.0,4.013275579356893
43,315,4.0,3.974367639140449
43,316,5.0,4.1490486024093665
43,318,5.0,4.086972956293352
43,321,3.0,4.090459665839605
43,323,3.0,4.144180426579972
43,328,4.0,4.287885226007894
43,336,4.0,4.004503154314409
43,371,4.0,4.137951936172535
43,382,5.0,4.111922075496224
43,393,4.0,3.9522427256743464
43,402,4.0,4.293026658132009
43,403,4.0,4.266917406092256
43,405,4.0,4.142775682915438
43,409,3.0,4.323213525264185
43,423,4.0,4.077103319088857
43,432,3.0,4.151346881549558
43,471,3.0,4.162699575426308
43,486,4.0,4.137284963022877
43,498,5.0,4.2253393174774585
43,501,4.0,4.1463308707705115
43,516,5.0,3.826375658968501
43,531,4.0,4.272962422397379
43,553,4.0,4.220020960487702
43,568,4.0,4.376695530514362
43,596,3.0,4.240113566136042
43,597,3.0,4.243604077105944
43,628,3.0,4.0975728434055565
43,631,2.0,4.338977551295175
43,648,5.0,4.1297946575462054
43,684,4.0,4.255343145975535
43,692,5.0,4.429141140189517
43,705,4.0,3.9010103357009034
43,724,4.0,4.139746933192111
43,732,4.0,4.321036716713391
43,751,2.0,4.244992588710307
43,792,1.0,3.9333687222282316
43,815,4.0,4.261129254093475
43,820,2.0,4.392832075814139
43,847,5.0,3.9547358413830573
43,866,4.0,4.3685877685985215
43,879,4.0,4.306732459403631
43,931,1.0,4.06700282062956
43,944,2.0,4.262135945688344
43,946,4.0,4.1133881487996256
43,950,3.0,3.992532503018708
43,951,3.0,4.243290911383117
43,956,1.0,4.016911036084202
43,966,4.0,3.859206209210465
43,993,3.0,4.46926294016771
43,1053,3.0,4.358293154438979
43,1057,2.0,4.202540321800794
44,5,4.0,4.191810212314719
44,9,5.0,3.8101096513107513
44,11,3.0,3.9456287729124147
44,15,4.0,3.8357901474902776
44,21,2.0,4.299956187190171
44,55,4.0,4.420512334022841
44,56,2.0,3.9029494963078397
44,82,4.0,4.384326798670155
44,88,2.0,3.9364614600004377
44,91,2.0,4.218481924156176
44,95,4.0,4.327157442676906
44,96,4.0,4.227617505517263
44,106,2.0,4.102210589272114
44,118,3.0,4.327815850962198
44,120,4.0,3.997195694634003
44,123,4.0,4.13017592501183
44,147,4.0,4.067657525004853
44,148,4.0,4.149184992061539
44,153,4.0,3.8376825624114517
44,155,3.0,3.863948170589797
44,161,4.0,4.058822191853054
44,164,4.0,4.64871105827928
44,168,5.0,3.7297005029493944
44,174,5.0,3.9518424495092157
44,176,5.0,4.517364577027841
44,185,4.0,4.034191899248227
44,191,4.0,3.9346225392027434
44,193,3.0,3.8559935406057857
44,195,5.0,4.443697128213234
44,202,4.0,3.9861642014289127
44,204,4.0,4.196332889186616
44,208,4.0,3.8875996299627857
44,209,5.0,4.015879732749422
44,214,5.0,4.040011472828356
44,216,1.0,3.8519269265157385
44,227,4.0,4.225097991575245
44,228,5.0,4.284955955230906
44,229,3.0,4.204260781069873
44,230,2.0,4.249888317613913
44,237,3.0,3.9853804589345123
44,238,4.0,3.7741479664333557
44,240,4.0,3.914512718587109
44,245,4.0,4.632818941996534
44,250,5.0,4.334763502778122
44,252,2.0,4.433174033166671
44,257,4.0,4.5345635050808335
44,258,4.0,4.3954955493403505
44,274,4.0,4.079039504109311
44,294,4.0,3.7772072928509086
44,317,4.0,3.8371336164437464
44,357,4.0,3.781450273200796
44,378,3.0,3.7743690108234595
44,385,3.0,4.34128623197615
44,412,1.0,3.9136673522830843
44,433,4.0,3.8322915929709214
44,434,4.0,3.916929666493477
44,443,5.0,3.9137285269252953
44,449,5.0,4.278286555653612
44,470,3.0,3.731465014073309
44,474,4.0,3.9799838671911227
44,507,3.0,3.8305633258900564
44,530,5.0,3.8875296089440265
44,542,3.0,4.322490850064104
44,588,4.0,4.116207336280365
44,603,4.0,3.8607758235126326
44,644,3.0,3.816815383098876
44,660,5.0,3.739036817394514
44,665,1.0,4.42997221244755
44,717,3.0,4.236340683359338
44,755,3.0,4.630591218560097
44,1058,4.0,4.363192948147047
45,1,5.0,3.996385303037127
45,15,4.0,3.657308516370768
45,21,3.0,4.196264302650412
45,25,4.0,4.173218746267775
45,100,5.0,4.122636632454031
45,108,4.0,3.790080498356274
45,109,5.0,3.9701992164906605
45,118,4.0,4.285158440395471
45,121,4.0,4.089183333687172
45,127,5.0,3.801155693037824
45,237,4.0,4.004754611011358
45,276,5.0,3.720493449403077
45,472,3.0,4.2287410333047575
45,473,3.0,4.058859822296016
45,476,3.0,4.027144311789007
45,763,2.0,3.927045479082322
45,952,4.0,3.688319792936334
45,1060,3.0,4.216927032760251
45,1061,2.0,4.126987717106397
46,7,4.0,4.547973423748331
46,127,5.0,4.673851709540529
46,151,4.0,4.333675885197997
46,181,4.0,4.752577037124684
46,288,2.0,4.554791457244401
46,294,2.0,4.414799815420066
46,307,3.0,4.868193566227673
46,313,5.0,5.0
46,327,4.0,4.795766929705126
46,328,4.0,4.910145834069476
46,333,5.0,4.786699678327055
46,538,3.0,4.578765742085643
46,690,5.0,4.653073132255916
46,909,5.0,4.283569401192305
46,1024,5.0,4.459718601457246
46,1062,5.0,4.525935189935687
47,268,4.0,4.148887343915457
47,292,4.0,4.2171218176512175
47,302,5.0,4.060356406909874
47,306,4.0,3.866550513983017
47,321,4.0,3.826642251300415
47,323,2.0,4.067597567291839
47,324,3.0,4.0515194408276
47,340,5.0,4.0662711569080905
47,995,3.0,4.037146075498047
48,28,2.0,4.120184702132072
48,50,4.0,4.107940199799925
48,71,3.0,4.148851912133571
48,132,5.0,4.265154667209306
48,170,4.0,4.063421297562523
48,172,5.0,4.264130989446867
48,174,5.0,3.8413664809155565
48,181,5.0,4.230992405980538
48,187,5.0,4.070259787517162
48,195,5.0,4.336958727343349
48,202,4.0,3.9582897700236286
48,210,3.0,3.8974158389747156
48,228,3.0,3.959837908726779
48,259,4.0,4.147368239000064
48,266,3.0,3.9766424356792394
48,286,3.0,4.242378341694355
48,306,4.0,3.9941674723238796
48,308,5.0,4.147002949656605
48,309,3.0,4.024829948820692
48,423,4.0,4.131069225987879
48,425,3.0,3.8403274828442338
48,427,4.0,3.851519979364093
48,433,3.0,3.9452151502869968
48,511,5.0,3.9098775920322284
48,522,2.0,4.024110525792674
48,603,4.0,3.9561173187489533
48,609,4.0,3.8379271199031573
48,654,5.0,4.112597286282077
48,656,4.0,4.135692154522278
48,661,5.0,3.769228443193449
48,680,3.0,3.9766424356792394
48,690,4.0,4.101728070319998
48,988,2.0,4.137796540450838
49,1,2.0,3.42274027100598
49,3,3.0,3.0334364550440918
49,7,4.0,3.3631289000677382
49,10,3.0,3.0868483495374193
49,11,3.0,3.1287526864015094
49,17,2.0,3.3461194220189103
49,38,1.0,3.3840171287019367
49,39,2.0,3.352384072664405
49,40,1.0,2.9502755889469334
49,47,5.0,3.2112714908733175
49,49,2.0,3.1422375855914604
49,52,2.0,3.037745037460621
49,53,4.0,3.098623617405332
49,55,4.0,3.517566485400232
49,56,5.0,3.1089754616203082
49,68,1.0,3.4614820495908827
49,70,2.0,3.1806325734253975
49,72,2.0,3.3920669756480817
49,95,2.0,3.5335324007551954
49,100,4.0,3.3653173033665045
49,101,3.0,3.367496263054389
49,102,2.0,3.240793974775726
49,108,2.0,2.937756171576307
49,111,2.0,3.1712141660613447
49,116,4.0,2.968524868212825
49,117,1.0,3.475600871453293
49,122,2.0,3.1167511677844795
49,123,1.0,3.3578554537528484
49,129,2.0,3.4555546265182446
49,143,3.0,2.893628371214047
49,148,1.0,3.225203184133117
49,151,5.0,3.152005613037032
49,168,5.0,2.8791882657744168
49,172,1.0,3.5078231898656673
49,173,3.0,3.3264646360763117
49,175,5.0,2.9751131982788235
49,179,5.0,3.0530511315763835
49,185,5.0,3.0522471827967563
49,202,3.0,3.14998365781276
49,204,1.0,3.2203616528472456
49,213,3.0,3.080813759112974
49,219,1.0,2.895817068040681
49,231,3.0,3.294784077093721
49,238,4.0,2.8740646145005373
49,258,2.0,3.306347783772095
49,268,3.0,3.0501976037661076
49,290,2.0,2.9523668881683403
49,294,1.0,2.911623952507042
49,299,2.0,3.1368208007765426
49,302,4.0,3.0655511064755014
49,312,3.0,3.1815011798070936
49,313,3.0,3.313393190854543
49,325,3.0,3.251248754093464
49,334,4.0,3.108087597276308
49,343,2.0,3.23571337483806
49,346,4.0,3.0570167286976413
49,347,3.0,3.1415738926908072
49,369,1.0,3.0266175650572036
49,385,1.0,3.419062330714875
49,386,4.0,2.9198407282160495
49,401,2.0,3.0670237158601417
49,406,2.0,3.1365157463066193
49,413,1.0,2.8708457757795585
49,418,3.0,3.3012055864380523
49,423,2.0,3.2150004199121454
49,462,2.0,2.928261638700066
49,473,3.0,3.317393200255629
49,476,1.0,3.131618707127947
49,508,3.0,2.9645363314736026
49,514,4.0,3.028685653491608
49,518,4.0,2.9809249852351956
49,531,3.0,3.215129827843288
49,542,2.0,3.524708779837915
49,546,1.0,3.1567924741635043
49,547,5.0,3.09201860303841
49,559,2.0,3.094459154261293
49,569,3.0,3.1836724046213614
49,581,3.0,3.1449351098587064
49,583,4.0,3.0401922405645623
49,588,4.0,3.3454674772315567
49,590,1.0,3.28349271652581
49,594,3.0,3.2147326806537295
49,625,3.0,3.208639717796026
49,628,4.0,3.2002362986394353
49,657,5.0,2.971560869364751
49,695,3.0,3.186748786035714
49,713,3.0,3.039652328696435
49,721,2.0,3.1063770963294925
49,732,3.0,3.190525065335169
49,737,1.0,3.332770988429472
49,738,3.0,3.3018305157516545
49,741,4.0,3.3484658666298843
49,758,1.0,3.1626949976438934
49,774,2.0,3.109154532430334
49,821,1.0,3.1454625924057256
49,878,2.0,3.303544449933761
49,926,1.0,3.1157256709812455
49,931,2.0,3.2033321463528894
49,959,2.0,2.941178207609196
49,995,3.0,3.0060553466268027
49,998,2.0,3.0375248634217598
49,1003,2.0,3.303544449933761
49,1009,3.0,2.979516688038588
49,1068,3.0,3.014449662910079
49,1070,3.0,3.0155232007887194
49,1076,2.0,3.615829562924868
49,1078,1.0,3.1195319256807204
49,1082,3.0,2.9683977130290806
50,9,4.0,3.7789599622400636
50,123,4.0,3.966561783772027
50,125,2.0,4.196872730987725
50,246,3.0,4.285659074585447
50,253,5.0,3.990528474547488
50,286,2.0,4.066565059964741
50,325,1.0,4.1551310637424494
50,475,5.0,3.9810280723319384
50,508,5.0,3.809051522186229
50,823,3.0,3.9795833876865583
50,1084,5.0,3.6496655207628628
51,64,4.0,3.8927020952988975
51,132,4.0,4.21787660275243
51,148,3.0,4.284452945813633
51,182,3.0,3.9015586818204233
51,485,1.0,3.982172247506706
51,496,4.0,3.806126233914303
51,679,3.0,4.112882028499566
52,15,5.0,4.6022382213633675
52,93,4.0,4.662092004004114
52,95,4.0,4.753715392489061
52,116,4.0,4.511246730608932
52,235,2.0,5.0
52,250,3.0,4.811721061236238
52,257,3.0,4.877795962130263
52,275,4.0,4.765299504192315
52,280,3.0,4.9282320078329604
52,287,5.0,4.786911069045274
52,405,4.0,4.804678870850083
52,427,5.0,4.502860826748671
52,475,4.0,4.911058257250761
52,498,5.0,4.730973373065441
52,531,5.0,5.0
52,657,5.0,4.5978006559153375
52,742,4.0,5.0
52,748,4.0,4.831072805797818
52,845,5.0,4.750544779644455
52,1009,5.0,4.812340143125531
52,1086,4.0,4.714016496651765
53,24,3.0,4.532060747771451
53,100,5.0,4.612091329815875
53,174,5.0,4.298039821413845
53,181,4.0,4.805532873461609
53,199,5.0,4.1874498511013405
53,228,3.0,4.577345062805785
53,250,2.0,4.6675494121594605
53,258,4.0,4.599780318908125
53,281,4.0,4.517111997550842
53,748,2.0,4.690539770145834
53,845,3.0,4.2771996627642705
53,924,3.0,4.381230467067517
54,50,5.0,4.013107509343051
54,106,3.0,3.9361184246189502
54,118,4.0,4.301285958897414
54,121,4.0,3.941341293921992
54,127,4.0,3.8412268887205787
54,147,5.0,3.9291405557715082
54,237,4.0,3.698627839955488
54,257,4.0,4.197232986123521
54,258,4.0,3.9337641784562725
54,260,4.0,4.164906223577253
54,268,5.0,3.7190506008577717
54,273,4.0,4.012883590717417
54,276,5.0,3.520778333709167
54,298,4.0,4.109375338128769
54,302,4.0,3.8985276924301546
54,313,4.0,4.07714483406034
54,325,3.0,3.9361184246189502
54,327,5.0,3.8869016900349207
54,333,5.0,4.01681674314567
54,406,2.0,3.886086146320934
54,411,5.0,3.902497297907276
54,475,5.0,3.6883131064530805
54,595,3.0,3.80785663922972
54,597,2.0,4.105444622646899
54,676,5.0,3.798564887033163
54,685,3.0,3.938031977812728
54,741,5.0,3.8439006860445586
54,742,5.0,3.9361184246189502
54,748,5.0,4.227615801737956
54,820,3.0,3.915400482402006
54,827,3.0,4.301285958897414
54,871,5.0,3.60690560169321
54,1012,2.0,3.7073935228818913
54,1016,4.0,4.328856336773823
54,1088,3.0,3.710158295068418
55,56,4.0,3.9016450838386922
55,89,5.0,4.136124738724566
55,144,5.0,4.254727732271456
55,254,2.0,4.341054398309414
55,257,3.0,4.685608639159636
55,273,5.0,4.4581048507281205
55,405,1.0,4.430101531531788
55,678,3.0,4.095549393604058
55,685,1.0,4.392734292945887
55,1016,1.0,4.672708243751843
55,1089,1.0,4.22703637840927
56,1,4.0,4.2329277931165095
56,7,5.0,4.188126960398164
56,25,4.0,4.075080343488809
56,29,3.0,4.407589794404927
56,31,4.0,4.04955870163123
56,38,2.0,4.2413627142029195
56,44,4.0,4.002671556958975
56,51,3.0,4.104338714072146
56,56,5.0,3.9005365573347026
56,63,3.0,4.16754850827863
56,64,5.0,3.912853452266256
56,68,3.0,4.507051025860971
56,69,4.0,4.122876354871989
56,70,4.0,4.056044586089947
56,71,4.0,4.254987749029931
56,73,4.0,4.334603725513614
56,77,3.0,4.2122940291799
56,79,4.0,4.39076751442063
56,82,4.0,4.452757214215996
56,90,2.0,4.12486576437841
56,91,4.0,4.258674771391577
56,94,4.0,4.136542434306475
56,95,4.0,4.304327835552578
56,96,5.0,4.196545714892278
56,98,4.0,3.9970746907119965
56,118,4.0,4.520150499062005
56,121,5.0,4.261465594181014
56,122,2.0,3.973297873530844
56,143,3.0,3.7849417797934457
56,164,4.0,4.61849409622227
56,168,2.0,3.76865553828564
56,169,4.0,4.105333888041352
56,172,5.0,4.587865629046839
56,174,5.0,4.045237194350748
56,179,3.0,3.9418931917603857
56,181,5.0,4.450577490043751
56,184,4.0,4.583787571373769
56,186,3.0,4.243602521849726
56,189,4.0,4.0459742056300545
56,194,5.0,3.9792573827523112
56,195,5.0,4.435529696754955
56,196,2.0,3.7750027264445216
56,201,4.0,4.313399018154966
56,202,4.0,4.111824963147856
56,215,5.0,3.790902824059969
56,216,4.0,3.9003873239197926
56,219,5.0,3.836985260892723
56,222,5.0,4.399740996468451
56,228,3.0,4.251897901604085
56,230,5.0,4.2443782777221415
56,231,3.0,4.333923581065572
56,235,1.0,4.377050013347765
56,239,4.0,4.15677897637945
56,258,4.0,4.184059217938758
56,294,4.0,3.8145279783454353
56,368,3.0,3.8891856702749488
56,372,3.0,3.9291256154318437
56,383,2.0,4.264408312023572
56,391,3.0,4.273663566400576
56,392,4.0,3.973198682776171
56,402,5.0,4.233595818097885
56,426,4.0,4.569121881567432
56,432,5.0,4.1185307455462326
56,433,4.0,3.8819872100622983
56,435,3.0,4.020713705722733
56,447,4.0,3.7461792375813863
56,449,5.0,4.278809636371582
56,450,3.0,4.237673848977223
56,451,3.0,4.032324167220538
56,546,3.0,4.168159784036624
56,554,4.0,4.300339676695671
56,568,4.0,4.4476414585405735
56,585,3.0,3.9003815123087886
56,588,4.0,4.098044001550688
56,597,3.0,4.304478341837421
56,623,3.0,4.098563239095805
56,692,4.0,4.258005968130791
56,715,1.0,4.170607649148542
56,728,3.0,4.258354167308391
56,735,2.0,3.8957464175775756
56,738,3.0,4.164418646983865
56,746,4.0,3.7991389371832076
56,747,4.0,4.025802970775432
56,755,3.0,4.6461559458746615
56,761,3.0,4.182544251309517
56,769,4.0,4.534846058111054
56,797,4.0,4.363692006313765
56,815,4.0,4.049184584127382
56,849,2.0,4.100326471855501
56,869,3.0,4.026078675359111
56,993,3.0,4.464259912207206
56,1036,2.0,3.8646266068405026
56,1047,4.0,3.9544097084880647
56,1090,3.0,3.8914254250602887
56,1092,3.0,3.890922347209763
57,7,4.0,4.089704229841261
57,28,4.0,4.15105181781771
57,56,3.0,3.817802349320821
57,79,5.0,4.217937734952735
57,100,5.0,4.300993511908052
57,151,3.0,3.9851544704038173
57,173,5.0,4.280084211055197
57,199,5.0,3.8867110523954698
57,204,4.0,4.027502588921518
57,222,5.0,4.394262714037846
57,225,3.0,4.184144960505412
57,237,4.0,4.099145243992554
57,243,3.0,4.18535201921147
57,248,5.0,3.933310982752578
57,250,3.0,4.252538488337235
57,252,2.0,4.350739942870025
57,264,2.0,4.181151163125177
57,271,3.0,4.404011875604457
57,281,4.0,4.154869148013819
57,282,5.0,4.096257867439234
57,294,4.0,3.8474078243960377
57,298,3.0,4.341956629507536
57,304,5.0,4.157364056075775
57,321,4.0,4.139206107066005
57,409,4.0,4.261608059538692
57,410,3.0,4.122020947596352
57,411,4.0,4.345059009771508
57,419,3.0,3.9835871840849055
57,456,3.0,4.05185670775921
57,476,3.0,4.106674682522662
57,588,4.0,3.9978487510785943
57,597,3.0,4.427912352212447
57,682,3.0,3.9884280435500585
57,744,5.0,4.1145998970117414
57,756,3.0,3.779160564957925
57,760,2.0,3.906416883246212
57,825,1.0,4.610095050781758
57,831,1.0,4.499311299202905
57,844,2.0,4.031283785598546
57,864,3.0,3.9992416791528584
57,866,3.0,4.274920002014923
57,926,3.0,4.122020947596352
57,932,3.0,4.344121322372869
57,975,3.0,4.140521842762344
57,1011,3.0,3.905975371932393
57,1028,3.0,3.905386996483037
57,1047,4.0,4.122020947596352
57,1059,3.0,3.844592934403991
57,1071,3.0,3.804924722719916
57,1093,3.0,3.772179980445205
57,1094,2.0,4.0461767277332
57,1095,2.0,3.918786074873641
58,8,4.0,4.518569205278034
58,9,4.0,4.093831386095272
58,13,3.0,4.133135210143321
58,20,1.0,4.315157817296372
58,32,5.0,4.029130301105244
58,42,4.0,4.1409213414251305
58,45,5.0,4.182484756468866
58,50,4.0,4.591759731810216
58,61,5.0,4.051056862513911
58,64,5.0,4.15959845810381
58,69,1.0,4.384219251073319
58,89,3.0,4.180961143939674
58,100,5.0,4.493796527802275
58,109,4.0,4.281417368619529
58,120,2.0,4.327529795415832
58,123,4.0,4.426363592184451
58,144,4.0,4.197565084638838
58,150,4.0,4.420654595893163
58,156,5.0,4.187476178027369
58,173,5.0,4.586887620659315
58,182,4.0,4.218286752772644
58,193,3.0,4.11035187519918
58,194,3.0,4.262582605126933
58,195,4.0,4.586315249713977
58,198,3.0,4.02078750001996
58,204,4.0,4.364222842638345
58,214,2.0,4.175831175176662
58,216,3.0,4.160795063072316
58,222,4.0,4.432826636074418
58,228,5.0,4.295188518258646
58,237,4.0,4.293621035809877
58,240,4.0,4.1521231890701245
58,246,5.0,4.304461450010906
58,248,4.0,4.178661149569596
58,257,5.0,4.61404685258584
58,268,5.0,4.304461450010906
58,272,5.0,4.085418704340035
58,275,5.0,4.3093886093191
58,283,1.0,4.414488288697005
58,284,4.0,4.321448778608957
58,311,4.0,4.532010091857299
58,318,3.0,4.252891147461928
58,340,4.0,4.083172895715502
58,347,3.0,4.309408306218587
58,381,4.0,4.358884452868869
58,408,5.0,4.46095712359631
58,425,5.0,4.0809850943649435
58,475,5.0,4.154671446132277
58,480,3.0,4.166039466671823
58,483,5.0,4.321356760548433
58,490,4.0,4.317911936721098
58,546,2.0,4.264287318896712
58,558,5.0,4.252839343994478
58,568,4.0,4.516010006540319
58,654,5.0,4.226839888665613
58,663,2.0,4.1098226598808285
58,684,4.0,4.343992231243012
58,709,5.0,4.263920520867046
58,813,5.0,4.155726763801516
58,850,5.0,4.162015324511963
58,923,5.0,4.032687717637337
58,950,1.0,4.166363601052334
58,955,4.0,4.425130215866966
58,960,4.0,4.113008098058144
58,1019,4.0,4.217404578649136
58,1069,2.0,4.445417149024302
58,1097,5.0,4.176695352370788
58,1098,4.0,4.118046048876584
58,1099,2.0,4.0288077386391885
58,1100,2.0,4.303751589558736
58,1102,1.0,4.831159605815877
58,1103,5.0,4.315253897560458
58,1104,2.0,4.1861803056512485
58,1106,4.0,4.277466785017936
59,7,4.0,4.586229062525583
59,10,4.0,4.4732747698936715
59,12,5.0,4.493138902943933
59,13,5.0,4.262562616909951
59,14,5.0,4.53316689422458
59,18,4.0,4.410180687052933
59,23,5.0,4.341398234251364
59,25,4.0,4.513122401862387
59,33,3.0,4.763807621164129
59,39,4.0,4.566463338424792
59,45,5.0,4.363989743806649
59,47,5.0,4.455818856565143
59,48,5.0,4.190911811807918
59,50,5.0,4.690918993616821
59,54,4.0,4.784640473023707
59,65,4.0,4.414743220945477
59,70,3.0,4.4639718472290815
59,71,3.0,4.573807849045375
59,77,4.0,4.729248331144724
59,82,5.0,4.599542864471499
59,92,5.0,4.640289507359453
59,95,2.0,4.591124656158978
59,98,5.0,4.474575042197818
59,100,5.0,4.712554503736977
59,101,5.0,4.604710351387737
59,102,2.0,4.435524830818825
59,109,4.0,4.37943484846153
59,118,5.0,4.724274184981418
59,121,4.0,4.5750828671448405
59,125,3.0,4.646750068964857
59,126,5.0,4.410940869555466
59,127,5.0,4.577808172122557
59,131,4.0,4.385294750709919
59,132,5.0,4.604454374115108
59,134,5.0,4.168919802049622
59,136,3.0,4.155739499926212
59,140,1.0,4.348023117117017
59,141,4.0,4.4779660484243795
59,142,1.0,4.402265660095832
59,148,3.0,4.574121538648006
59,169,4.0,4.445703570976469
59,170,4.0,4.528998958220776
59,172,5.0,4.860012770278294
59,173,5.0,4.708197500871492
59,175,4.0,4.252526899486572
59,177,4.0,4.35378300262475
59,183,5.0,4.636677726790468
59,186,5.0,4.516679569571365
59,188,4.0,4.50266313544363
59,195,5.0,4.674297653948246
59,196,5.0,4.207661146781006
59,200,5.0,4.2836155021412035
59,202,4.0,4.519197310599349
59,203,4.0,4.147904603150828
59,204,5.0,4.433555650996695
59,208,5.0,4.317353809790204
59,209,5.0,4.4533143129186055
59,215,5.0,4.220569965777634
59,218,5.0,4.219498488407973
59,227,3.0,4.398027812070183
59,229,3.0,4.4121064358908
59,230,4.0,4.41487768748333
59,235,1.0,4.671918065578749
59,238,5.0,4.17109815425426
59,241,4.0,4.710329624837258
59,258,3.0,4.522126995622364
59,274,1.0,4.599761323990048
59,286,3.0,4.731516474010962
59,287,5.0,4.341522795567853
59,318,5.0,4.479485757748623
59,323,4.0,4.427418299493882
59,367,4.0,4.334160349450633
59,381,5.0,4.49656443792366
59,382,4.0,4.463803221042189
59,385,4.0,4.749793746971468
59,387,3.0,4.399445088423201
59,405,3.0,4.497990343432438
59,418,2.0,4.419407622742675
59,419,2.0,4.406113418644517
59,421,5.0,4.4170723271979115
59,427,5.0,4.183314050954166
59,428,5.0,4.167958043885237
59,429,4.0,4.455647031703629
59,431,4.0,4.404725116748161
59,433,5.0,4.246079432079968
59,447,5.0,4.144055008398059
59,448,4.0,4.259537079291626
59,468,3.0,4.36361514714974
59,470,3.0,4.238351322462688
59,473,3.0,4.435464167726338
59,476,2.0,4.4094857367632665
59,485,2.0,4.2475147122708545
59,488,3.0,4.218770731853395
59,490,4.0,4.508755937857198
59,496,4.0,4.257346485327835
59,501,1.0,4.412216902111667
59,506,5.0,4.192495842868413
59,511,5.0,4.2783888803386745
59,513,4.0,4.425890656785309
59,516,4.0,4.172482062105267
59,521,5.0,4.421938043367263
59,527,5.0,4.224637564740028
59,528,4.0,4.45847312951192
59,547,3.0,4.331519793902348
59,549,4.0,4.616673380894048
59,550,5.0,4.409669023887395
59,559,5.0,4.419444488159032
59,562,4.0,4.62121941810429
59,564,2.0,4.410591637181932
59,566,4.0,4.506630844165726
59,568,5.0,4.79142326158948
59,569,4.0,4.5161517878668285
59,570,4.0,4.188293659385624
59,582,4.0,4.735098016907352
59,583,5.0,4.403723103319905
59,588,2.0,4.390708058763907
59,597,2.0,4.609938499480844
59,604,3.0,4.177189324933208
59,609,2.0,4.190439127639548
59,611,3.0,4.3895185197964715
59,625,3.0,4.402975735066356
59,640,5.0,4.2502447238033
59,659,3.0,4.366214042458877
59,660,4.0,4.158207860200354
59,663,4.0,4.286189010537433
59,664,4.0,4.267691677507249
59,692,3.0,4.756074956440288
59,699,4.0,4.292059896403102
59,702,5.0,4.582232937758027
59,707,3.0,4.180395541440682
59,708,4.0,4.281493416955626
59,709,5.0,4.378399395956465
59,710,3.0,4.195702299915596
59,715,5.0,4.5991171670679645
59,717,2.0,4.763301657694049
59,724,5.0,4.499109732771378
59,729,4.0,4.360193713577317
59,732,3.0,4.579662264234001
59,735,5.0,4.369993833375577
59,739,4.0,4.432479199350437
59,742,3.0,4.640453632955799
59,760,2.0,4.342309279296899
59,764,4.0,4.483471280999018
59,823,5.0,4.522246275471001
59,825,4.0,4.815628243296637
59,846,4.0,4.432455658717871
59,855,4.0,4.834243733212409
59,866,3.0,4.62646772095344
59,871,2.0,4.195303382472226
59,926,1.0,4.365788649888815
59,928,4.0,4.661239802555225
59,931,2.0,4.476027115379338
59,951,3.0,4.563729426087919
59,972,4.0,4.209485387505234
59,974,3.0,4.449591587490988
59,1009,4.0,4.308504117119993
59,1028,1.0,4.423013511325639
59,1047,2.0,4.365788649888815
59,1065,5.0,4.2515461429437975
59,1107,4.0,4.355780810067086
59,1108,3.0,4.272029451244882
59,1109,3.0,4.500497907939408
59,1110,4.0,4.6572419792619435
59,1113,4.0,4.232524193500486
59,1116,3.0,4.255327570489111
59,1117,4.0,4.298962086700093
59,1118,2.0,4.188998913675393
60,13,4.0,4.309090126537766
60,21,3.0,4.794731516559569
60,28,5.0,4.680163637564139
60,47,4.0,4.448268529877838
60,56,4.0,4.392220532442343
60,60,5.0,4.377772718674382
60,61,4.0,4.344826922468547
60,64,4.0,4.421775419901597
60,71,3.0,4.6895563628007455
60,77,4.0,4.748950164980701
60,79,4.0,4.753376051748749
60,82,3.0,4.866989552532932
60,88,4.0,4.4938852396790345
60,98,4.0,4.559692871515555
60,132,4.0,4.796737157732396
60,138,2.0,4.458247125190985
60,143,3.0,4.319031221583283
60,151,5.0,4.489420738482015
60,152,4.0,4.628925588287106
60,161,4.0,4.546955873535686
60,162,4.0,4.315945916264985
60,163,4.0,4.351430119451085
60,172,4.0,5.0
60,176,4.0,4.921597155399133
60,178,5.0,4.275483014515881
60,179,4.0,4.504285687999184
60,180,4.0,4.519513622207128
60,183,5.0,4.888556758145863
60,186,4.0,4.636288252333451
60,194,4.0,4.466777355220996
60,197,4.0,4.613125983236971
60,199,5.0,4.510279855512464
60,200,4.0,4.33334614629649
60,207,3.0,4.624378405801128
60,208,5.0,4.384819030628867
60,216,4.0,4.401078405882229
60,218,4.0,4.263449091783277
60,222,4.0,4.839138261547884
60,234,4.0,4.446804377637416
60,272,4.0,4.279787526178608
60,403,3.0,4.785191836051496
60,416,4.0,4.479276911413702
60,417,4.0,4.561817595914833
60,420,4.0,4.559977058651236
60,427,5.0,4.250025700303243
60,430,5.0,4.384855676178884
60,443,4.0,4.331786896317405
60,474,5.0,4.427436227816298
60,478,3.0,4.593303635330612
60,480,4.0,4.4111037873496795
60,485,4.0,4.399850128187748
60,489,5.0,4.611255363265447
60,490,4.0,4.593757104032861
60,492,5.0,4.309472326145059
60,493,5.0,4.444537392876885
60,495,3.0,4.367540208333658
60,498,5.0,4.816474181874556
60,499,3.0,4.257152003930159
60,502,4.0,4.44804175935208
60,505,4.0,4.436549625684208
60,507,4.0,4.361028127121865
60,508,4.0,4.350591007589047
60,511,4.0,4.392987980617738
60,514,4.0,4.41475619676828
60,523,4.0,4.36039172990232
60,525,5.0,4.502550832138599
60,529,4.0,4.292011841280581
60,558,4.0,4.579146977180432
60,604,4.0,4.2598772307022665
60,605,3.0,4.225541680247043
60,606,4.0,4.337267429402663
60,613,4.0,4.239972455424801
60,616,3.0,4.520982383850296
60,633,4.0,4.368202900269185
60,638,5.0,4.337784938492201
60,659,4.0,4.466374750955718
60,660,4.0,4.262158615884615
60,671,4.0,4.249194922331787
60,673,4.0,4.424663495479892
60,699,4.0,4.319219078227895
60,729,4.0,4.366051569876896
60,751,2.0,4.641261785565277
60,810,4.0,4.536701931744705
60,842,4.0,4.631833616290796
60,1020,4.0,4.430164330928266
60,1021,5.0,4.242943631745039
60,1123,4.0,4.404939522780202
60,1124,4.0,4.454900787397079
60,1126,4.0,4.482798119673504
61,243,2.0,3.412013145241476
61,323,3.0,3.448578511899035
61,328,5.0,3.6429847273024762
61,331,2.0,3.6468373424523595
61,342,2.0,3.407913541236759
61,347,5.0,3.3926905311184434
61,678,3.0,3.6010431362711453
61,690,2.0,3.2907931956253567
61,1127,4.0,3.00831828331575
62,3,3.0,3.5561622911859594
62,4,4.0,4.026363732613191
62,8,5.0,3.8876526257827932
62,12,4.0,3.719292433812697
62,14,4.0,3.8407046560189086
62,20,4.0,3.7887615230629286
62,21,3.0,4.014015565209731
62,24,4.0,3.895969299758946
62,28,3.0,3.9398083025130886
62,33,1.0,4.068390824737737
62,47,4.0,3.7373460950389115
62,55,5.0,4.183489541013241
62,59,4.0,3.5766117064718372
62,65,4.0,3.660272274667858
62,68,1.0,4.185800896694293
62,78,2.0,3.8503987824437846
62,86,2.0,3.6518237227065478
62,89,5.0,3.607386979549305
62,96,4.0,3.825074314577509
62,100,4.0,3.9403433445128906
62,111,3.0,3.742109690667747
62,114,4.0,3.439819196202788
62,118,2.0,4.090353919012217
62,121,4.0,3.942625090454618
62,125,4.0,3.926649792167564
62,132,5.0,3.8906915190472002
62,135,4.0,3.803413865917339
62,138,1.0,3.617107208775871
62,147,3.0,3.7971097180975644
62,153,4.0,3.5223099597848173
62,155,1.0,3.5833738621348523
62,157,3.0,3.767388519414255
62,162,4.0,3.472087475533397
62,164,5.0,4.271223866612882
62,168,5.0,3.3984787286209506
62,173,5.0,4.08300246913593
62,176,5.0,4.069621819313637
62,179,4.0,3.6167551290852105
62,180,4.0,3.6971522406935535
62,181,4.0,4.122890000058801
62,182,5.0,3.688237754807738
62,183,4.0,3.9505435129205027
62,209,4.0,3.7618712662890594
62,213,4.0,3.795726532150081
62,216,4.0,3.6598344820712505
62,225,3.0,3.659802500919002
62,227,1.0,3.845459744775204
62,228,3.0,3.8543697905711527
62,229,3.0,3.848858634750149
62,232,3.0,3.73082780550541
62,235,4.0,4.051193542026979
62,249,2.0,3.4399846786396755
62,257,2.0,4.103127270968015
62,258,5.0,3.92734234597873
62,270,2.0,4.010805474844014
62,281,3.0,3.9008873018207835
62,286,3.0,4.024692717927308
62,288,2.0,3.6825244886897517
62,294,1.0,3.4424256161851554
62,298,4.0,3.9578831619147783
62,302,3.0,3.6783211905737647
62,306,4.0,3.5939061183948566
62,318,5.0,3.7576354294821757
62,328,3.0,3.9261866910388434
62,365,2.0,3.6167731908024
62,382,3.0,3.7315483850604365
62,401,3.0,3.5893517588594075
62,421,5.0,3.699058294179436
62,423,3.0,3.764918571486932
62,433,5.0,3.617035961569642
62,443,3.0,3.5026523045977207
62,448,2.0,3.487684307182284
62,462,2.0,3.5869392414779626
62,464,4.0,3.5304966864118703
62,473,4.0,3.6706925213805
62,475,4.0,3.638556921200594
62,498,4.0,4.022553833852862
62,508,4.0,3.571452664891427
62,514,3.0,3.639110309498867
62,527,4.0,3.4670895068691205
62,541,3.0,3.801434695914024
62,559,3.0,3.6905560045365586
62,660,4.0,3.4691224331256927
62,664,4.0,3.5569076903139423
62,665,2.0,3.978334122033838
62,685,2.0,3.7732020189258417
62,697,4.0,3.643539182080099
62,702,2.0,3.876453854895524
62,712,4.0,3.680708737483358
62,716,4.0,3.7976985589751915
62,742,2.0,3.8718656619669822
62,763,1.0,3.537923686027344
62,774,1.0,3.6393739905219924
62,815,3.0,3.831656133416005
62,827,2.0,4.090353919012217
62,845,3.0,3.5853127797043607
62,856,4.0,3.664145959517562
62,921,2.0,3.762177288215331
62,955,4.0,3.9066117518792636
62,1012,3.0,3.6725672949286454
62,1016,4.0,4.029512391693684
62,1060,1.0,3.8234764795460787
62,1073,4.0,3.5235735397088037
62,1074,4.0,3.725802081129322
62,1107,1.0,3.6167731908024
62,1118,3.0,3.4958398022127164
62,1128,2.0,3.4251544917163326
62,1131,3.0,3.551817450763477
62,1136,3.0,3.5575481639422972
63,6,3.0,3.100237951468153
63,13,4.0,3.181824320836247
63,20,3.0,3.366340525072244
63,50,4.0,3.4675922165595887
63,100,5.0,3.6749650529066145
63,106,2.0,3.7256392828354343
63,109,4.0,3.376830510361671
63,111,3.0,3.443876987529123
63,116,5.0,3.1462867576851394
63,126,3.0,3.4802181834577333
63,150,4.0,3.605039338444132
63,222,3.0,3.563100367360273
63,225,2.0,3.566911512225587
63,237,3.0,3.523214619763742
63,242,3.0,3.477588775794134
63,246,3.0,3.439452330547196
63,250,5.0,3.4814866391623225
63,251,4.0,3.3103189561807733
63,255,4.0,3.3901772175261877
63,268,3.0,3.439452330547196
63,277,4.0,3.292391422850792
63,288,3.0,3.514452969347647
63,289,2.0,3.623050874707892
63,300,4.0,3.41686982435579
63,301,5.0,3.394343678441314
63,306,3.0,3.2620887430251777
63,323,1.0,3.4558361297538998
63,328,2.0,3.5748090942938426
63,408,4.0,3.5083658589388538
63,412,3.0,3.448049743820505
63,508,4.0,3.3377920078107755
63,678,2.0,3.5904220093331984
63,762,3.0,3.424612800465354
63,841,1.0,3.64912263976234
63,924,3.0,3.4483156431757878
63,948,3.0,3.4742841846637815
63,952,3.0,3.1932539752870555
63,979,3.0,3.6370130750781895
63,1007,5.0,3.3575450460865923
63,1008,3.0,3.3304395366202586
63,1009,4.0,3.4098892290626406
63,1011,1.0,3.266293224253121
63,1028,3.0,3.3531497581578957
63,1067,3.0,3.3575450460865923
63,1137,5.0,3.541702686140466
64,1,4.0,4.021230801166578
64,2,3.0,4.385336136539724
64,4,3.0,4.307529026566204
64,7,4.0,4.265770083686659
64,8,4.0,4.1507550190443165
64,9,4.0,3.7805274452060225
64,12,5.0,4.004784376907935
64,17,3.0,4.242506518218154
64,38,3.0,4.29180550327586
64,52,3.0,3.867125616963831
64,56,5.0,3.8883924007376556
64,58,3.0,3.850263107220204
64,62,2.0,4.505327224579508
64,64,4.0,3.904131922622439
64,69,4.0,4.0964777270781125
64,70,5.0,3.925677227620757
64,71,3.0,4.109319783803402
64,72,4.0,4.125424832188375
64,77,3.0,4.200485383591561
64,83,3.0,3.9794497304738803
64,93,2.0,3.9346235905692932
64,95,4.0,4.1336549950023995
64,96,4.0,4.222187650640092
64,100,4.0,4.176180910361042
64,125,2.0,4.068248281663631
64,151,3.0,3.953143767067871
64,154,4.0,3.752442067298624
64,156,4.0,3.884499178344525
64,157,4.0,4.023672016023897
64,160,4.0,3.730942804894769
64,161,3.0,4.08404954868629
64,173,5.0,4.324062028244564
64,175,5.0,3.89273721431883
64,176,4.0,4.466783178869236
64,181,4.0,4.470806642488654
64,187,5.0,4.120794288023208
64,199,4.0,3.9632350745705605
64,202,4.0,3.9495411662281827
64,211,4.0,3.7660393757446604
64,212,3.0,3.845249882005875
64,214,3.0,3.9858267121386524
64,215,5.0,3.8064777906197533
64,216,4.0,3.826793446828082
64,217,2.0,3.865043571107581
64,222,4.0,4.352403038130149
64,229,4.0,4.185535893610137
64,230,5.0,4.170856158848247
64,231,3.0,4.232975502033773
64,232,2.0,4.054988323066442
64,238,4.0,3.700589867660366
64,239,3.0,4.2618621212779715
64,240,1.0,3.819468209032229
64,284,4.0,3.9206887876179026
64,311,2.0,4.238885964767465
64,318,4.0,3.9943713338182714
64,333,3.0,4.107796745843105
64,367,4.0,3.811681367370503
64,381,4.0,3.949439516548801
64,385,4.0,4.345000787890622
64,392,3.0,3.9068539423911623
64,403,4.0,4.351461169215007
64,420,3.0,3.9196643262076947
64,429,4.0,4.08469676631703
64,433,2.0,3.796924069443614
64,447,4.0,3.6929034294622523
64,451,2.0,3.940890290245962
64,476,1.0,3.883560025246343
64,509,3.0,3.777971097793147
64,515,5.0,4.238799012824078
64,516,5.0,3.7051767330529852
64,527,4.0,3.7762197652548175
64,539,1.0,3.948146914698358
64,566,3.0,4.162018830295337
64,582,4.0,4.166363232332586
64,633,5.0,3.8036564881911876
64,636,4.0,4.418017599884107
64,662,4.0,3.992196451006161
64,663,3.0,3.7739593961822546
64,684,4.0,4.209935815285923
64,705,5.0,3.776423957753069
64,731,3.0,4.053590937100015
64,736,4.0,4.04063809121063
64,746,5.0,3.679192765349628
64,778,5.0,4.027933876304878
64,879,3.0,4.418946241289672
64,898,2.0,4.007028533245503
64,959,4.0,3.743993190536061
64,1063,3.0,4.086709411651012
64,1133,4.0,3.9693266053634377
64,1139,1.0,4.265717694814463
64,1141,5.0,3.932095876490176
65,7,1.0,4.518315231962569
65,47,2.0,4.457506047964248
65,48,5.0,4.1970967020223275
65,56,3.0,4.273105140266469
65,70,1.0,4.482201931953676
65,97,5.0,4.328010866016818
65,100,3.0,4.4761462035701
65,121,4.0,4.389597199261793
65,125,4.0,4.5637873777950135
65,135,4.0,4.359726926684159
65,173,3.0,4.569943102712517
65,191,4.0,4.260509539787004
65,196,5.0,4.198320290955796
65,197,5.0,4.45131284249357
65,202,4.0,4.5407973632063
65,210,4.0,4.195521618737765
65,211,4.0,4.179069434962196
65,216,4.0,4.319370808190776
65,239,5.0,4.390241129991675
65,318,5.0,4.465541066956916
65,328,4.0,4.455663868421584
65,427,5.0,4.16062183128682
65,429,4.0,4.337784292722154
65,435,4.0,4.23679445041257
65,526,4.0,4.249308149218658
65,582,3.0,4.720186540739564
65,661,4.0,4.033560882076706
65,676,5.0,4.424183680437849
65,736,4.0,4.619519252100509
65,806,4.0,4.352139313958271
65,1129,4.0,4.499891891424793
65,1142,4.0,4.143919457748191
66,1,3.0,3.7367472608242807
66,7,3.0,4.039474260676082
66,15,3.0,3.642934415323875
66,21,1.0,4.2192494223995
66,117,3.0,4.479315882420627
66,181,5.0,4.282389382024819
66,249,4.0,3.727288601058466
66,258,4.0,4.161850170343689
66,280,4.0,3.938893425728458
66,281,4.0,4.008603167456347
66,288,4.0,3.935297075486969
66,298,4.0,4.311186917789316
66,471,5.0,4.031030832302475
66,475,2.0,3.868143655535566
66,597,3.0,4.225032271166996
66,742,5.0,4.060155357700358
66,877,1.0,3.9346845660592638
67,1,3.0,3.6680730560341406
67,7,5.0,3.752621439391972
67,64,5.0,3.5409089363228965
67,121,4.0,3.936513251541819
67,122,3.0,3.901051228441194
67,123,4.0,4.0890948492476875
67,147,3.0,3.9792387750695832
67,151,4.0,3.577632016964201
67,240,5.0,3.708298903583146
67,276,4.0,3.63069595674156
67,405,5.0,3.9741577119692435
67,472,4.0,4.114162002103086
67,743,4.0,3.9631099952070996
67,827,3.0,4.2544469117117005
67,833,4.0,3.9884200443425124
67,871,3.0,3.5537751011812255
67,1093,5.0,3.641604723168898
67,1095,4.0,3.741823858628729
68,7,3.0,3.7987423763011217
68,50,5.0,3.737345466634249
68,117,4.0,3.788401574286595
68,118,2.0,3.7159116214539223
68,125,1.0,3.8546807746247427
68,178,5.0,3.271263055188151
68,237,5.0,3.7005377155097277
68,245,3.0,3.7374515675190745
68,282,1.0,3.6487127745428705
68,288,4.0,3.5593767965771326
68,405,3.0,3.5626628777938723
68,411,1.0,3.869841130385653
68,471,3.0,3.8347209408023826
68,742,1.0,3.751419398188555
68,1028,4.0,3.531730171055577
68,1047,1.0,3.637600564914936
69,9,4.0,3.8597606020695756
69,12,5.0,4.197481090240164
69,48,5.0,3.823374475231619
69,56,5.0,4.0256843052133995
69,100,5.0,4.558531321408394
69,109,3.0,4.156162507029105
69,129,3.0,4.656860040971949
69,147,3.0,4.36151023506742
69,150,5.0,4.273980772549772
69,151,5.0,3.9279092272874765
69,174,5.0,4.022664701673155
69,175,3.0,3.965101900692368
69,240,3.0,3.997666686135844
69,256,5.0,4.01040235510385
69,258,4.0,4.4434370860197765
69,268,5.0,4.262947662473314
69,300,3.0,4.30871296915485
69,321,4.0,4.137058269614049
69,333,3.0,4.327149476302937
69,427,3.0,3.8521738587250076
69,508,4.0,4.042286850895856
69,591,3.0,4.3215979294637705
69,689,3.0,4.525811525136611
69,748,2.0,4.621320722615607
69,1017,5.0,4.057475300596276
69,1134,5.0,4.165486933502098
69,1143,5.0,4.460384954132165
70,48,4.0,3.4761288188547335
70,50,4.0,4.246967159123619
70,69,4.0,3.7717551480826272
70,71,3.0,4.228950574541547
70,82,4.0,4.26880379284055
70,89,4.0,3.7646701360844443
70,96,4.0,3.957061121685079
70,109,3.0,3.8128727763305337
70,121,3.0,4.016256515471271
70,128,4.0,3.8379820565156484
70,139,3.0,3.9156432438329047
70,151,3.0,3.9319814854503536
70,152,4.0,3.888340107975051
70,169,4.0,3.9204491250352214
70,176,4.0,4.174343622408353
70,185,4.0,3.714484598282854
70,186,4.0,4.006318283844257
70,189,4.0,3.8690452482654054
70,191,3.0,3.6043916886497653
70,193,4.0,3.566163482252527
70,197,4.0,3.713698828147898
70,202,4.0,3.778375884977634
70,206,3.0,4.165504613275207
70,210,4.0,3.770407604702945
70,211,3.0,3.5425688564622817
70,217,4.0,3.6762890216675146
70,228,5.0,4.124424384850597
70,260,2.0,4.13889013544704
70,265,4.0,3.7923356388515623
70,298,5.0,4.140996824915588
70,338,2.0,3.597960995384101
70,383,2.0,4.111884306644637
70,398,2.0,4.360805733966313
70,399,4.0,4.292045700021715
70,417,3.0,3.8609940644930463
70,419,5.0,3.9883120386438637
70,423,5.0,3.9880300895638756
70,431,3.0,3.9391393338644995
70,432,3.0,4.159070195864189
70,472,3.0,4.092771238476926
70,482,4.0,3.6019145416956695
70,511,5.0,3.6371783518798835
70,527,4.0,3.5034063023662285
70,542,2.0,4.324564653381543
70,546,2.0,3.810802719854469
70,584,3.0,4.0406536489424765
70,588,5.0,4.0970276464833
70,625,3.0,3.951241746269015
70,746,3.0,3.5350612991886736
70,751,4.0,3.916756592029806
70,762,3.0,3.54582241807124
70,1035,3.0,3.593826287274913
70,1065,4.0,3.547245662793561
70,1133,3.0,3.9186378553107177
71,50,3.0,4.5561877663725525
71,56,5.0,4.127264235269756
71,65,5.0,3.994313013556513
71,89,5.0,4.171367237452088
71,134,3.0,3.9279270991632966
71,135,4.0,4.2829169463992365
71,151,1.0,3.989850291163277
71,154,3.0,3.9667165052017825
71,222,3.0,4.346054669224555
71,276,4.0,4.105171396557562
71,285,3.0,4.022214559783627
71,289,2.0,4.23291174131864
71,346,4.0,4.120718389061836
71,462,5.0,4.017275615896035
71,475,5.0,4.123571721843117
71,923,5.0,3.9839928653292938
72,12,5.0,4.275681262740258
72,28,4.0,4.397893529210278
72,38,3.0,4.338054859077519
72,45,5.0,4.042330825596038
72,48,4.0,3.9175661960652026
72,51,4.0,4.314915093989075
72,54,3.0,4.551649856743085
72,64,5.0,4.097355736411219
72,68,3.0,4.539360392437653
72,70,4.0,4.077400280709152
72,79,4.0,4.399515531743218
72,82,3.0,4.387328879975222
72,87,4.0,3.9423650577218723
72,89,3.0,4.118176366964623
72,96,5.0,4.208712823542496
72,100,5.0,4.54721397303281
72,117,4.0,4.699099640807172
72,121,3.0,4.337302212668669
72,124,4.0,4.281560306128497
72,127,5.0,4.3508862856022
72,129,4.0,4.658128900418341
72,135,4.0,4.265176637011449
72,161,5.0,4.162880307101647
72,172,1.0,4.639717078402073
72,176,2.0,4.42629229578218
72,177,4.0,4.082414884302086
72,180,4.0,4.1539432554470235
72,181,1.0,4.457964687003937
72,182,5.0,4.247777907542056
72,195,5.0,4.513702165058346
72,196,4.0,3.9705509002419785
72,203,3.0,3.93485602863064
72,204,4.0,4.136157772771601
72,210,4.0,4.122508508356668
72,226,4.0,4.1918102144611495
72,230,1.0,4.272373829871306
72,234,4.0,4.036852231909997
72,265,4.0,4.251261161634796
72,356,4.0,4.502830977149728
72,357,4.0,3.895129772435501
72,382,4.0,4.131776362153872
72,423,5.0,4.122323129838315
72,427,5.0,3.896560264517618
72,435,5.0,4.029337660720015
72,479,4.0,4.029120643261805
72,480,5.0,4.036860761799096
72,484,4.0,4.137017605542289
72,504,4.0,4.082324270748224
72,509,4.0,3.982515793953118
72,515,4.0,4.301204823703703
72,520,5.0,4.178462856217998
72,527,4.0,3.9571774585523367
72,528,4.0,4.300721643951879
72,530,4.0,3.9962359807896792
72,550,4.0,4.149838121321105
72,566,4.0,4.287300117462268
72,568,4.0,4.453142445166566
72,581,4.0,4.309287898323556
72,603,4.0,3.9904753648283355
72,644,4.0,4.002663744022733
72,679,2.0,4.114698953266203
72,699,3.0,3.9968634542577415
72,866,4.0,4.262344922512052
72,1110,3.0,4.340170631858276
73,7,4.0,4.319244398736792
73,12,5.0,3.9419755577691884
73,28,3.0,4.046185203012204
73,48,2.0,3.8030942037443083
73,56,4.0,3.9180998451977915
73,81,5.0,4.103205235360945
73,89,5.0,4.016717819993414
73,94,1.0,3.980987972988833
73,100,4.0,4.116177987023493
73,127,5.0,4.076781759941886
73,156,4.0,3.832921079744957
73,173,5.0,4.189513670146197
73,180,4.0,4.016037626702813
73,196,4.0,3.8100966850024816
73,202,2.0,4.021329309057756
73,206,3.0,4.248898833036302
73,271,2.0,4.36160074535678
73,286,4.0,4.163495680421018
73,288,3.0,3.917390936532771
73,318,4.0,3.929678489690866
73,357,5.0,3.7804610352834866
73,474,5.0,3.918939476441763
73,475,4.0,3.8812462322871464
73,479,5.0,3.8129019397451978
73,480,4.0,3.8662896981668524
73,507,3.0,3.8121425051437625
73,518,5.0,3.8055257837301903
73,588,2.0,4.036608575783575
73,657,5.0,3.870602520475879
73,923,3.0,3.885863186475976
73,1073,4.0,3.794155814568058
73,1149,4.0,3.849279556650542
74,9,4.0,3.911832085847524
74,15,4.0,3.9562796316740743
74,100,4.0,4.244868448978654
74,121,4.0,4.195035820522963
74,124,3.0,4.0660166826576125
74,126,3.0,3.9606976030201237
74,129,3.0,4.359326112278855
74,137,3.0,3.893589777859391
74,150,3.0,4.003154186243412
74,237,4.0,4.061722638833399
74,272,5.0,4.188129825936322
74,285,3.0,3.862916688155489
74,288,3.0,4.078603371693154
74,301,3.0,4.323695393608488
74,324,3.0,4.136198851367036
74,326,4.0,4.367614483059919
74,333,4.0,4.516634923300002
74,1084,3.0,3.8403757675304555
75,100,5.0,3.8794205275956504
75,108,4.0,3.523305581498484
75,118,3.0,4.006609827561897
75,121,4.0,3.7558031100575713
75,125,3.0,3.8415167488610793
75,137,4.0,3.639973395342361
75,147,3.0,3.7670354378406596
75,151,5.0,3.5029868040619885
75,190,5.0,3.3733763408715225
75,237,2.0,3.6937175191046157
75,240,1.0,3.605078573823452
75,271,5.0,3.7092684630144066
75,273,5.0,3.6674506602823875
75,284,2.0,3.8029595393099656
75,290,4.0,3.4261286566842353
75,291,1.0,3.468331295702676
75,409,3.0,3.947607252387827
75,410,5.0,3.8081983892753413
75,411,5.0,3.891550500895961
75,472,4.0,3.856121413739377
75,475,5.0,3.7078399719826107
75,476,1.0,3.7556914028653967
75,496,5.0,3.3305888920798554
75,546,3.0,3.7807939310736534
75,597,3.0,3.939037625109303
75,696,4.0,3.749532052671191
75,742,1.0,3.8633334658191183
75,820,3.0,3.9056272297310652
75,824,1.0,3.66818078950552
75,952,5.0,3.418416424090518
75,1001,1.0,3.909678194946017
75,1017,5.0,3.575290903950854
75,1047,3.0,3.8081983892753413
75,1150,4.0,3.7450972821628037
75,1151,2.0,3.563013546515945
76,12,3.0,3.9216977121368353
76,23,5.0,3.670191537502548
76,59,4.0,3.6311965255139986
76,61,4.0,3.6282611243794536
76,64,5.0,3.6451383357946923
76,89,4.0,3.8477550324139247
76,92,4.0,3.973031459143268
76,98,5.0,3.7988995186113392
76,100,5.0,4.116767990970547
76,121,2.0,4.060934695356757
76,135,5.0,4.0358906226758124
76,150,5.0,3.838956305428652
76,175,4.0,3.828245959161724
76,197,5.0,3.779741816449749
76,200,5.0,3.6560272801153766
76,258,3.0,4.258324991674967
76,276,5.0,3.7506345811939594
76,286,5.0,3.898031196211826
76,288,2.0,3.75794880121154
76,325,2.0,3.8950305879594036
76,327,3.0,3.975583550663349
76,333,3.0,3.9439458030048287
76,385,2.0,3.910943535918207
76,421,3.0,3.6955906033236117
76,474,5.0,3.712691659330263
76,518,3.0,3.5799752682377184
76,531,4.0,3.8850819769908744
76,582,3.0,3.976870738904063
76,603,3.0,3.6504625013530694
76,690,2.0,3.692716176033435
76,772,3.0,3.718957086011786
76,811,4.0,3.5371538292609674
76,960,3.0,3.6987358381740494
76,1007,4.0,3.5782956336871035
76,1129,5.0,3.837737346662282
76,1156,3.0,3.9768506748420123
76,1158,4.0,3.644661516632535
77,4,3.0,4.055624846238484
77,23,4.0,3.7257981724792577
77,50,4.0,4.283912035579454
77,52,5.0,3.6821517815861546
77,69,3.0,3.8299215885492925
77,89,5.0,3.8873081114702894
77,91,3.0,3.8418087067840028
77,100,3.0,4.028284580062212
77,125,3.0,3.9069496705233364
77,144,3.0,3.7899463974674137
77,153,5.0,3.597571446954616
77,168,4.0,3.5655793362841437
77,172,3.0,4.446647851869901
77,174,5.0,3.8005110960429223
77,176,4.0,4.2600904669626765
77,179,5.0,3.819346190782106
77,181,3.0,4.262362368697464
77,195,5.0,4.362680495595968
77,210,3.0,3.7962780422821027
77,238,5.0,3.6218197814211837
77,265,3.0,3.843413797749796
77,276,2.0,3.737565742935104
77,357,3.0,3.5934981396138035
77,405,3.0,3.960390264491385
77,431,5.0,3.8601733282243673
77,474,5.0,3.760341924257798
77,483,4.0,3.8634346400325064
77,484,5.0,3.7046892084759873
77,498,5.0,4.058120958539054
77,518,4.0,3.6531459670099693
77,523,5.0,3.6285562945661862
77,778,2.0,3.8183866377811504
77,1028,1.0,3.6807285248179884
78,255,4.0,3.7460719179847493
78,269,3.0,3.986719830543232
78,289,4.0,3.7537234270291973
78,298,3.0,3.8453864970442333
78,323,1.0,3.6614695035764013
78,412,4.0,3.812029243841048
78,1160,5.0,3.585244692209563
79,6,4.0,4.3196913328659265
79,7,5.0,4.81935410988925
79,13,3.0,4.411144218044273
79,50,4.0,4.71549283190575
79,100,5.0,4.734929849784567
79,124,5.0,4.658466224305
79,137,4.0,4.543878052238046
79,150,3.0,4.676795623159009
79,246,5.0,4.972444698853648
79,251,5.0,4.392321070734496
79,262,5.0,4.59313834516462
79,269,5.0,4.688522790553489
79,286,5.0,4.861286893950343
79,288,3.0,4.500722277924657
79,290,3.0,4.483711677057199
79,301,3.0,4.704033598062082
79,303,4.0,4.544777490360817
79,313,2.0,4.949460775034875
79,325,5.0,4.763191899927829
79,370,2.0,4.64150241572228
79,508,3.0,4.448670101371251
79,740,4.0,4.719418480939728
79,813,5.0,4.442836198008927
79,900,4.0,4.641290664606093
79,937,2.0,4.608182364714411
79,1008,4.0,4.428743239776774
79,1017,3.0,4.470576730079186
79,1161,2.0,4.6219275743810595
80,45,4.0,4.099835237928504
80,50,3.0,4.484567226005468
80,58,4.0,4.175178733504108
80,87,4.0,4.149923707697283
80,194,3.0,4.1400162262931435
80,199,2.0,4.255882512270487
80,208,5.0,4.031918138541495
80,215,5.0,4.06248253826528
80,234,3.0,4.081594722488456
80,269,3.0,4.323880805891248
80,423,3.0,4.195522487041371
80,466,5.0,3.989671213831915
80,582,3.0,4.630609065087567
80,699,3.0,4.125311096034807
80,886,4.0,4.361255898795928
81,3,4.0,3.773352303813254
81,7,4.0,3.9439253043038
81,93,3.0,3.9023417743559863
81,98,5.0,3.9309104647151036
81,118,2.0,4.309410591063313
81,124,3.0,4.130063783919627
81,147,4.0,4.128049709518828
81,151,2.0,3.812247744393013
81,169,4.0,3.8820595050267293
81,222,2.0,4.042507307737641
81,273,4.0,4.018048800120507
81,274,3.0,4.01506706136534
81,280,4.0,4.19431049375794
81,282,5.0,4.129175254687441
81,318,5.0,3.849282005267689
81,410,4.0,4.162991390747138
81,411,2.0,4.1654877587824926
81,412,1.0,4.105147598234203
81,432,2.0,3.9288958460321792
81,471,3.0,4.271040526248904
81,476,2.0,4.119717751105848
81,544,2.0,3.934248107843761
81,595,4.0,4.1750241209826875
81,742,2.0,4.36365768284651
81,756,1.0,3.752982331866744
81,824,3.0,4.035382330243554
81,926,3.0,4.162991390747138
81,1028,1.0,3.8740240775811294
82,8,4.0,3.840980653552741
82,11,4.0,3.4387853952943814
82,13,2.0,3.338455204783075
82,14,4.0,3.5284244440451737
82,15,3.0,3.3823251075389607
82,25,2.0,3.659201201452883
82,56,3.0,3.3344373938866765
82,64,5.0,3.3624979947816076
82,69,4.0,3.6347798560110465
82,70,4.0,3.463234323311575
82,73,4.0,3.584131644688285
82,103,2.0,3.847747986806035
82,109,1.0,3.5169188351108014
82,127,2.0,3.541213431540121
82,135,3.0,3.5871641130739764
82,140,3.0,3.5060913105372227
82,147,3.0,3.6127641278081297
82,151,2.0,3.5613627766080507
82,174,5.0,3.3682007157349894
82,178,4.0,3.222201709469288
82,183,3.0,3.662781116991373
82,185,3.0,3.5314744989504128
82,191,4.0,3.3856813414625595
82,194,4.0,3.4329726920336903
82,199,4.0,3.4715977732431105
82,202,4.0,3.543478651919252
82,208,3.0,3.355253887286811
82,216,4.0,3.3605302528181493
82,218,3.0,3.259664806001524
82,220,2.0,3.740197471782117
82,222,3.0,3.746062078805663
82,225,3.0,3.6909440227425474
82,231,2.0,3.614688635692826
82,240,1.0,3.5213471679074466
82,265,4.0,3.466647518261827
82,275,2.0,3.560401822847745
82,276,4.0,3.4900860031523018
82,281,3.0,3.5331903746003626
82,289,1.0,3.711691829805228
82,294,4.0,3.2692998441621146
82,310,4.0,3.4845407900420584
82,343,1.0,3.5645449131276123
82,357,4.0,3.2996417068621247
82,405,3.0,3.622097687704563
82,411,3.0,3.8353889218478785
82,413,1.0,3.3190895289493914
82,414,4.0,3.2541367478639067
82,455,4.0,3.4616484081722114
82,458,1.0,3.406775082026621
82,472,3.0,3.732185856055416
82,476,3.0,3.5468000640936808
82,477,3.0,3.808462605332243
82,479,4.0,3.3343993713006483
82,480,4.0,3.370432552980751
82,481,5.0,3.504229266864089
82,482,4.0,3.3247309473918536
82,495,3.0,3.3476834349507762
82,504,4.0,3.3550749608942607
82,508,2.0,3.4172139550042226
82,513,4.0,3.445238897822105
82,518,4.0,3.3492838331857566
82,519,4.0,3.299035192147564
82,520,3.0,3.5213881992478258
82,527,3.0,3.281550407576326
82,529,4.0,3.252617958175791
82,596,3.0,3.838824758491714
82,597,3.0,3.72131891647635
82,657,4.0,3.4272126493482373
82,661,4.0,3.179885380294425
82,671,1.0,3.2064397753278877
82,705,3.0,3.3519230632859456
82,717,1.0,3.852284968950795
82,756,1.0,3.317460701492299
82,919,3.0,3.6473583181818814
82,1001,1.0,3.659201201452883
82,1028,2.0,3.4958625700095607
82,1033,1.0,3.5372888881316706
82,1101,4.0,3.424312890553532
82,1126,4.0,3.439283895992616
82,1134,2.0,3.5419496302114286
82,1162,1.0,3.446014081761303
82,1164,2.0,3.437102337763081
83,1,4.0,4.01999259602181
83,22,5.0,4.014282756573976
83,28,4.0,3.9480074652023336
83,35,1.0,3.905776366458289
83,43,4.0,3.8441670304419513
83,63,4.0,4.010560681679291
83,77,4.0,3.9390386027234428
83,78,2.0,4.025500460305267
83,82,5.0,3.985714045334114
83,94,4.0,3.9712767260532305
83,95,4.0,4.089805517129747
83,97,4.0,3.7103608982658787
83,105,2.0,3.70923324745729
83,106,4.0,3.9853826959103893
83,110,4.0,4.005045623720538
83,117,5.0,4.273138033145273
83,118,3.0,4.182016447488918
83,122,1.0,3.8323142765073666
83,125,5.0,3.9841784701812033
83,139,3.0,3.9044132428484155
83,181,4.0,4.055952434982491
83,186,4.0,3.8967805267180005
83,210,5.0,3.662866817875372
83,215,4.0,3.5012153601261935
83,216,4.0,3.6545334270919447
83,234,4.0,3.6547575038911617
83,252,4.0,4.037179780321984
83,254,2.0,3.8467563949945647
83,255,5.0,3.863442212770469
83,265,5.0,3.7755628583852614
83,281,5.0,3.91812747894677
83,294,3.0,3.603829632522113
83,301,2.0,3.772861288051261
83,323,4.0,3.8970515606119194
83,338,4.0,3.7244205658827045
83,364,1.0,3.5739002015603165
83,385,4.0,4.1338074311165895
83,391,2.0,3.8871365616228846
83,405,5.0,3.9187660942765943
83,407,1.0,3.760268090590303
83,412,1.0,3.8370914606240447
83,413,1.0,3.5545145657997583
83,423,4.0,3.904014693522557
83,452,3.0,3.626045173015922
83,465,4.0,4.148115130587597
83,468,4.0,3.606659968049931
83,471,3.0,3.9295683634321183
83,476,3.0,3.8489876084558214
83,543,2.0,3.7422875306153793
83,568,4.0,4.1045269496047165
83,575,4.0,3.6766677128099134
83,576,4.0,3.9424725062489347
83,609,4.0,3.5791722555682512
83,623,4.0,3.94122152437491
83,631,2.0,4.02575353719169
83,640,2.0,3.543469409702653
83,660,4.0,3.4675317022906027
83,663,5.0,3.6278775538789936
83,684,4.0,3.9441644360655426
83,685,4.0,3.917590604078501
83,692,4.0,4.066882589862264
83,720,4.0,4.209378645880927
83,722,4.0,3.726469023956757
83,748,2.0,4.1951561921241485
83,768,4.0,4.000470071061743
83,783,4.0,3.847270009513518
83,795,3.0,3.9327152799157825
83,866,3.0,4.114877486189733
83,892,2.0,4.151880572474991
83,929,3.0,4.0305327985881085
83,932,4.0,4.2065836293603756
83,977,3.0,3.946554694595929
83,1028,4.0,3.8126522382984076
83,1035,4.0,3.623959184549619
83,1043,3.0,3.6527254777957525
83,1101,2.0,3.6738141074201236
83,1165,2.0,3.9128413165554177
84,7,4.0,4.1949796096211465
84,12,5.0,4.2315363803728445
84,31,4.0,4.26712884226532
84,64,5.0,3.9598419288438764
84,121,4.0,4.280644843413021
84,148,4.0,4.300801890988968
84,151,4.0,4.039404677324056
84,194,5.0,4.084898568875631
84,222,4.0,4.265942832416025
84,237,4.0,4.276113188008219
84,265,5.0,4.113845956373128
84,284,3.0,4.295942609373312
84,289,5.0,4.325557204790675
84,291,3.0,4.005430193428846
84,322,3.0,4.008389337042612
84,385,4.0,4.296823167492026
84,405,3.0,4.1860642977215345
84,523,4.0,3.9530891781134843
84,528,5.0,4.058533591376769
84,529,5.0,3.8311930783740697
84,742,3.0,4.4718632087510635
84,748,4.0,4.476003591799761
84,879,4.0,4.394074475209906
84,1033,4.0,4.052778338068794
84,1040,3.0,4.510532501249589
85,8,4.0,4.125323348056515
85,13,3.0,3.7531340648879237
85,25,2.0,4.015196200959631
85,45,3.0,3.9042954519321382
85,51,2.0,4.1513132159866615
85,53,3.0,3.879021915608893
85,56,4.0,3.8728892830124475
85,58,4.0,3.884956891311432
85,70,4.0,3.978469981220283
85,71,4.0,4.039215008376437
85,83,4.0,4.074727553427068
85,86,4.0,3.947586927547329
85,89,4.0,3.871521505419214
85,94,3.0,3.915443879367032
85,95,4.0,4.061353044764681
85,97,2.0,3.9754673921787687
85,98,4.0,4.005408475147815
85,108,2.0,3.72353773037277
85,124,5.0,4.000708179027827
85,127,5.0,4.0807997425332925
85,133,4.0,4.068686915524477
85,154,4.0,3.7404696407215186
85,157,3.0,3.9908027845216854
85,160,3.0,3.7083200571988377
85,163,3.0,3.7841378214404426
85,175,4.0,3.8224314590184574
85,179,4.0,3.8510398045929755
85,187,5.0,4.022899210565789
85,192,4.0,3.7277144858364752
85,199,5.0,3.9597185059345805
85,203,5.0,3.6655083059808056
85,208,5.0,3.8131353137016637
85,209,4.0,4.062854280491947
85,211,5.0,3.7493468340331195
85,212,2.0,3.847112707606434
85,213,4.0,4.029888992291445
85,215,4.0,3.7490135018595327
85,216,3.0,3.843721685953848
85,228,3.0,4.027317599533697
85,234,4.0,3.821900761247258
85,237,3.0,4.029301798305731
85,241,3.0,4.217152569788784
85,250,3.0,4.126927779778077
85,259,2.0,3.9026888520103107
85,268,4.0,4.075352645358666
85,269,3.0,4.012865756644611
85,272,4.0,3.8144327635160877
85,275,3.0,3.997338711799935
85,277,2.0,3.849056433583353
85,282,3.0,3.955362990430195
85,283,3.0,4.168506386252794
85,286,4.0,4.251311747651156
85,289,3.0,4.0947503209818485
85,298,4.0,4.160525469637685
85,300,3.0,3.9360178076023855
85,317,3.0,3.879902478343771
85,318,4.0,3.9828426799614514
85,327,3.0,4.023068352501556
85,340,3.0,3.8026567663060784
85,372,4.0,3.814756105538921
85,380,4.0,4.1401306818793655
85,382,4.0,3.9879648197268653
85,389,3.0,3.9143516484305882
85,404,3.0,3.8095459966849403
85,414,4.0,3.7144231511064962
85,417,3.0,3.8952466759412747
85,418,3.0,3.903276905052315
85,420,4.0,3.844844640400909
85,425,4.0,3.7134355121095277
85,427,3.0,3.7133199514294173
85,433,3.0,3.7648280239948986
85,443,4.0,3.7624674086753322
85,449,4.0,4.042009890228924
85,451,4.0,4.020337257092271
85,464,5.0,3.7802343529369624
85,479,4.0,3.817912432637486
85,480,4.0,3.8543876327040816
85,488,4.0,3.686862890347826
85,492,4.0,3.718422497377904
85,498,4.0,4.166179067262969
85,499,4.0,3.7047766895381247
85,501,3.0,3.8987670415556823
85,502,4.0,3.923857443764855
85,507,4.0,3.769899468463585
85,508,2.0,3.826253398308965
85,509,4.0,3.745410932843502
85,511,4.0,3.8182645716643027
85,514,5.0,3.86862248512848
85,517,5.0,4.214388964680431
85,523,4.0,3.8718136742628966
85,528,4.0,4.0378020810291115
85,530,3.0,3.7996009631746768
85,566,3.0,4.000325325933832
85,568,3.0,4.227718181219684
85,588,3.0,3.8895663140108465
85,604,4.0,3.681948866071478
85,622,3.0,3.793598000493634
85,629,3.0,3.8202677609176203
85,632,3.0,3.7537221045858242
85,639,3.0,3.8698910700131406
85,642,4.0,4.052079526204062
85,647,4.0,3.990819450082998
85,655,3.0,4.076879976624657
85,658,3.0,3.7476493504914217
85,660,4.0,3.7146916567958135
85,661,4.0,3.633096414546755
85,690,2.0,3.946308560219533
85,692,3.0,4.263814948316627
85,702,2.0,4.094204432854681
85,708,4.0,3.808640363254554
85,709,5.0,3.9025955030597568
85,792,4.0,3.776334685488913
85,842,3.0,4.019182901182121
85,855,3.0,4.3334524199992615
85,971,3.0,3.9643118688748986
85,984,2.0,3.7215342348620677
85,1009,2.0,3.827171098264285
85,1021,3.0,3.698143834291375
85,1065,3.0,3.8079829359151876
85,1074,3.0,3.9815308009045056
85,1098,4.0,3.78959453976522
85,1101,4.0,3.94259389301608
85,1131,4.0,3.7269256586732094
85,1137,4.0,4.056752059129303
85,1149,3.0,3.752043067027467
85,1153,4.0,4.058917927753864
85,1167,3.0,3.9947871996536213
85,1168,3.0,3.812639400352311
85,1169,4.0,3.884956891311432
86,258,5.0,4.331499802569579
86,286,3.0,4.0108453999356986
86,288,3.0,3.8535275825381072
86,289,3.0,3.892545346671076
86,300,3.0,4.166907090645475
86,319,3.0,3.900796885238877
86,327,4.0,4.160272626885902
86,872,3.0,4.0793458153380735
86,879,2.0,4.33125615570478
86,881,2.0,4.201042270725694
86,889,5.0,4.077125984659832
86,1175,5.0,4.057592272562064
87,2,4.0,4.456891969302689
87,4,5.0,4.569481249343795
87,7,4.0,4.394756091224413
87,8,5.0,4.389990687431901
87,9,4.0,3.957806365567807
87,25,4.0,4.321602699899234
87,33,3.0,4.446022764597454
87,39,3.0,4.507803958933789
87,40,3.0,4.006533373974319
87,55,4.0,4.4885636538462945
87,63,4.0,4.254962569942432
87,64,5.0,4.077987345597776
87,67,4.0,4.024235570550532
87,68,3.0,4.568987132278207
87,70,5.0,4.311510464565163
87,73,3.0,4.531246325940829
87,79,5.0,4.359883217907065
87,82,5.0,4.506080065324523
87,87,4.0,3.882260670815601
87,88,5.0,4.223209532231677
87,90,2.0,4.237047853175612
87,96,5.0,4.316898985461477
87,97,5.0,4.115801699767148
87,118,4.0,4.477930153686248
87,120,2.0,4.3778295268084
87,135,5.0,4.21518560811969
87,154,4.0,3.9847471432601402
87,157,3.0,4.045466087215991
87,161,5.0,4.200666430194512
87,163,4.0,4.0179826315663085
87,177,5.0,4.1313463696161765
87,182,4.0,4.0677584922903085
87,183,4.0,4.48471194525386
87,186,5.0,4.34760209853016
87,192,3.0,3.880164446586742
87,196,5.0,3.885146017652698
87,201,2.0,4.334801829512061
87,208,5.0,4.091364611703315
87,209,5.0,4.19497760537796
87,210,5.0,4.106792204142582
87,211,5.0,4.002211907640766
87,229,4.0,4.307652075774186
87,231,3.0,4.435228550496491
87,233,4.0,4.048368303438361
87,238,3.0,3.9778205001271165
87,239,4.0,4.397788213835694
87,254,4.0,4.237267195491585
87,274,4.0,4.438869019077341
87,300,3.0,4.171334819266367
87,303,3.0,3.9997107733720347
87,318,4.0,4.069942514038926
87,367,4.0,4.177432597128324
87,382,3.0,4.252580032856965
87,384,4.0,3.966205001066059
87,385,5.0,4.593602378497632
87,386,2.0,3.994041153901751
87,393,4.0,4.0329012116861565
87,401,2.0,4.1274950610817065
87,403,3.0,4.432116512384012
87,409,3.0,4.447126770108596
87,411,4.0,4.5969436097473055
87,491,5.0,4.1329140962117
87,515,4.0,4.249452207905655
87,519,4.0,3.917587204805531
87,521,3.0,4.104537150686017
87,523,5.0,4.069053059422853
87,550,4.0,4.188348686855739
87,554,4.0,4.339442817701985
87,566,5.0,4.287035529683781
87,568,5.0,4.505220678922224
87,576,3.0,4.37260179375799
87,585,4.0,4.040870011867928
87,628,4.0,4.1768349317737865
87,629,4.0,4.097417706525636
87,651,4.0,4.359289375988373
87,679,3.0,4.114417556940415
87,684,5.0,4.293312862985081
87,702,3.0,4.454467653719392
87,705,4.0,3.9709674172552405
87,732,4.0,4.341597692816688
87,775,2.0,4.555600309178192
87,790,4.0,4.090785321248002
87,796,4.0,4.454467653719392
87,810,3.0,4.31526495114054
87,996,3.0,4.251880367332527
87,1000,3.0,4.262182123952843
87,1016,4.0,4.416086662310581
87,1047,3.0,4.2035295428796955
87,1072,3.0,4.314167271881871
87,1074,3.0,4.284712914741197
87,1079,2.0,4.219502315074867
87,1089,3.0,4.163328100963354
87,1182,3.0,4.112508073240444
87,1183,3.0,4.383125272349395
87,1184,3.0,4.022312822772228
87,1187,2.0,3.848955299111668
87,1189,5.0,3.9152765452478304
87,1190,4.0,4.236346550583461
88,261,5.0,4.557667284880269
88,301,4.0,4.580582630510719
88,302,3.0,4.527165480530476
88,315,4.0,4.4717506984198145
88,321,1.0,4.260794816582776
88,690,4.0,4.550697945439752
88,750,2.0,4.582952550521113
88,881,5.0,4.571305814933536
88,886,5.0,4.677522819808138
88,904,5.0,4.4080290277730825
89,14,4.0,4.635177375118675
89,26,3.0,4.49680516685148
89,83,4.0,4.829671730942268
89,93,2.0,4.5946480146623365
89,117,5.0,4.79430174751351
89,121,5.0,4.694070145122889
89,127,5.0,4.53673508466264
89,150,5.0,4.80758981464796
89,151,5.0,4.385749779293315
89,197,5.0,4.625230317525376
89,212,3.0,4.326146470874296
89,213,4.0,4.578309093546787
89,216,5.0,4.483950632347312
89,221,1.0,4.445881543585626
89,246,5.0,4.639303589315726
89,257,5.0,4.809956144254654
89,268,5.0,4.639303589315726
89,277,4.0,4.436537246856741
89,283,4.0,4.878064033448628
89,381,4.0,4.6574916133263455
89,387,5.0,4.440491080982496
89,517,5.0,4.799061978320043
89,694,5.0,4.435854491543436
89,707,5.0,4.261167654092939
89,716,3.0,4.6565699293384375
89,732,5.0,4.829671730942268
89,737,1.0,4.660688784900667
89,739,2.0,4.632955632435862
89,762,3.0,4.4702062869793
89,813,5.0,4.357332512731253
89,815,4.0,4.8324550851486965
89,845,2.0,4.57456377369565
89,936,5.0,5.0
89,949,3.0,4.5729842048744205
89,952,2.0,4.433542032160297
89,1048,3.0,5.0
90,6,4.0,4.407263549270721
90,9,4.0,4.528136991251805
90,11,4.0,4.600949416214297
90,12,5.0,4.637438617508672
90,14,5.0,4.7875460281861315
90,17,4.0,4.7586528543918325
90,22,4.0,4.857619729309778
90,25,5.0,4.717366722974183
90,30,5.0,4.449177604591649
90,31,4.0,4.7738044282622525
90,33,4.0,4.840839781773683
90,42,4.0,4.558194488667086
90,45,3.0,4.591312412108828
90,79,4.0,4.784511723899436
90,83,5.0,4.7740863012904535
90,86,5.0,4.675693239694123
90,96,4.0,4.583712964000571
90,98,5.0,4.743484167030807
90,100,5.0,4.869791742265075
90,131,5.0,4.6206119619315675
90,132,5.0,4.77888986600712
90,143,5.0,4.421829674112766
90,148,2.0,4.689955417584886
90,149,3.0,4.681696389977411
90,150,3.0,4.813559355794259
90,155,5.0,4.4748680608837255
90,166,4.0,4.420515408860895
90,177,5.0,4.50714241028584
90,178,5.0,4.44467809621073
90,179,5.0,4.475987712638447
90,180,4.0,4.6859263777349565
90,182,3.0,4.574733156756246
90,185,5.0,4.646026120703144
90,187,4.0,4.679738522371781
90,190,5.0,4.689740354180163
90,191,5.0,4.643554553241665
90,197,5.0,4.783056405234781
90,199,5.0,4.648704217795256
90,202,3.0,4.698014896456817
90,203,5.0,4.3989277141707
90,213,5.0,4.711994988861387
90,237,4.0,4.767366758294804
90,241,5.0,4.864622105811915
90,245,3.0,5.0
90,258,3.0,4.804008697802182
90,259,2.0,4.57119619965148
90,269,5.0,4.705415118342438
90,272,5.0,4.566977020742529
90,287,4.0,4.5957030030761565
90,289,3.0,4.801598308481371
90,301,4.0,4.5955363818621375
90,307,5.0,4.769003034436082
90,311,4.0,4.952569696679644
90,312,4.0,4.736701936750875
90,313,5.0,4.91801081956123
90,318,5.0,4.710713723524871
90,323,3.0,4.632255492767945
90,328,3.0,4.817236298023687
90,347,4.0,4.6797399044075805
90,354,3.0,4.6800077939063485
90,357,5.0,4.477344198292245
90,367,4.0,4.527042947983803
90,382,5.0,4.677695037611375
90,421,4.0,4.654406009892514
90,423,5.0,4.620276227720819
90,425,4.0,4.435962000306456
90,433,3.0,4.520296502625465
90,435,5.0,4.480132856023907
90,471,4.0,4.887423446687122
90,475,3.0,4.681696389977411
90,478,5.0,4.666911598845561
90,483,5.0,4.8051830439399845
90,486,5.0,4.64413093181702
90,489,5.0,4.678707392011026
90,494,5.0,4.401122337117126
90,499,5.0,4.443052713978554
90,501,5.0,4.547259519581136
90,506,5.0,4.453076089948038
90,507,5.0,4.500890543734294
90,512,4.0,4.723231245749658
90,514,3.0,4.543816889408744
90,517,3.0,4.842719733594267
90,518,2.0,4.512732873157084
90,521,4.0,4.658795308530843
90,526,5.0,4.603137252422072
90,529,5.0,4.458411708301893
90,547,3.0,4.509946798043394
90,553,2.0,4.820820693103325
90,602,5.0,4.578841655637003
90,603,5.0,4.502843337798951
90,604,5.0,4.424836700557363
90,611,5.0,4.554997106617252
90,613,4.0,4.383879941736641
90,614,4.0,4.469041194279339
90,618,5.0,4.492004306786859
90,631,5.0,4.925143551372259
90,648,4.0,4.687386985485191
90,652,4.0,4.563195870318367
90,657,5.0,4.603445557431892
90,659,4.0,4.567057390488351
90,662,5.0,4.74299286440519
90,690,4.0,4.651334123767358
90,692,4.0,4.925019482018279
90,693,3.0,4.621341051788956
90,705,5.0,4.487443185852832
90,707,5.0,4.497741453136909
90,713,4.0,4.621341051788956
90,739,5.0,4.613012276218418
90,813,4.0,4.512079786125911
90,821,3.0,4.707071952317783
90,855,5.0,4.955710230377403
90,879,3.0,4.8520286960076024
90,900,4.0,4.645210472200873
90,903,4.0,4.8810948829686165
90,904,3.0,4.573699065585105
90,906,2.0,4.687877205920004
90,923,5.0,4.471917834745764
90,945,5.0,4.83309543632746
90,958,4.0,4.603484786941232
90,962,2.0,4.549341951797281
90,964,5.0,4.735642130563129
90,966,5.0,4.480534731578844
90,971,4.0,4.658930320731764
90,995,4.0,4.524019667757543
90,1020,5.0,4.50753580756479
90,1048,4.0,5.0
90,1086,4.0,4.6249741450452
90,1101,4.0,4.66183661546097
90,1109,3.0,4.739053168929651
90,1125,4.0,4.4591117089837535
90,1193,4.0,4.560068709194921
90,1194,4.0,4.675754720886479
90,1197,4.0,4.823006729236785
90,1198,5.0,4.498139868816648
90,1200,4.0,4.599274321414181
90,1206,2.0,4.452720678996073
91,28,4.0,4.445935186358571
91,64,4.0,4.181958414843628
91,82,5.0,4.5586252955723525
91,97,5.0,4.297450635450619
91,99,2.0,4.207624898177974
91,131,2.0,4.165153459054726
91,134,4.0,4.049793230526547
91,161,3.0,4.310387917739825
91,172,4.0,4.951234802244667
91,174,5.0,4.18048617060358
91,181,5.0,4.726952889501379
91,193,3.0,4.097142640724328
91,195,5.0,4.6184966195202986
91,230,4.0,4.369930014412633
91,234,5.0,4.205458872739602
91,264,4.0,4.462390545230985
91,265,5.0,4.317046925784872
91,289,4.0,4.240661149367707
91,313,4.0,4.617008315477701
91,318,5.0,4.35335426425462
91,322,4.0,4.278285349756406
91,323,2.0,4.351748589983018
91,326,3.0,4.490819763434095
91,327,4.0,4.369665927757268
91,331,5.0,4.545855414932296
91,338,4.0,4.119278455647243
91,351,4.0,4.096985268723681
91,357,5.0,4.018524414795585
91,423,5.0,4.339746146458741
91,427,4.0,4.093397370848288
91,435,4.0,4.146539794657323
91,479,4.0,4.240661613894688
91,480,4.0,4.1134470245164705
91,482,3.0,4.068798675169742
91,484,4.0,4.198310722663651
91,504,3.0,4.115503985076708
91,507,4.0,4.14640322245355
91,510,3.0,4.389290331643359
91,515,5.0,4.470702171654537
91,526,4.0,4.329441717775586
91,529,4.0,4.025404554519769
91,616,4.0,4.2184199945644
91,618,3.0,4.023510253590826
91,682,2.0,4.278952045676068
91,683,3.0,4.09801151864845
91,689,5.0,4.5909988068932694
91,748,2.0,4.737883150635281
91,1050,3.0,4.204469984460026
92,2,3.0,3.9913594965677563
92,11,4.0,3.663637299266956
92,15,3.0,3.4454528757855716
92,22,3.0,3.9049594991937835
92,24,3.0,3.7930105767403814
92,28,3.0,3.8580490284678537
92,31,4.0,3.709888938199809
92,32,3.0,3.432961638694963
92,42,4.0,3.56475161270911
92,43,3.0,3.78689553068479
92,46,4.0,3.5275272090858323
92,48,4.0,3.3920588082506438
92,53,3.0,3.660857673084989
92,62,3.0,4.081031380607025
92,66,3.0,3.7750225060162927
92,67,3.0,3.4380843513117645
92,73,3.0,3.8772704461348595
92,77,3.0,3.8523962450735447
92,79,4.0,3.925238131754823
92,81,3.0,3.762147258214826
92,85,3.0,3.701335407041427
92,87,3.0,3.3922574698844565
92,88,3.0,3.6328678892733124
92,89,5.0,3.5857221169929105
92,93,4.0,3.6539002895359083
92,94,3.0,3.7154868004273265
92,96,4.0,3.8219424786606466
92,98,5.0,3.6677798839567965
92,101,2.0,3.9380572487162055
92,102,2.0,3.6062799928603995
92,106,3.0,3.8353706163356547
92,109,3.0,3.6987630190168392
92,115,3.0,3.384332311943816
92,121,5.0,3.8933463862122433
92,123,2.0,3.8692375096997544
92,124,4.0,3.636630243027626
92,129,4.0,4.0979415206239755
92,132,3.0,3.780176613856629
92,134,4.0,3.325048711850882
92,135,4.0,3.7585581676005098
92,144,4.0,3.633085793592138
92,148,2.0,3.840111338566963
92,154,4.0,3.383994919147093
92,159,4.0,3.5503349137344475
92,161,2.0,3.6492322032589355
92,164,4.0,4.153721645425616
92,168,4.0,3.3366417062634994
92,172,4.0,4.137149689689216
92,173,3.0,3.9386920176373503
92,175,4.0,3.5338622572096563
92,176,5.0,3.9753025442107726
92,180,5.0,3.505403216508251
92,181,4.0,3.9756595995463107
92,183,4.0,3.97429502113716
92,184,3.0,4.096519787172392
92,189,4.0,3.661400226780725
92,190,4.0,3.513071591506338
92,191,4.0,3.487162619993776
92,196,4.0,3.3757108825834883
92,201,3.0,3.7838274405293486
92,203,4.0,3.398878689314926
92,209,5.0,3.6254675854794507
92,214,4.0,3.5455177196142706
92,215,4.0,3.382727424154882
92,216,3.0,3.468858254213993
92,219,4.0,3.4019255696887014
92,220,1.0,3.807110173990547
92,223,5.0,3.723822030470904
92,226,3.0,3.659317741298965
92,229,3.0,3.73597989531944
92,238,5.0,3.365055611605143
92,241,3.0,3.916107587316958
92,248,4.0,3.536321968170335
92,249,3.0,3.39795884441314
92,252,4.0,3.974497867294282
92,273,4.0,3.961084852059806
92,276,5.0,3.5598589396296556
92,278,3.0,3.66498817479119
92,281,3.0,3.8534187086911302
92,288,3.0,3.7436959506982754
92,289,3.0,3.717440447543561
92,291,4.0,3.5402181308640737
92,295,2.0,3.799814296166953
92,313,5.0,3.9204514420367844
92,318,2.0,3.5854680245580948
92,328,3.0,3.8665872036396576
92,367,3.0,3.548093733662125
92,376,3.0,3.56475161270911
92,386,3.0,3.4205445245357438
92,393,3.0,3.4420225113829344
92,403,4.0,3.935864756950145
92,410,3.0,3.614973833731686
92,412,2.0,3.63747791101593
92,423,3.0,3.7115120098655767
92,431,4.0,3.641423572130883
92,453,1.0,3.526680275508133
92,455,2.0,3.5301381333971644
92,463,4.0,3.5032330325506456
92,471,4.0,3.7403224295649458
92,475,5.0,3.577713287403322
92,476,2.0,3.64144896677971
92,501,2.0,3.619898169377791
92,508,5.0,3.492267298627761
92,515,4.0,3.7222938608307063
92,518,5.0,3.442654188107665
92,521,4.0,3.559106463568398
92,527,3.0,3.3885482687134547
92,528,4.0,3.55352255109439
92,531,4.0,3.7904678385187265
92,540,2.0,3.506872560049491
92,551,2.0,3.4201031978077365
92,552,3.0,3.6760661247497053
92,559,3.0,3.583331764810249
92,561,3.0,3.5866598713574245
92,568,3.0,4.022104841996588
92,576,2.0,3.8748060717863106
92,581,4.0,3.7384025108629997
92,582,5.0,3.8106370279416266
92,587,3.0,3.6342635943775354
92,595,3.0,3.717651499097362
92,596,2.0,3.7430344710937806
92,619,4.0,3.716653814161733
92,628,4.0,3.762722666784483
92,640,5.0,3.421281304425526
92,655,4.0,3.7225646489780093
92,660,4.0,3.356174674680665
92,663,4.0,3.4537755238291252
92,665,3.0,4.0062977168484855
92,672,3.0,3.4433103816005333
92,673,4.0,3.4915265481081588
92,678,2.0,3.720356851133719
92,692,4.0,3.9138057326933025
92,709,2.0,3.6199536654192843
92,712,3.0,3.566127667786272
92,715,4.0,3.789400781025553
92,717,3.0,3.9499580202336633
92,720,3.0,4.107242543009102
92,722,3.0,3.548093733662125
92,725,3.0,3.488468741239908
92,727,4.0,3.633484143451803
92,728,3.0,3.9323150231868675
92,731,4.0,3.746814525792387
92,739,2.0,3.6068452932738393
92,747,4.0,3.5919670156398764
92,748,3.0,4.039235463112006
92,756,3.0,3.4532005652764317
92,763,3.0,3.519077226257523
92,778,4.0,3.724537900791263
92,781,3.0,3.6883953992649356
92,785,3.0,4.162146049098085
92,790,3.0,3.4945103096426675
92,794,3.0,3.7424771260894976
92,802,2.0,3.952188581019117
92,820,1.0,3.901477449804289
92,825,4.0,4.231937882959162
92,831,2.0,4.028031677336689
92,834,1.0,3.5079699546977876
92,845,3.0,3.584807972715236
92,846,3.0,3.597970334444758
92,925,3.0,3.916075134033875
92,928,3.0,3.826940276148965
92,930,2.0,3.8953977804086506
92,931,1.0,3.7893771836778813
92,947,4.0,3.5601671320650192
92,955,4.0,3.728652525824408
92,961,4.0,3.4826284221345385
92,963,5.0,3.5832968391212474
92,977,2.0,3.776024120649492
92,986,2.0,3.4737196701025366
92,1012,4.0,3.621808149670258
92,1014,3.0,3.4069247546934003
92,1016,2.0,3.9642493885185113
92,1033,2.0,3.5417614666281785
92,1041,3.0,3.682162317237662
92,1047,1.0,3.614973833731686
92,1049,1.0,3.5349821947339626
92,1079,3.0,3.674323384940104
92,1095,2.0,3.4562374683694754
92,1142,4.0,3.477196565954969
92,1207,3.0,3.525045077064353
92,1209,1.0,3.482734961126241
92,1212,3.0,3.6672711304499273
92,1213,2.0,3.772145749701716
92,1215,2.0,3.867415477964195
93,15,5.0,3.2124882779528097
93,125,1.0,3.6822352757287256
93,222,4.0,3.479471129667004
93,235,4.0,3.5359568997899915
93,275,4.0,3.3936024247558025
93,412,2.0,3.3496628612633366
93,476,4.0,3.3591239972915203
93,477,5.0,3.6331117319917565
93,815,4.0,3.673724421214596
93,820,3.0,3.682381002290543
93,845,4.0,3.330694641847102
94,1,4.0,4.224055663489219
94,8,5.0,4.406975500224702
94,9,5.0,3.9098023426828905
94,12,4.0,4.117104397317702
94,17,2.0,4.283720760145084
94,23,5.0,3.9366794261569247
94,24,4.0,4.183458827889379
94,28,4.0,4.268990638732626
94,31,4.0,4.179931664323618
94,33,3.0,4.356417651840037
94,34,1.0,4.222044055648411
94,38,2.0,4.296099368652092
94,39,3.0,4.291746388010943
94,45,5.0,4.052856078294999
94,50,5.0,4.363465728426867
94,52,5.0,3.9990276165211043
94,55,4.0,4.515287911696637
94,58,5.0,4.001817405149845
94,61,5.0,3.910678843222378
94,62,3.0,4.417829546523374
94,63,3.0,4.248522747875125
94,64,5.0,4.034564973660563
94,68,4.0,4.480391942409375
94,70,4.0,4.116908636892972
94,76,4.0,4.104102600727394
94,79,4.0,4.370613004132178
94,82,4.0,4.341029372550589
94,88,3.0,4.131397372524986
94,89,3.0,4.027711542880528
94,92,4.0,4.290771706131496
94,96,3.0,4.148291466545022
94,99,3.0,4.004161655951821
94,100,5.0,4.26495406455558
94,101,2.0,4.298929078342859
94,102,3.0,4.072220315232041
94,109,4.0,4.049511482322445
94,118,3.0,4.304838262050255
94,133,4.0,4.079724423245509
94,135,4.0,4.15031375004768
94,144,3.0,3.9981532151186343
94,153,5.0,3.8753953310566582
94,155,2.0,3.897370913635715
94,156,5.0,3.9432690764366485
94,157,5.0,4.0295570101576645
94,161,3.0,4.052315753165207
94,168,5.0,3.805525002539503
94,170,5.0,4.119904141381981
94,174,4.0,3.9498644396717912
94,175,4.0,3.939598377100816
94,180,5.0,4.023244342626449
94,184,2.0,4.4988477433042595
94,185,5.0,4.041188782820285
94,186,4.0,4.229949781862966
94,193,5.0,3.9014290970509853
94,202,2.0,4.182259225276603
94,203,5.0,3.7889127677882017
94,206,4.0,4.218772004279501
94,211,5.0,3.8562410889241243
94,214,5.0,4.038688661510159
94,216,3.0,3.962364563294047
94,217,4.0,3.939509607250929
94,218,3.0,3.815387122905355
94,222,3.0,4.230022256652697
94,223,5.0,4.072664216272799
94,227,3.0,4.090912578653851
94,229,3.0,4.102303719936201
94,232,3.0,4.100965979828212
94,234,5.0,3.98980106857577
94,235,4.0,4.361702663370035
94,241,4.0,4.329182212919578
94,246,4.0,4.0718174702305
94,257,4.0,4.412225643134416
94,258,5.0,4.235680836313387
94,265,4.0,4.097808919419352
94,273,4.0,4.3042691456308875
94,282,3.0,4.013866590233756
94,288,3.0,4.0349066621338725
94,313,4.0,4.346334767912975
94,334,3.0,4.10810852283676
94,343,4.0,4.183146090585042
94,346,4.0,3.9752486983884645
94,347,5.0,4.066254338148385
94,366,3.0,3.914862678236261
94,380,3.0,4.255370425179107
94,385,2.0,4.402471053302126
94,390,5.0,3.939961681350572
94,393,3.0,3.9614114851608355
94,402,4.0,4.2814432709867285
94,405,3.0,4.117983712116407
94,410,4.0,3.972187099077183
94,420,4.0,4.054904081373345
94,421,4.0,4.0043824259988785
94,425,5.0,3.846042932674248
94,428,5.0,3.8275498773028964
94,431,4.0,4.02615848885588
94,443,4.0,3.881644168054403
94,447,4.0,3.753160388124323
94,448,5.0,3.871764568691305
94,455,3.0,3.915060500868772
94,458,4.0,3.986107430504822
94,467,4.0,4.07146140970038
94,470,4.0,3.92149661405855
94,471,4.0,4.175773943693095
94,472,3.0,4.209324936394207
94,483,5.0,4.108194275743433
94,496,3.0,3.869390443035586
94,537,4.0,3.8276435928269033
94,541,3.0,4.09040524570671
94,546,3.0,4.071963652099721
94,550,1.0,4.0398765146649005
94,556,3.0,3.903396932627574
94,561,3.0,4.070888715248542
94,562,3.0,4.284329322805778
94,566,2.0,4.153055698965924
94,572,3.0,4.131486774706273
94,576,2.0,4.314392988483739
94,581,4.0,4.236567731374335
94,583,3.0,4.048452681481698
94,588,4.0,4.1106930644157424
94,603,4.0,3.867772485951407
94,616,4.0,3.965092495271812
94,624,2.0,4.180501228720862
94,625,4.0,4.037987249916812
94,644,5.0,3.839524251066372
94,646,5.0,3.7507790655711837
94,650,5.0,3.881181032377167
94,651,5.0,4.310444519368161
94,652,4.0,4.033327025862621
94,655,4.0,4.169495559012416
94,657,5.0,4.0029081054892535
94,674,3.0,3.784622979890389
94,684,4.0,4.287356008025627
94,685,4.0,4.067884496857844
94,693,4.0,3.986107430504822
94,696,4.0,4.0814550496995015
94,700,2.0,3.9272598181199516
94,715,4.0,4.279359798513283
94,720,1.0,4.5319566796618025
94,723,3.0,4.302985932731509
94,727,5.0,4.103217968831835
94,731,3.0,4.212705366109366
94,738,2.0,4.239344838594255
94,742,3.0,4.165811080615626
94,744,4.0,4.061110508731409
94,765,3.0,4.0954895673911995
94,768,3.0,4.198546268853453
94,783,2.0,4.1294059794882125
94,789,4.0,4.109917678154122
94,792,4.0,3.94017832936051
94,806,4.0,4.1961641017031885
94,810,3.0,4.190591789830392
94,820,1.0,4.317412698841501
94,824,4.0,3.9702226776225698
94,829,2.0,4.149430190818366
94,860,2.0,4.0567555566391515
94,921,5.0,4.125691523697669
94,942,4.0,4.015270439904933
94,946,3.0,4.071628527475456
94,949,5.0,4.03857867461781
94,961,4.0,4.027505192586134
94,969,4.0,3.9078963613567836
94,1004,3.0,4.001395024555635
94,1028,2.0,4.062601068227294
94,1032,2.0,4.11269701580996
94,1044,4.0,4.380226271164333
94,1048,4.0,4.421447869607567
94,1074,2.0,4.121239975728382
94,1089,2.0,4.069796015104209
94,1119,4.0,3.9965863521007248
94,1147,4.0,4.054101364260391
94,1153,4.0,4.201129942746679
94,1199,3.0,4.019208399739215
94,1206,3.0,3.9311005483655546
94,1210,3.0,4.1896474305313856
94,1217,3.0,3.926547403011851
94,1220,3.0,3.904131983287467
94,1223,4.0,3.961138607574007
94,1224,3.0,4.152173015008815
94,1226,4.0,3.94948039862554
95,1,5.0,4.128467235561676
95,2,2.0,4.1840704933325
95,3,1.0,3.6604531746760554
95,7,5.0,4.043872683957285
95,14,5.0,3.9273913411654475
95,15,4.0,3.7237122739372333
95,24,3.0,4.030864477477554
95,26,3.0,3.803334148937521
95,32,1.0,3.666108672422841
95,33,3.0,4.117696564445083
95,43,2.0,3.9404653039479944
95,48,4.0,3.647844262193795
95,64,5.0,3.815307899398101
95,68,4.0,4.271716301367718
95,69,5.0,4.008446551698844
95,79,4.0,4.1307331433506596
95,83,5.0,3.9722836260711505
95,88,4.0,3.8695931677965727
95,90,2.0,3.899600554779
95,96,4.0,3.99710887041425
95,101,1.0,4.220718513249261
95,111,4.0,3.8584287871528375
95,117,4.0,4.292261579894559
95,128,3.0,3.9228295950262067
95,132,3.0,4.245904957923988
95,135,3.0,3.9254549384364044
95,137,3.0,3.6996477729127224
95,142,4.0,4.056956122070376
95,143,4.0,3.6795763949283415
95,151,4.0,3.9907335608495176
95,161,3.0,3.907499229874071
95,172,4.0,4.421474232127999
95,173,5.0,4.266389697526089
95,174,5.0,3.852409526357905
95,176,3.0,4.164476557354258
95,178,5.0,3.599478337663907
95,181,4.0,4.251686794824383
95,185,3.0,3.824165932308295
95,191,5.0,3.806824982739038
95,202,4.0,3.9262665154654863
95,204,5.0,3.9282832456689447
95,211,3.0,3.6957239170249583
95,226,4.0,3.9052032775728427
95,229,3.0,4.015622979490707
95,232,4.0,4.011640340488583
95,233,4.0,3.7583200815862963
95,239,3.0,4.050786889917893
95,241,3.0,4.1942770402126435
95,265,3.0,3.939473637468703
95,286,5.0,4.067634772932461
95,289,2.0,3.9132264189821755
95,328,5.0,4.024517128432504
95,357,4.0,3.69343998180646
95,366,4.0,3.664444641359375
95,371,2.0,3.8857681474756878
95,378,4.0,3.668981289205699
95,385,4.0,4.29833875003979
95,393,5.0,3.6996735946078134
95,395,3.0,3.671289576078433
95,402,3.0,4.049481712268246
95,403,1.0,4.254309749007705
95,404,5.0,3.9375071060031606
95,416,4.0,3.930680332284142
95,417,3.0,3.969694763534188
95,422,2.0,4.07046762342564
95,432,3.0,4.072435844144728
95,443,3.0,3.7244614433295427
95,445,4.0,3.6692949376162836
95,471,5.0,3.947069307683075
95,474,4.0,3.7339244371679516
95,483,3.0,3.91090070353936
95,496,4.0,3.689364990925334
95,498,3.0,4.18211855643796
95,505,3.0,3.6347628116195834
95,510,4.0,4.017681203349
95,514,2.0,3.7763062613322287
95,518,4.0,3.7760081355842803
95,523,4.0,3.72611567873096
95,527,4.0,3.6442078286445714
95,546,2.0,3.8687219346948165
95,550,4.0,3.845866396761319
95,554,3.0,4.043652536315291
95,560,1.0,4.393032583142362
95,568,4.0,4.176984682676483
95,573,1.0,4.001397755305409
95,588,3.0,4.065278870747766
95,591,5.0,3.8167759467828026
95,622,4.0,3.878385390778277
95,625,4.0,3.965612456704327
95,627,4.0,3.625233809063477
95,636,1.0,4.170066570015311
95,651,5.0,4.2001781965898655
95,655,4.0,4.039735775050822
95,657,5.0,3.7486065148288796
95,660,5.0,3.615369255494544
95,674,2.0,3.601146151425129
95,675,2.0,3.5996913879397736
95,683,4.0,3.6700342373213393
95,699,2.0,3.7058922265465184
95,712,2.0,3.806033861084765
95,716,3.0,3.862257106509568
95,720,2.0,4.388851323213466
95,728,3.0,4.083714185672315
95,736,4.0,3.9666418837325
95,737,3.0,3.9830192476663306
95,742,4.0,3.8869007067407333
95,747,5.0,3.8281143479507467
95,768,1.0,4.127540748678085
95,787,2.0,3.9415850725718893
95,791,3.0,3.894155170942874
95,843,4.0,3.9999865238518724
95,862,1.0,4.175953763390784
95,878,1.0,4.049647797708151
95,976,2.0,4.184396023527839
95,1018,3.0,3.614947728346501
95,1090,1.0,3.6888655312885885
95,1206,4.0,3.6716396134034723
95,1217,3.0,3.6542113915492833
95,1219,1.0,4.3355476277094835
95,1229,2.0,3.7796045857982263
95,1230,1.0,3.6969350469011415
96,1,5.0,4.473442970900728
96,8,5.0,4.621403092631551
96,23,5.0,4.468607714455257
96,50,5.0,5.0
96,64,5.0,4.489523030864022
96,79,4.0,4.842466632778477
96,87,4.0,4.377810352503163
96,91,5.0,4.615829893443548
96,96,4.0,4.840860906044279
96,100,5.0,4.767943060030984
96,153,4.0,4.476332384923958
96,156,4.0,4.531530740691187
96,170,5.0,4.683624812321698
96,173,3.0,4.85296926666199
96,176,4.0,4.986533750233396
96,198,5.0,4.403050613277428
96,435,3.0,4.50101938129212
96,474,4.0,4.526076829425574
96,478,2.0,4.583004641122492
96,479,4.0,4.422594104684729
96,483,5.0,4.617505273707493
96,484,5.0,4.501157088099454
96,519,4.0,4.365337726592633
96,525,2.0,4.5102075514835835
96,645,5.0,4.406936763914064
96,673,4.0,4.5033590788486375
96,1154,5.0,4.549367574107967
96,1232,5.0,4.333448417165847
97,7,5.0,4.724406170823559
97,28,5.0,4.451599727843229
97,32,5.0,4.038854081095949
97,50,5.0,4.824907662794896
97,79,5.0,4.543513946902455
97,89,5.0,4.43047422615539
97,97,5.0,4.299108026242526
97,98,4.0,4.355437485256977
97,115,5.0,4.093352614687651
97,168,4.0,4.0863425599443834
97,174,4.0,4.237226665150022
97,192,1.0,4.144725944779889
97,194,3.0,4.280044108589136
97,202,5.0,4.371880275049136
97,222,5.0,4.661816145842826
97,228,5.0,4.565527653307287
97,357,5.0,4.070896946393712
97,428,4.0,4.057313599419702
97,429,4.0,4.547767709481891
97,430,5.0,4.192720035529091
97,432,4.0,4.3837510864965825
97,435,4.0,4.244896703619333
97,466,3.0,4.065483262220838
97,482,5.0,4.2050656500694705
97,484,3.0,4.215729830692952
97,655,5.0,4.512616550632587
97,661,5.0,4.00426520997318
97,670,5.0,4.677012415998288
98,47,4.0,4.222691400886113
98,70,3.0,4.264501620125904
98,116,5.0,4.042818007953086
98,163,3.0,4.16486443982785
98,173,1.0,4.318705748280913
98,209,2.0,4.2182338105064545
98,321,3.0,4.203907768553703
98,517,5.0,4.335547732024814
98,655,3.0,4.199054963624704
98,745,3.0,4.095420014279109
98,938,3.0,4.391321821342916
99,3,3.0,3.9163796432788143
99,4,5.0,4.3211554846726745
99,7,4.0,4.095368384905762
99,11,5.0,4.007215660064198
99,12,5.0,4.068888979340996
99,50,5.0,4.230075381590448
99,56,5.0,3.91676312096567
99,66,3.0,4.120608515872007
99,69,4.0,4.060510102798855
99,79,4.0,4.215237864183154
99,100,5.0,4.460591985815479
99,107,3.0,4.009513439527941
99,111,1.0,4.136582882659577
99,118,2.0,4.524540051806179
99,123,3.0,4.287804918076533
99,124,2.0,4.149978241276292
99,168,5.0,3.7432373162435613
99,181,5.0,4.228519938901199
99,182,4.0,3.927550669099535
99,196,4.0,3.8445904198687475
99,203,4.0,3.702634423375057
99,204,4.0,3.933912857513183
99,232,4.0,4.006285385886655
99,237,5.0,4.202470914061751
99,245,3.0,4.549210405288919
99,246,3.0,4.112639517814475
99,255,3.0,4.020835030072955
99,258,5.0,4.161891110803573
99,265,3.0,4.0227250553468945
99,268,3.0,4.112639517814475
99,273,5.0,4.294628194386891
99,274,1.0,4.137142540755848
99,288,4.0,4.178840660558078
99,312,2.0,4.155050172955173
99,322,3.0,3.976887413247841
99,328,4.0,4.2782647432282115
99,331,3.0,4.2068955542655555
99,338,4.0,4.001126027434309
99,346,4.0,4.0293079878429054
99,354,2.0,4.06767631937727
99,363,4.0,3.9096685174428085
99,369,4.0,4.037490830528992
99,402,4.0,4.140268598266984
99,403,4.0,4.344055605137531
99,406,3.0,4.166550673125528
99,409,2.0,4.35839468886655
99,410,5.0,4.153258888144716
99,413,3.0,3.8420175340233667
99,421,3.0,4.065661621778151
99,472,3.0,4.354841782514317
99,508,4.0,3.9735288564181914
99,546,4.0,4.259533656278663
99,597,4.0,4.4203569739087465
99,628,4.0,4.243578365178647
99,676,4.0,4.237032316348953
99,682,2.0,3.9769391133872953
99,685,3.0,4.253496790573505
99,694,1.0,3.8591568519036112
99,741,3.0,4.275546813705306
99,742,5.0,4.38903202351239
99,748,4.0,4.467600761788509
99,762,2.0,4.074275915561381
99,827,3.0,4.524540051806179
99,871,2.0,3.9357909070175183
99,873,1.0,4.080547881477642
99,895,3.0,3.9982208188337784
99,926,3.0,4.153258888144716
99,963,3.0,3.9555471264974833
99,978,3.0,4.064546117284083
99,1016,5.0,4.4404393529322554
99,1052,1.0,3.902538533389709
99,1067,4.0,4.0322413810249
99,1119,4.0,4.026790571306794
100,266,2.0,3.6196035452690873
100,268,3.0,3.6642749910823973
100,288,2.0,3.394093831928359
100,289,3.0,3.3131328006699547
100,292,2.0,3.728142057456794
100,302,4.0,3.531014844048679
100,313,5.0,3.8967613146017834
100,316,5.0,3.662179556026448
100,321,1.0,3.2067563517571767
100,323,3.0,3.6506247954674533
100,333,3.0,3.7825539686089344
100,340,3.0,3.5671270660516754
100,342,3.0,3.5665655037413515
100,344,4.0,3.806202771538718
100,348,3.0,3.514072522774626
100,354,2.0,3.4231611418892545
100,355,4.0,3.5512879912388438
100,689,3.0,3.9321350512991042
100,691,4.0,3.4396328665581044
100,750,4.0,3.728142057456794
100,752,4.0,3.5206552579734294
100,905,3.0,3.415415977259744
100,990,3.0,3.6444918435502514
100,1236,3.0,3.5546482191941564
100,1238,2.0,3.260040409918183
101,24,4.0,3.3632265760737976
101,50,4.0,3.5315882177976627
101,109,2.0,3.453073279876424
101,118,3.0,3.93310000508766
101,121,4.0,3.591113810313294
101,122,1.0,3.5541854000047994
101,123,2.0,3.731613055450023
101,222,3.0,3.674956242892955
101,237,5.0,3.626702813401187
101,252,3.0,3.5158045132285385
101,281,2.0,3.3843683083616005
101,282,3.0,3.5801970583749054
101,284,4.0,3.630959082353086
101,304,3.0,3.5678270901456584
101,369,2.0,3.506634511514047
101,405,4.0,3.5898555601843576
101,471,3.0,3.6989618653003027
101,596,3.0,3.5340365075168565
101,756,3.0,3.1259820935022558
101,815,3.0,3.68178857342554
101,829,3.0,3.7721042852346462
101,840,3.0,3.64297295279105
101,928,2.0,3.7439555063159276
101,975,2.0,3.669503895933698
101,1034,2.0,3.848412560123097
101,1047,2.0,3.6324402399862272
101,1051,2.0,3.7298383121746794
101,1057,2.0,3.7298383121746794
101,1093,1.0,3.1201008445897744
102,5,3.0,3.1759369818095866
102,47,2.0,2.9554631687125945
102,50,4.0,3.418267877026789
102,62,3.0,3.512125299838214
102,66,3.0,3.055740177128454
102,67,1.0,2.729838734533216
102,70,3.0,2.9441759718546305
102,79,2.0,3.2596339418914275
102,83,3.0,2.9836727607234947
102,89,4.0,2.898035802929437
102,94,2.0,2.9977765986547054
102,96,3.0,3.1809021054819677
102,98,4.0,2.931741429405034
102,99,2.0,2.8687964723693713
102,101,4.0,3.38605145801625
102,102,3.0,2.933253714086817
102,118,3.0,3.3754848290645683
102,121,3.0,3.207189217875544
102,144,3.0,3.0618748463604795
102,161,2.0,3.091893459415583
102,163,2.0,2.7791421206044897
102,164,3.0,3.553809318086066
102,167,2.0,2.716546293010597
102,173,3.0,3.3679312728875903
102,176,3.0,3.421435758808594
102,181,2.0,3.379689217390376
102,183,4.0,3.4079943664150076
102,184,2.0,3.5196511781730164
102,186,4.0,3.180974610817864
102,195,4.0,3.4126920017562896
102,202,4.0,2.922539310932864
102,208,4.0,2.8916751609603715
102,217,2.0,2.8543169460995603
102,222,3.0,3.3849975566156534
102,233,3.0,2.8971040691888774
102,239,3.0,3.2489229572875624
102,248,3.0,2.9219564356919454
102,264,2.0,3.190542579820535
102,271,2.0,3.443448340313589
102,286,3.0,3.0337428484785423
102,298,3.0,3.3935776518720777
102,300,3.0,3.109540918630306
102,302,3.0,2.9817382228374463
102,307,4.0,3.199158839706241
102,313,3.0,3.317280254033848
102,322,3.0,2.8822081700286892
102,326,3.0,3.0558684339910864
102,350,3.0,3.1252525536445246
102,358,3.0,3.6384427788434737
102,363,2.0,2.8751537094173982
102,385,3.0,3.3927687333042544
102,391,2.0,3.1298832860855352
102,393,3.0,2.7268963564877136
102,399,2.0,3.412242573264473
102,403,3.0,3.368445583212467
102,405,2.0,3.118726280287776
102,418,3.0,2.9385609300408415
102,432,3.0,2.9404445323113775
102,443,3.0,2.8010206455765054
102,444,1.0,3.1107975759867097
102,445,2.0,2.7619467504219406
102,448,3.0,2.8281100004627153
102,502,3.0,2.865360577849297
102,510,4.0,3.06421444770193
102,515,1.0,3.07410836565667
102,524,3.0,2.776132332249864
102,530,3.0,2.800889360430263
102,554,2.0,3.2266749013112337
102,559,3.0,2.8566699851632293
102,565,2.0,2.929696709598388
102,568,2.0,3.358664850106549
102,576,2.0,3.3013766325988323
102,577,3.0,3.194244313613833
102,578,2.0,3.2227867010722924
102,588,4.0,2.950780941039501
102,597,3.0,3.184838009971096
102,625,3.0,2.8849634874239944
102,629,3.0,2.8032898460598354
102,635,2.0,2.8476458538712066
102,636,3.0,3.3497294386954075
102,663,3.0,2.807140337496831
102,675,3.0,2.6918685068592305
102,685,3.0,3.0498998816570784
102,686,3.0,3.1198647175114007
102,689,3.0,3.352204030935277
102,720,2.0,3.4892716494983356
102,732,3.0,2.9836727607234947
102,734,2.0,2.8092522260473953
102,746,2.0,2.719188528791023
102,748,3.0,3.4558220972501585
102,768,2.0,3.02512697974175
102,797,2.0,3.350597957027283
102,809,3.0,3.095095169731238
102,810,2.0,3.0882779292872087
102,823,3.0,2.9342232505525017
102,827,2.0,3.3754848290645683
102,831,2.0,3.3738611945868224
102,840,2.0,3.0981005751917117
102,866,2.0,3.025613914849799
102,930,2.0,3.225975642500717
102,986,1.0,2.8189177549919
102,1025,2.0,3.744405966711721
102,1030,1.0,2.8413974057471623
102,1239,2.0,3.243328048493458
103,24,4.0,3.870457357091295
103,50,5.0,4.21499458035975
103,69,3.0,3.777572313960702
103,96,4.0,4.053743023094297
103,117,4.0,4.16526943344967
103,121,3.0,4.014697667705994
103,126,5.0,3.568004404778247
103,127,4.0,3.777376755751683
103,144,4.0,3.706463644451349
103,222,3.0,4.151559307882821
103,234,3.0,3.6516831098163376
103,300,3.0,3.9168884278431926
103,471,4.0,3.657770090122057
103,527,5.0,3.4488643421373415
104,7,3.0,3.401650925712712
104,25,3.0,3.256456164747533
104,100,4.0,3.4925164005163785
104,117,2.0,3.530655082707427
104,122,3.0,3.1450710677405294
104,147,3.0,3.2715637602363765
104,150,5.0,3.3307634454033863
104,235,2.0,3.48990194288694
104,245,2.0,3.748300422231652
104,248,2.0,3.215803872904166
104,249,3.0,3.099225648501116
104,269,5.0,3.440276961263511
104,282,3.0,3.203875653260965
104,283,4.0,3.4213645630714407
104,285,4.0,3.0714002428128366
104,287,2.0,3.0830067715009046
104,288,2.0,3.2590346979740916
104,293,3.0,3.3215862489101085
104,299,3.0,3.447228651980583
104,300,3.0,3.3877301600867122
104,301,2.0,3.3983257324376748
104,312,3.0,3.415818460698381
104,324,1.0,3.172760040349687
104,325,1.0,3.418630628019938
104,327,2.0,3.467772216830228
104,331,3.0,3.4763119767664126
104,342,3.0,3.3328721433775232
104,346,3.0,3.3368723983335142
104,347,2.0,3.3570626616044006
104,354,3.0,3.127113560578913
104,411,1.0,3.4641833667273927
104,412,3.0,3.1489314559144477
104,475,4.0,3.1986565656043973
104,544,3.0,3.219865946622646
104,546,1.0,3.2589930737178148
104,713,3.0,3.058647206998363
104,744,1.0,3.263876835596057
104,751,4.0,3.499720759052577
104,756,2.0,2.9482358024908115
104,823,1.0,3.223017135967647
104,827,2.0,3.4559187211682185
104,984,1.0,3.20647519611024
104,1010,1.0,3.1986565656043973
104,1011,3.0,3.040920115434748
104,1016,1.0,3.6136796411738565
104,1017,1.0,3.096601596354641
104,1226,3.0,3.2873387159631497
104,1241,1.0,3.4145889022328744
105,258,5.0,4.220017963062724
105,268,4.0,3.9134216027737727
105,272,4.0,3.7931757578305203
105,286,4.0,3.7031615362202492
105,307,2.0,4.008395493437259
105,333,3.0,4.108840198223779
105,752,3.0,3.6410498481151645
106,1,4.0,4.018816243883563
106,8,4.0,4.1963477408719685
106,15,3.0,3.9487581781988013
106,22,4.0,4.3776412959016575
106,45,3.0,4.096094606402657
106,48,3.0,3.862430823647308
106,64,4.0,4.012758489012935
106,69,4.0,4.2336345324974936
106,77,4.0,4.23120324205665
106,86,3.0,3.9787651351713715
106,88,3.0,4.108135549264812
106,97,5.0,4.07725733700236
106,107,4.0,3.9055149357326653
106,165,5.0,3.904014415261909
106,194,5.0,4.012353525807478
106,196,5.0,3.9264196827007507
106,213,4.0,4.189784500644577
106,223,4.0,4.104026245751074
106,273,3.0,4.266101819398753
106,285,4.0,3.885085984033743
106,286,4.0,4.279891867893112
106,313,4.0,4.35508493822708
106,435,3.0,3.945959118057258
106,526,4.0,4.048755392209527
106,582,4.0,4.309425239596626
106,584,4.0,4.051083309788658
106,660,4.0,3.8353063250329544
106,684,4.0,4.145958131811193
106,692,3.0,4.41235129055367
106,699,4.0,3.955394102701292
106,703,4.0,3.933564296245633
106,778,4.0,4.257803471569771
106,828,2.0,4.03968612138474
106,923,4.0,3.8651563078216915
106,956,3.0,4.008571659275374
106,1115,4.0,4.336038642176172
107,258,4.0,3.4017948034950107
107,269,5.0,3.3284633596802577
107,271,2.0,3.304049354695681
107,300,1.0,3.3357509443659077
107,302,4.0,3.3447684622087097
107,305,4.0,3.2238646066090437
107,321,2.0,2.9867761480170834
107,333,3.0,3.5957672059884613
107,340,5.0,3.1518739062825913
108,10,5.0,3.6453316525665604
108,13,3.0,3.591900677453597
108,14,5.0,3.7303533843577257
108,21,3.0,4.11165640835559
108,50,4.0,4.133146996765127
108,100,4.0,3.9474949439896703
108,121,3.0,4.0034877317098925
108,125,3.0,3.9615947832870155
108,137,5.0,3.7075921713430264
108,181,3.0,4.08741454867059
108,237,3.0,3.838410550370436
108,275,5.0,3.74226131299697
108,282,3.0,3.7774387308720976
108,290,4.0,3.616457150943387
108,471,2.0,3.831899873510525
108,515,5.0,3.733448124056789
109,1,4.0,3.918974135438941
109,4,2.0,4.299830833890411
109,5,3.0,4.135183783858837
109,7,4.0,4.081043056139301
109,8,3.0,4.061724707203954
109,9,3.0,3.67721432396482
109,31,4.0,3.92348248041578
109,42,1.0,3.788271861299004
109,58,4.0,3.7359968860692914
109,62,3.0,4.442584266588883
109,68,3.0,4.390033894226293
109,69,4.0,3.962135193369429
109,89,4.0,3.805645131250857
109,90,3.0,3.985283599030268
109,91,4.0,4.05235013382148
109,94,4.0,3.8462782628048386
109,96,5.0,4.101246567176767
109,97,3.0,3.8746646831663805
109,100,4.0,4.161726023719137
109,101,1.0,4.2621177959033165
109,117,5.0,4.535286508220501
109,121,5.0,4.150820208249405
109,127,2.0,4.118450543358245
109,131,1.0,3.7375130594622528
109,147,4.0,4.084361970549441
109,154,2.0,3.658654295601923
109,157,4.0,3.790764484327597
109,158,1.0,3.6958740537602224
109,159,4.0,3.7637433439456793
109,162,2.0,3.622333759192016
109,172,5.0,4.4390282223996405
109,176,5.0,4.273686338241595
109,178,3.0,3.580282430439305
109,183,5.0,4.2804325731717725
109,195,5.0,4.327636723206586
109,196,4.0,3.6193132185450123
109,200,2.0,3.710782767338313
109,204,4.0,3.9709718680163117
109,214,1.0,3.782452894445594
109,215,3.0,3.6347582250475563
109,218,4.0,3.6465015491599413
109,223,4.0,3.9206768363245335
109,230,5.0,4.117098445865459
109,237,4.0,3.8699482673434824
109,245,3.0,4.362635918243523
109,248,2.0,3.7901184987308576
109,252,5.0,4.307718581270823
109,258,5.0,4.063086351566689
109,278,3.0,3.8699482673434824
109,281,2.0,4.150890809509419
109,291,3.0,3.7590605233846683
109,294,4.0,3.6522482132248553
109,295,4.0,4.13358986942114
109,318,4.0,3.827303834084546
109,322,2.0,3.7619949328342144
109,356,4.0,4.099730923592582
109,357,2.0,3.6138165625999754
109,380,5.0,4.294903261344206
109,388,5.0,3.904641683190924
109,392,3.0,3.8515302708259824
109,393,4.0,3.750354258183581
109,402,4.0,4.0609757365414225
109,409,2.0,4.0510788831772455
109,423,4.0,3.9294155090068807
109,441,2.0,3.742522893183202
109,472,2.0,4.293243331430844
109,475,1.0,3.7805111710254566
109,520,5.0,3.8451641596314032
109,546,3.0,4.069794860126983
109,550,5.0,4.008184403056674
109,552,2.0,3.904992747288964
109,559,3.0,3.8134281339938036
109,566,4.0,4.140462055287989
109,588,4.0,3.8215281901321387
109,627,5.0,3.6322445886411683
109,631,3.0,4.226987635871133
109,665,5.0,4.2786919223617295
109,672,2.0,3.675180294778617
109,742,5.0,4.015778306073249
109,762,3.0,3.7449989522842975
109,796,3.0,3.991521258868506
109,797,3.0,4.245046059342939
109,820,3.0,4.106310417756065
109,823,3.0,3.9117387355593998
109,845,4.0,3.7843809588368407
109,849,2.0,3.9331896135638043
109,866,4.0,4.0585793397778644
109,930,3.0,4.265043739954219
109,931,2.0,4.005203484853985
109,949,3.0,3.8005291632501956
109,975,3.0,3.8245156050305953
109,1011,3.0,3.718190296695639
109,1012,4.0,3.853444744883483
109,1013,3.0,4.358817621892561
109,1014,4.0,3.6465143861386937
109,1023,2.0,3.7057725415903975
109,1028,4.0,3.8675319027160855
109,1039,2.0,3.7805111710254566
109,1157,4.0,3.7951997176949974
109,1244,3.0,3.8494047533907043
110,11,4.0,3.5168577986804896
110,22,4.0,3.8160598932038337
110,28,4.0,3.781244196065522
110,38,3.0,3.6456423794858286
110,68,2.0,4.000938909464041
110,77,4.0,3.7970283587936087
110,79,4.0,3.893889157179865
110,82,4.0,3.742379411683338
110,188,4.0,3.5707052095002254
110,195,2.0,3.6998487947886702
110,202,2.0,3.6086659458384824
110,204,3.0,3.395425551600778
110,212,1.0,3.278911593354893
110,232,3.0,3.5074361102174207
110,233,4.0,3.38126126707453
110,245,3.0,3.94464218594909
110,300,3.0,3.6232177656433575
110,301,2.0,3.4531952091387454
110,307,4.0,3.6062495023655576
110,327,3.0,3.516771650811185
110,332,3.0,3.6935122548011634
110,367,3.0,3.4455983873697384
110,384,2.0,3.2510159756432953
110,423,4.0,3.370821197107702
110,540,3.0,3.43254116229598
110,550,3.0,3.5939945795819708
110,568,3.0,3.956572513774159
110,575,3.0,3.3258612727257875
110,578,3.0,3.632836440298432
110,658,3.0,3.3456146573721135
110,682,4.0,3.445007637142436
110,688,1.0,3.325858229788165
110,715,2.0,3.6668198678808723
110,732,3.0,3.6794020391819178
110,734,2.0,3.5305691001043975
110,748,3.0,3.9652787289375486
110,751,3.0,3.7425767786142385
110,759,3.0,3.44303337868987
110,779,3.0,3.416176477065127
110,783,3.0,3.5812786856514722
110,790,4.0,3.367305444495505
110,791,2.0,3.3368503246639687
110,794,3.0,3.645634384086834
110,806,3.0,3.678066676199394
110,944,3.0,3.6539521328964617
110,1179,2.0,3.3911541007029244
110,1188,4.0,3.6095055358024215
110,1206,3.0,3.3578608919639428
110,1246,2.0,3.4455983873697384
110,1248,3.0,3.4089293201690865
110,1250,3.0,3.31301576082485
111,242,4.0,3.7319588198972165
111,269,5.0,4.080989193291038
111,272,3.0,3.8912345042066585
111,301,4.0,3.986090721198575
111,313,4.0,4.121689626002463
111,326,3.0,3.9640647077123337
111,328,4.0,4.1383473039397165
111,333,4.0,4.175023127363417
111,340,4.0,3.887058840134788
111,887,3.0,3.9281616668068207
111,896,2.0,4.150126232677591
111,1024,3.0,3.8288439668969785
112,286,4.0,4.356573006801673
112,289,5.0,4.175664656275764
112,300,4.0,4.613398401823927
112,302,4.0,4.438137569584252
112,303,4.0,4.461336691894373
112,306,5.0,4.305503136855706
112,307,4.0,4.657142073958788
112,312,5.0,4.522091384439854
112,316,5.0,4.5635796047145085
112,322,4.0,4.534526167699484
112,325,1.0,4.310429947314617
112,327,1.0,4.635844672903503
112,331,4.0,4.671512323886478
112,347,1.0,4.540715004512537
112,354,3.0,4.20586880009407
112,678,3.0,4.792601083430329
112,689,4.0,4.850211682732308
112,748,3.0,4.879753882066553
112,750,4.0,4.618772067652644
112,754,4.0,4.569981166202507
112,903,1.0,4.719827329526986
112,984,3.0,4.449359362837941
113,100,4.0,4.517897550859971
113,126,5.0,4.182305983876789
113,242,2.0,4.1491302294538395
113,246,5.0,4.519239222833791
113,262,2.0,4.246737410353795
113,277,3.0,4.05901795078146
113,286,4.0,4.394345516388035
113,294,4.0,4.076694641818565
113,319,2.0,4.2943442717613065
113,321,3.0,4.161090202055672
113,322,3.0,4.3219750151433916
113,324,2.0,4.146982184250765
113,326,5.0,4.307092208985456
113,327,5.0,4.390111040513294
113,329,3.0,4.225735929513455
113,508,4.0,4.06410683245726
113,595,5.0,4.2785236466762235
113,678,2.0,4.584043380694272
113,976,5.0,4.642623917609768
113,1252,4.0,3.959801512273776
114,96,3.0,4.174975659917124
114,100,5.0,4.161364366154557
114,157,2.0,4.275112699266557
114,175,5.0,3.929824127088101
114,179,5.0,3.9579242746085903
114,182,3.0,3.9004155985565854
114,183,5.0,4.316927984795123
114,186,3.0,4.09479807595386
114,191,3.0,3.9346525323906945
114,195,4.0,4.285766171031285
114,204,3.0,4.083368659073144
114,210,3.0,3.800049123538718
114,269,4.0,3.9116637012824746
114,482,4.0,3.7959172771012897
114,496,4.0,3.7629832114296513
114,505,3.0,3.8265703047154203
114,507,3.0,3.7857197168153363
114,520,3.0,4.004956209438989
114,640,2.0,3.767084569984563
114,654,3.0,4.08004198781183
114,1104,5.0,3.8691262749307773
115,8,5.0,4.470096854886593
115,9,5.0,4.332887516336179
115,11,4.0,4.515824759379523
115,12,5.0,4.5871057103650035
115,20,3.0,4.436688061983868
115,22,3.0,4.677838043533745
115,32,5.0,4.218651115810382
115,50,5.0,4.630683655420646
115,69,1.0,4.342061665924768
115,77,2.0,4.7358859018283015
115,82,4.0,4.62211325595826
115,89,5.0,4.461836736997199
115,92,4.0,4.5802761854320915
115,93,3.0,4.370967834068162
115,127,5.0,4.538927327483264
115,172,4.0,4.781568481572435
115,178,5.0,4.143663845736001
115,181,4.0,4.611404938106931
115,187,5.0,4.511317335788076
115,228,4.0,4.452849401330694
115,234,5.0,4.366345602855764
115,265,2.0,4.453861475689606
115,269,3.0,4.271029329979991
115,310,3.0,4.341461264931537
115,431,4.0,4.394551692197863
115,443,4.0,4.202449888949749
115,462,4.0,4.214682915126293
115,466,5.0,4.18435688855944
115,470,2.0,4.25619891006469
115,471,2.0,4.569198530329547
115,475,5.0,4.445493670280395
115,496,1.0,4.166294516646012
115,511,5.0,4.248926255864095
115,530,5.0,4.238839777827603
115,543,2.0,4.425817441469241
115,642,5.0,4.59675354788233
115,762,4.0,4.368407177789473
115,763,2.0,4.283324997183032
115,952,5.0,4.264793452658703
115,969,1.0,4.197350874294603
115,1008,5.0,4.299150095219794
115,1067,4.0,4.286072840430191
115,1073,5.0,4.222598597805223
116,7,2.0,3.5983743655919613
116,65,2.0,3.2539048109709863
116,137,2.0,3.3623020503161585
116,180,5.0,3.3540440860762377
116,185,3.0,3.4318159382560225
116,187,5.0,3.4594364130832553
116,195,4.0,3.745692950158049
116,199,4.0,3.3537206760069838
116,248,3.0,3.458316795631667
116,250,4.0,3.797438550500915
116,255,3.0,3.502421068663875
116,257,3.0,3.8802879750569135
116,259,4.0,3.5256424361772774
116,260,2.0,3.979845336392529
116,262,3.0,3.5767855429411304
116,264,3.0,3.841863767924519
116,271,4.0,3.8689659098292357
116,286,3.0,3.6188506294619516
116,294,2.0,3.3907059011526344
116,299,3.0,3.689949425176897
116,301,3.0,3.666748825325585
116,313,5.0,3.943216628160987
116,322,2.0,3.7031038387412343
116,331,3.0,3.883739466092081
116,332,3.0,3.8350149872686186
116,344,5.0,3.7822048916102196
116,347,2.0,3.5897694576399526
116,350,3.0,3.6798589682179665
116,421,3.0,3.3588804243010912
116,484,4.0,3.289120579317424
116,531,2.0,3.5510924647927182
116,582,3.0,3.529584055005187
116,604,3.0,3.1423271847360397
116,661,4.0,3.1131677403157823
116,730,4.0,3.3109406488859974
116,750,4.0,3.6800601015054415
116,751,3.0,3.808665233585411
116,758,1.0,3.4690491026382815
116,760,3.0,3.3476142016968997
116,806,4.0,3.40016984752438
116,840,1.0,3.521282958452518
116,880,3.0,3.5256945963326762
116,887,3.0,3.5145454038664448
116,895,2.0,3.675069307311668
116,903,2.0,3.832914207168103
116,905,2.0,3.416411219779509
116,914,2.0,3.6651672107013624
116,942,3.0,3.256364000249147
116,993,2.0,3.701938334551103
116,1016,2.0,3.994351211911586
116,1082,3.0,3.2920509842028123
116,1089,2.0,3.6450158462143976
116,1216,3.0,3.297730280168121
116,1253,2.0,3.2930386317156786
116,1257,1.0,3.701942555065923
117,1,4.0,4.04675153407512
117,12,5.0,4.148076885287189
117,15,5.0,3.863155362967689
117,25,4.0,4.235540423064522
117,50,5.0,4.504880259477343
117,56,5.0,3.906918989994966
117,98,4.0,4.127503981409817
117,109,4.0,4.203781238017167
117,117,5.0,4.735350890289681
117,121,4.0,4.471817765624066
117,143,1.0,3.860392469545625
117,150,4.0,4.232324490114529
117,151,4.0,4.008077572979555
117,168,5.0,3.782925671864619
117,174,4.0,4.031664271470566
117,176,5.0,4.525332077856364
117,181,5.0,4.502778726393335
117,195,5.0,4.6113621650734204
117,214,5.0,3.977199074726587
117,222,5.0,4.518916343925138
117,240,3.0,4.007294213471131
117,257,5.0,4.594619525710204
117,258,4.0,4.399883617965516
117,268,5.0,4.031093528940516
117,288,3.0,4.378209266016045
117,298,5.0,4.5859762391114804
117,307,5.0,4.25673915873826
117,313,5.0,4.369408889248204
117,338,3.0,3.9543775582394622
117,358,4.0,4.806705148789378
117,368,3.0,4.025195568011791
117,405,5.0,4.294846171740192
117,411,3.0,4.507401193015542
117,421,5.0,4.024704867078557
117,588,3.0,3.995561994972763
117,597,4.0,4.499895224304735
117,628,5.0,4.178720406592722
117,742,4.0,4.35730172468079
117,751,5.0,4.331017372158625
117,758,2.0,4.342925403534529
117,772,4.0,3.905184430418955
117,829,3.0,4.4175012732218635
117,886,5.0,4.200598209174842
117,928,3.0,4.307058626257153
117,1012,4.0,4.024864392592456
117,1014,3.0,3.856476029240138
117,1016,5.0,4.539116606812475
117,1047,2.0,4.098244544967363
117,1057,2.0,4.235540423064522
117,1095,3.0,3.943041059212215
118,17,3.0,5.0
118,22,5.0,5.0
118,23,5.0,4.972419961149531
118,32,5.0,4.823607280998415
118,134,5.0,4.748734282194429
118,156,5.0,5.0
118,164,5.0,5.0
118,174,5.0,4.857452645153321
118,176,5.0,5.0
118,184,5.0,5.0
118,185,5.0,5.0
118,193,5.0,4.826352749900535
118,200,5.0,4.980535801486596
118,217,3.0,4.9138972441184015
118,218,5.0,4.837258848464773
118,324,4.0,4.795308170512358
118,421,4.0,4.915876774952274
118,433,5.0,4.773272833521738
118,436,5.0,4.865686724350369
118,474,5.0,4.906543126438539
118,475,5.0,4.945084040214169
118,511,5.0,4.893832607713546
118,528,4.0,4.990045397363342
118,547,5.0,4.91049076735831
118,654,5.0,4.958797301145186
118,655,5.0,4.990796612361208
118,774,5.0,5.0
118,816,3.0,4.902997709304645
118,853,5.0,5.0
119,12,3.0,4.33249678256767
119,24,4.0,4.436351287312399
119,40,4.0,4.025440597810531
119,54,4.0,4.69003247508506
119,83,4.0,4.1700861090727175
119,86,4.0,4.151727528903079
119,87,5.0,3.998825909736022
119,100,5.0,4.60950770589604
119,105,2.0,4.129378788279943
119,109,5.0,4.330739646801925
119,111,5.0,4.256355994319077
119,117,5.0,4.842388178611012
119,144,4.0,4.318083990555415
119,147,4.0,4.457625310923641
119,154,5.0,4.002673142139775
119,174,4.0,4.200304312901302
119,182,4.0,4.171297575148693
119,188,4.0,4.346073583592624
119,193,4.0,4.085244309467411
119,199,5.0,4.175855724020327
119,209,4.0,4.180940176000565
119,213,5.0,4.241811876753915
119,222,5.0,4.7070559867689665
119,235,5.0,4.690667227637886
119,237,5.0,4.319388107625431
119,245,4.0,4.842091764680492
119,250,2.0,4.642442927180745
119,254,2.0,4.454838598701762
119,268,5.0,4.3222761612244875
119,269,3.0,4.342474114576794
119,272,5.0,4.181974597235136
119,274,4.0,4.284601171409119
119,275,5.0,4.2522775476544625
119,282,5.0,4.290304024375906
119,310,5.0,4.36293992545976
119,313,5.0,4.662127088309959
119,322,4.0,4.246728965859601
119,328,4.0,4.538834676256625
119,338,1.0,4.206627859474832
119,382,5.0,4.188242855938571
119,385,5.0,4.517524645506505
119,392,4.0,4.148041514073601
119,407,3.0,4.18105441403008
119,451,5.0,4.1451753721598505
119,455,4.0,4.1724166833431
119,472,4.0,4.580497741586284
119,486,4.0,4.111944634492832
119,511,5.0,4.119102081851472
119,526,2.0,4.351303600567465
119,544,2.0,4.300564939516677
119,546,4.0,4.4596397224301185
119,550,4.0,4.334887043848343
119,562,4.0,4.50253716680656
119,568,4.0,4.570962427356075
119,595,3.0,4.3420409115942595
119,616,2.0,4.251121601978904
119,628,4.0,4.380203369579634
119,658,5.0,4.014003702762592
119,684,4.0,4.44671635227811
119,697,5.0,4.1862412764520185
119,716,5.0,4.260307072412231
119,717,3.0,4.635699189516101
119,718,5.0,4.063826258215364
119,741,4.0,4.543957143627805
119,742,5.0,4.548555595731831
119,829,5.0,4.561369400477716
119,845,4.0,4.191291142484319
119,866,3.0,4.379435550283873
119,930,3.0,4.602053694939528
119,977,3.0,4.436309088693767
119,982,4.0,4.602053694939528
119,995,4.0,4.18120614851246
119,1086,4.0,4.165538518290764
119,1101,5.0,4.131855833985375
119,1153,5.0,4.189247405830548
119,1160,5.0,4.135227497003676
119,1170,3.0,4.1693351710916
119,1197,4.0,4.405652675761021
119,1202,4.0,4.057014667811254
119,1259,3.0,4.189599000215449
119,1261,4.0,4.206007122304281
119,1262,3.0,4.127735738505773
119,1263,3.0,4.276441805324587
120,9,4.0,3.7038970618361584
120,25,5.0,4.010151375087153
120,125,4.0,4.150273233841441
120,148,3.0,4.261655388952403
120,245,3.0,4.403358691673658
120,252,3.0,4.261096990468128
120,257,2.0,4.323265715773159
120,282,4.0,3.992764339549224
120,286,5.0,4.2256794651846015
120,405,4.0,4.178472435648641
120,546,2.0,4.155595934715992
120,924,4.0,4.034766948240532
121,9,5.0,3.864749083333454
121,14,5.0,4.103727777924317
121,57,5.0,3.9085953461797605
121,86,5.0,4.035475627481131
121,98,5.0,4.125940144562514
121,117,1.0,4.546678049454397
121,121,2.0,4.275438075923872
121,122,2.0,4.0423446429192635
121,125,2.0,4.357710643455018
121,126,3.0,4.106780501797391
121,137,5.0,4.054724828911481
121,174,3.0,3.9107998025892363
121,180,3.0,4.009107904322548
121,181,5.0,4.321824271723822
121,192,4.0,3.834530722633704
121,235,1.0,4.33806182334887
121,249,1.0,3.821993289476422
121,275,4.0,4.095030427127556
121,291,3.0,4.040680248005944
121,294,4.0,3.835605804483135
121,405,2.0,4.173598292373353
121,428,5.0,3.7450066400423907
121,508,4.0,3.970651803552058
121,509,5.0,3.804364416955176
121,514,3.0,3.9272245978852034
121,515,4.0,4.126075269865338
121,631,4.0,4.345750392607353
121,740,3.0,4.209983955276153
122,46,5.0,4.411843174956322
122,70,5.0,4.3601123683464245
122,175,5.0,4.12818394785688
122,187,4.0,4.394758315262093
122,191,5.0,4.293614936777122
122,212,5.0,4.221815554245792
122,214,2.0,4.267610337577712
122,215,4.0,4.2566745910557255
122,378,4.0,4.254800235540413
122,382,3.0,4.373071974171109
122,387,5.0,4.44317475273585
122,423,4.0,4.275859475554824
122,427,3.0,4.194602741333066
122,464,5.0,4.254800235540413
122,470,3.0,4.290157062646953
122,509,4.0,4.25156843272883
122,510,4.0,4.37522621654411
122,511,5.0,4.194055856232689
122,553,3.0,4.500751425761074
122,570,3.0,4.186239664616647
122,708,5.0,4.264254391051798
122,715,5.0,4.439195380029277
122,727,4.0,4.48218867611651
122,736,4.0,4.660121791536385
122,737,4.0,4.502920905751945
122,792,3.0,4.211576213795606
122,1268,2.0,4.196763646915913
123,13,3.0,4.0834884590221066
123,22,4.0,4.406958808403927
123,50,3.0,4.366273426474038
123,127,5.0,4.369697882073614
123,132,3.0,4.362018258537324
123,135,5.0,4.251503395182996
123,143,5.0,4.080755223161991
123,165,5.0,4.051299840536272
123,192,5.0,4.047878628577181
123,255,1.0,4.216715505095154
123,275,4.0,4.352510130698744
123,285,5.0,4.191859839642764
123,427,3.0,4.117041938433986
123,480,3.0,4.180569815369968
123,482,4.0,4.163910009465054
123,485,5.0,4.170067816671657
123,487,3.0,4.195446108778006
123,511,5.0,4.118646780702226
123,531,3.0,4.613644149645006
123,606,3.0,4.073958654912196
123,704,3.0,4.3939243375732
123,707,5.0,4.112539899207774
123,735,2.0,4.106918197483669
123,847,4.0,4.2331982612045875
123,962,3.0,4.065317384278881
124,11,5.0,3.7657056519955354
124,50,3.0,4.265460691998537
124,79,3.0,4.07516886980975
124,96,4.0,4.154534836762362
124,157,2.0,3.732848741813962
124,166,5.0,3.551260201554045
124,226,4.0,3.9834711540677015
124,496,1.0,3.6221602209681776
124,550,4.0,4.01961976741561
124,616,4.0,3.8033605604011553
125,1,4.0,3.850769714348063
125,22,5.0,4.048941536327497
125,25,1.0,3.99129549483657
125,28,4.0,3.931348176547444
125,50,5.0,4.095339418628147
125,63,3.0,3.9153594447229616
125,64,5.0,3.7274587872462353
125,69,4.0,4.086540249495355
125,73,5.0,4.0935092709871075
125,80,4.0,3.9579642721090518
125,83,4.0,4.105257738715621
125,87,5.0,3.6042095985490232
125,88,5.0,3.966260974631541
125,94,5.0,3.7916337886349214
125,97,3.0,3.69381350480652
125,98,5.0,3.7405427027062434
125,116,4.0,3.708337718778501
125,120,1.0,4.009284402788777
125,134,5.0,3.5109691692224616
125,136,5.0,3.5343173825547334
125,143,5.0,3.606922181767138
125,150,1.0,4.056797299456211
125,152,1.0,3.941029434733758
125,158,4.0,3.7119795797909423
125,163,5.0,3.726470935529095
125,173,5.0,4.140189654463494
125,174,5.0,3.6882247701891813
125,175,2.0,3.700089022238269
125,190,5.0,3.7016306929604053
125,194,5.0,3.894378061032157
125,198,3.0,3.5292643264052477
125,204,5.0,4.004700262407237
125,208,3.0,3.783853733145346
125,235,2.0,4.151266007910268
125,236,1.0,3.9230275693489296
125,238,3.0,3.671751187305237
125,239,5.0,3.909526718381902
125,270,4.0,4.040577608461035
125,275,5.0,3.7577352726580315
125,283,5.0,3.8544689163836923
125,290,4.0,3.766914493278733
125,318,5.0,3.794072115025548
125,346,1.0,3.7165970241304995
125,357,3.0,3.534976720822756
125,382,1.0,3.9067801164472273
125,383,2.0,4.003863486111953
125,384,3.0,3.6384986434912556
125,386,3.0,3.7381651312107094
125,407,2.0,3.8189583748543443
125,411,3.0,4.1640291678763806
125,434,4.0,3.6198124166017474
125,475,1.0,3.668022274166799
125,478,4.0,3.9088491745109137
125,479,4.0,3.6689186225141817
125,483,4.0,3.857350878694882
125,485,5.0,3.6543482061727475
125,493,4.0,3.6530312837886907
125,496,5.0,3.560797987947472
125,498,5.0,4.002934862585855
125,511,5.0,3.6902368849072005
125,568,5.0,4.128733269213845
125,577,2.0,4.146716687366664
125,615,3.0,3.596126048396589
125,648,4.0,3.9525448762140365
125,657,3.0,3.6937103882704765
125,692,3.0,4.129644837944621
125,722,3.0,3.8601967653696674
125,732,4.0,4.105257738715621
125,734,3.0,3.945785200316009
125,781,3.0,3.9708308831619568
125,785,3.0,4.57122028959183
125,796,3.0,4.119171774741673
125,801,3.0,4.057608222420714
125,813,1.0,3.6592509227397385
125,864,3.0,3.7673166537882032
125,926,3.0,3.8745696876519427
125,940,2.0,3.899326782877084
125,945,5.0,4.09519356519343
125,949,3.0,3.711646658946344
125,996,3.0,3.907501359638894
125,997,2.0,3.7131709377924382
125,999,4.0,3.80390474073173
125,1000,3.0,3.8909698873276066
125,1036,2.0,3.7451330649405685
125,1052,2.0,3.8126711925526933
125,1060,4.0,3.8323617574595126
125,1074,3.0,3.936817409255761
125,1093,1.0,3.719095101355875
125,1180,3.0,3.952068283462819
125,1183,2.0,3.999221547964533
125,1249,3.0,3.8291902445498027
125,1272,1.0,3.9470964773077113
126,243,5.0,4.238757317054747
126,245,3.0,4.666510383118703
126,258,4.0,4.414152101343085
126,260,1.0,4.443676224960189
126,262,4.0,4.269720655432204
126,288,4.0,3.999662079903012
126,289,3.0,3.968155517117028
126,294,3.0,4.075287973307094
126,302,4.0,4.25475952391805
126,313,5.0,4.621037552258225
126,319,2.0,3.9082158838437318
126,322,3.0,4.34147464541344
126,323,3.0,4.320499574817921
126,327,3.0,4.3686565308469
126,332,2.0,4.448760216977424
126,682,1.0,4.306695384795439
126,751,4.0,4.4528875345243035
126,752,3.0,4.161096694593876
126,878,5.0,4.209028705181649
126,884,5.0,4.119708082895375
126,905,2.0,4.061485880098063
126,1175,5.0,4.155249552347017
127,227,4.0,5.0
127,229,5.0,5.0
127,243,5.0,4.441058498971787
127,268,1.0,4.496319302577378
127,286,1.0,4.473711957370202
127,288,5.0,4.3166568097329
127,294,4.0,4.367359840511379
127,300,5.0,4.577231189838681
127,380,5.0,5.0
127,449,4.0,5.0
127,450,5.0,5.0
127,748,5.0,4.727273723230536
128,1,4.0,4.09710240105708
128,14,5.0,4.1084973168349475
128,15,4.0,3.848777635189013
128,48,4.0,3.6998002308180906
128,50,4.0,4.264497012749763
128,54,2.0,4.2523142397765294
128,56,3.0,3.829541507831074
128,58,3.0,3.8691338441438052
128,64,5.0,3.894143473498459
128,65,4.0,4.0022518111625836
128,77,3.0,4.221848139150205
128,79,4.0,4.174943243793111
128,83,5.0,4.254965080193784
128,86,5.0,4.001677072129267
128,97,3.0,3.9320728112079593
128,98,4.0,3.9713452520904364
128,99,4.0,3.9141275871631613
128,111,3.0,4.065110420405642
128,118,5.0,4.200989777408545
128,136,5.0,3.7177737431176983
128,140,4.0,3.927349001140543
128,143,5.0,3.7515542839135474
128,151,3.0,3.9471396347540018
128,173,5.0,4.281512591040513
128,182,4.0,3.805321931131332
128,190,4.0,3.9566173958664046
128,204,4.0,3.9630420045650023
128,209,4.0,4.050921590369435
128,210,4.0,3.868705710124274
128,213,3.0,4.095556592129277
128,215,3.0,3.7842375725802144
128,216,5.0,3.893769113987315
128,227,2.0,3.968635935414612
128,228,3.0,3.9910646346989633
128,237,4.0,4.105365525813713
128,238,4.0,3.729360707974508
128,265,5.0,3.897874530547668
128,276,4.0,4.025439267810796
128,280,1.0,4.122191433667946
128,282,3.0,3.955372254985304
128,283,5.0,4.257505714933197
128,284,3.0,4.1232136421988175
128,294,4.0,3.747481256729833
128,300,5.0,3.9189031523834137
128,317,4.0,3.9459734636988855
128,322,2.0,3.8287082756384865
128,371,1.0,4.100579124064946
128,378,5.0,3.7656726326508223
128,402,1.0,4.19833068717054
128,417,4.0,3.964153040851876
128,418,4.0,4.006723431060962
128,422,4.0,4.045011462115151
128,423,4.0,3.96595796421925
128,425,5.0,3.739022869219753
128,427,5.0,3.7060650517789484
128,482,4.0,3.818656268016239
128,485,3.0,3.885988604951312
128,494,4.0,3.7863252512150884
128,505,4.0,3.739360604024854
128,508,4.0,3.829782282575231
128,568,4.0,4.291963858093407
128,588,5.0,3.9964429572914204
128,591,4.0,4.043448876970879
128,602,4.0,3.987526031253612
128,603,5.0,3.751721336679214
128,609,4.0,3.712237788648974
128,614,3.0,3.732218357541801
128,660,2.0,3.7129767743242827
128,686,4.0,4.121197185889747
128,723,3.0,4.204978629993734
128,736,5.0,4.2599106443614545
128,739,4.0,4.021337330228365
128,747,3.0,4.0510290743728135
128,763,4.0,3.830442214697339
128,785,2.0,4.6231466477666405
128,790,4.0,3.8386832233431325
128,949,4.0,4.042099655208413
128,965,3.0,3.904300085455203
128,966,4.0,3.8012418375490866
128,1039,4.0,3.918431807624341
128,1063,2.0,4.12483973335827
128,1141,4.0,3.915625011420035
129,245,2.0,3.775864833907081
129,258,2.0,3.5105814770930013
129,268,1.0,3.5723177259006285
129,269,4.0,3.506062132356928
129,270,3.0,3.5965383552639087
129,272,4.0,3.3574254339016316
129,288,1.0,3.173244965394785
129,303,3.0,3.3599903584072117
129,307,2.0,3.456519019501389
129,313,3.0,3.7496359190672637
129,327,3.0,3.441081476858788
129,331,2.0,3.6034768739957777
129,339,2.0,3.437704390335738
129,873,1.0,3.426839355327024
129,995,2.0,3.29021321746946
130,3,5.0,4.3479588021501625
130,4,2.0,4.784892193037237
130,12,4.0,4.540806169128408
130,22,5.0,4.75771981566334
130,28,4.0,4.7089847481837595
130,33,5.0,4.787632032027101
130,39,4.0,4.805781719661395
130,41,3.0,4.2853898635934735
130,44,4.0,4.44189307963956
130,47,3.0,4.389747812466474
130,49,4.0,4.3581833729203305
130,50,5.0,4.845571963802302
130,53,3.0,4.467955314713518
130,55,5.0,4.805558960536223
130,56,5.0,4.367928741091695
130,58,2.0,4.286415746183003
130,63,4.0,4.550454611101816
130,66,5.0,4.507519220199151
130,68,5.0,4.821590103232186
130,69,5.0,4.449627725053163
130,71,5.0,4.6103905236699
130,84,4.0,4.482427269812567
130,90,4.0,4.482483357124696
130,94,5.0,4.534277540862807
130,99,5.0,4.408434013411103
130,105,4.0,4.314237414535722
130,109,3.0,4.537302487776999
130,111,5.0,4.460565263262238
130,122,3.0,4.432330013860225
130,125,5.0,4.594674461977535
130,128,4.0,4.634136882967001
130,134,5.0,4.198300094447436
130,143,5.0,4.223761168004249
130,147,4.0,4.62911097652766
130,148,4.0,4.702936403307241
130,150,5.0,4.5990494050596755
130,158,5.0,4.302035971093636
130,161,4.0,4.466788938570263
130,168,3.0,4.163793089586731
130,172,5.0,4.97074106878417
130,173,3.0,4.752445173059988
130,174,5.0,4.4044421299276975
130,176,5.0,4.846752694456058
130,183,5.0,4.885443305183632
130,184,4.0,4.981141188433447
130,195,5.0,4.890375297386157
130,200,5.0,4.29149235258333
130,202,5.0,4.4324253561802
130,204,5.0,4.580596505216963
130,206,3.0,4.770102056507115
130,210,5.0,4.433256164843812
130,216,4.0,4.2799693250121065
130,217,3.0,4.381632407636793
130,218,5.0,4.215275608814939
130,222,4.0,4.873922953316802
130,226,5.0,4.524291540125294
130,228,4.0,4.674214657026732
130,229,4.0,4.617385350460991
130,230,3.0,4.625505911457546
130,231,3.0,4.743807657982953
130,234,5.0,4.447935948657993
130,240,4.0,4.383836618193654
130,243,2.0,4.6761389355801235
130,245,1.0,5.0
130,254,2.0,4.690997111804303
130,255,4.0,4.485477661920812
130,267,5.0,4.078651685393258
130,268,4.0,4.5497382758471545
130,270,5.0,4.983363700120441
130,271,5.0,4.9641490397298185
130,276,4.0,4.376475264138452
130,281,4.0,4.639629288652826
130,282,5.0,4.473964984826293
130,284,2.0,4.47155130070257
130,286,5.0,4.634818887914417
130,288,5.0,4.6154267905975646
130,295,3.0,4.79150254129631
130,298,5.0,4.947483619723318
130,307,4.0,4.745323472402394
130,316,4.0,4.519929272455752
130,322,4.0,4.489001613884501
130,331,3.0,4.772598600981598
130,332,4.0,4.7068742452378975
130,333,5.0,4.674758730479679
130,335,3.0,4.447294232143697
130,346,4.0,4.499359600230751
130,353,1.0,4.736218788952776
130,356,4.0,4.68123343966993
130,357,5.0,4.227725274672809
130,358,4.0,5.0
130,363,3.0,4.387765742885526
130,366,5.0,4.294261324105063
130,367,4.0,4.35093824149029
130,374,4.0,4.4798095622130845
130,379,4.0,4.221316461931035
130,385,5.0,4.764472272961729
130,393,5.0,4.2607561696871254
130,405,4.0,4.651272007471798
130,410,5.0,4.421934386996971
130,413,3.0,4.255289349585904
130,418,5.0,4.5025006853868605
130,433,3.0,4.266789797775495
130,443,5.0,4.289823752553233
130,496,5.0,4.257223022766099
130,508,4.0,4.330498635784034
130,534,5.0,4.451719403751889
130,541,3.0,4.567476119130693
130,542,3.0,4.692725826488267
130,546,4.0,4.626987326160547
130,550,5.0,4.527036909573281
130,554,4.0,4.678009975589695
130,564,4.0,4.428755628974002
130,566,4.0,4.611063283689865
130,567,2.0,4.2574162956315265
130,568,5.0,4.759070546191893
130,569,3.0,4.45527988178694
130,572,3.0,4.543932992258273
130,588,4.0,4.50126066809711
130,596,4.0,4.608267269559642
130,597,4.0,4.7718523853457935
130,619,4.0,4.572193224668462
130,622,3.0,4.39630367899017
130,625,5.0,4.43574174842805
130,627,5.0,4.190977599274459
130,642,4.0,4.552651336033754
130,669,4.0,4.207486663179043
130,672,5.0,4.305037828298953
130,678,4.0,4.696537094341104
130,682,4.0,4.523212649963362
130,684,5.0,4.705368712572974
130,685,3.0,4.62154948965426
130,689,2.0,4.886088931015646
130,717,3.0,4.776307293178192
130,721,3.0,4.35093824149029
130,729,4.0,4.286415746183003
130,731,3.0,4.4742695325099895
130,742,5.0,4.675544021234107
130,743,2.0,4.615368916778577
130,748,4.0,4.951842557697228
130,756,4.0,4.2673356174812715
130,772,4.0,4.360398000173936
130,779,4.0,4.305823446347905
130,798,1.0,4.387052925315539
130,800,4.0,4.4534902913629715
130,806,3.0,4.559823798772385
130,815,3.0,4.53030363877368
130,833,4.0,4.525938354403502
130,876,4.0,4.618701836883171
130,881,4.0,4.618701836883171
130,890,4.0,4.529103073004391
130,901,1.0,4.34618253169087
130,930,3.0,4.781510988213981
130,931,2.0,4.641285205575166
130,940,3.0,4.28327288301165
130,946,4.0,4.449933054398893
130,949,3.0,4.390659928703701
130,959,4.0,4.264193862089629
130,975,5.0,4.443776213494897
130,993,5.0,4.88201520873476
130,1014,3.0,4.334011310602032
130,1016,4.0,4.996854458383568
130,1017,3.0,4.338662610266933
130,1047,5.0,4.421934386996971
130,1049,3.0,4.345138500251361
130,1136,4.0,4.338662610266933
130,1207,1.0,4.338428313025164
130,1208,4.0,4.6528052706445004
130,1215,2.0,4.761614851548726
130,1217,4.0,4.338428313025164
130,1228,3.0,4.315093887061183
130,1246,3.0,4.35093824149029
130,1248,3.0,4.2751932276709175
130,1273,2.0,4.47875935315359
130,1274,2.0,4.647745910222718
130,1277,4.0,4.667518286322939
131,1,4.0,4.303757355763906
131,14,5.0,4.297185613138909
131,19,4.0,4.343577347348784
131,100,5.0,4.665830421479448
131,126,4.0,4.501370307876202
131,221,3.0,4.4517525403443345
131,274,3.0,4.386086952971844
131,275,2.0,4.371170797259622
131,285,5.0,4.410613949423068
131,286,5.0,4.578510893759169
131,302,5.0,4.331811831454358
131,313,5.0,4.518863986028116
131,750,5.0,4.453745268259967
131,845,4.0,4.462643862608273
131,1281,4.0,4.4011964236769625
132,124,4.0,4.056934305654483
132,137,4.0,3.947559634324747
132,154,4.0,3.765156855698958
132,275,3.0,3.949929126509853
132,922,5.0,3.776768753839099
133,258,5.0,4.064090952478169
133,260,1.0,4.046653347282575
133,294,3.0,3.6553373882656928
133,304,3.0,3.544238210748588
133,315,4.0,3.572354522384562
133,322,2.0,3.774636129086469
133,328,3.0,3.984131530411646
133,751,3.0,3.9508677890822232
134,15,5.0,3.763017388533091
134,258,4.0,4.1400818734688185
134,259,2.0,4.0885072187354154
134,286,3.0,3.8856362262217146
134,300,3.0,4.138964817875128
134,313,5.0,4.287003320772483
134,323,4.0,4.100060850594882
134,339,2.0,4.132229296253308
134,539,4.0,4.08160055311111
134,748,5.0,4.3403459014227925
134,751,5.0,4.165652890738169
134,879,4.0,4.269682926999736
134,892,2.0,4.157752639979187
135,12,4.0,4.036246616341284
135,23,4.0,3.736030968684744
135,33,3.0,4.160765216402661
135,39,3.0,4.072524763011152
135,54,3.0,4.25266669771717
135,77,4.0,4.052944100429101
135,79,3.0,4.1386252961880885
135,176,4.0,4.104039429634878
135,183,4.0,4.1624694350769795
135,185,4.0,3.8612758591353553
135,227,3.0,3.9030803520266915
135,228,4.0,3.8836106701448845
135,229,2.0,3.853348050161393
135,233,3.0,3.721167424698606
135,258,4.0,3.940471416172735
135,265,3.0,3.9006412091910128
135,294,4.0,3.565795527794941
135,325,4.0,3.9541249391914244
135,379,2.0,3.600217160925121
135,431,2.0,3.8679618248400356
135,443,4.0,3.644945102488884
135,449,3.0,3.8830868345607197
135,475,4.0,3.6355399651226277
135,504,4.0,3.7380227823519983
135,564,1.0,3.778034311379558
135,566,3.0,3.941559935041275
135,603,4.0,3.7379380397653446
135,642,4.0,3.9628943548985434
135,653,4.0,3.825453275392035
135,744,4.0,3.6824724702039986
135,802,2.0,4.199870834013208
135,939,4.0,4.08096378029909
135,943,3.0,3.655852239309331
135,1046,3.0,3.7563373196215113
135,1208,3.0,4.157174995197959
136,14,5.0,4.928843208404221
136,19,4.0,4.8489879486684
136,42,3.0,4.656759724945758
136,56,4.0,4.711373142967102
136,89,4.0,4.898478060617574
136,100,5.0,5.0
136,117,4.0,5.0
136,223,4.0,5.0
136,276,5.0,4.924613835890367
136,298,4.0,5.0
136,313,2.0,5.0
136,515,5.0,4.927725186908956
136,747,4.0,4.756324943282262
136,847,4.0,4.838720901110225
136,1142,4.0,4.822676658400985
137,15,4.0,4.199440325685857
137,50,5.0,4.918680170269013
137,51,1.0,4.445058742506265
137,55,5.0,4.617565230648916
137,117,5.0,5.0
137,144,5.0,4.473669408556711
137,172,5.0,4.981490343087004
137,183,5.0,4.79329131696842
137,195,5.0,4.877510119343196
137,222,5.0,4.867593876228283
137,235,5.0,4.9144605980530836
137,237,4.0,4.452079899052079
137,249,4.0,4.251320834921252
137,250,5.0,4.804072978574936
137,257,5.0,5.0
137,261,5.0,4.522493445833568
137,266,5.0,4.840227072908142
137,300,5.0,4.6143934672658915
137,327,4.0,4.406549808539597
137,472,4.0,4.917455809390444
137,546,5.0,4.651193766165738
137,597,5.0,4.801217089647163
137,687,4.0,4.44416084224221
138,26,5.0,4.58427152972526
138,98,5.0,4.668919253693234
138,100,5.0,5.0
138,111,4.0,4.6628620140439105
138,116,2.0,4.451145673776947
138,121,4.0,4.689194268645527
138,150,3.0,4.784116321324627
138,151,4.0,4.534166525937664
138,185,4.0,4.609033304064911
138,211,4.0,4.42785207856978
138,238,5.0,4.390389451096635
138,285,4.0,4.503882998331228
138,318,5.0,4.570711372098756
138,357,4.0,4.426984337456929
138,483,5.0,4.6584726073737786
138,484,4.0,4.468819351235892
138,493,4.0,4.6112939786653255
138,496,4.0,4.452844068450142
138,514,5.0,4.52589660577099
138,517,4.0,4.759543524069734
138,519,5.0,4.417212497718831
138,523,5.0,4.501403088485325
138,614,4.0,4.421438661168952
138,617,4.0,4.4829321941380895
139,127,5.0,4.193122170765312
139,222,3.0,4.262176131066956
139,246,4.0,4.293851370612315
139,268,4.0,4.293851370612315
139,286,4.0,4.610438830960049
139,303,5.0,4.449880987024354
139,307,4.0,4.332798164564746
139,458,4.0,4.173189466596213
139,508,4.0,4.323940889222458
140,258,3.0,4.0199249232504135
140,268,4.0,4.06316402231519
140,289,4.0,3.9543171257075658
140,301,3.0,4.115738262305235
140,319,4.0,4.04839074949824
140,322,3.0,4.003976441433087
140,325,3.0,4.076646326359642
140,332,3.0,4.127319474609544
140,334,2.0,4.0061109246672935
140,872,3.0,3.931268849911846
140,880,4.0,3.9042136840569506
141,1,3.0,3.736009607368453
141,50,4.0,3.974821865504807
141,106,5.0,4.152963476927812
141,117,4.0,4.276811428720439
141,120,4.0,4.042240311096583
141,125,5.0,4.096288775591043
141,151,2.0,3.6575257339200866
141,222,4.0,4.024393753574745
141,225,3.0,3.883601926466246
141,237,4.0,3.95063218846321
141,245,3.0,4.3327766084914305
141,252,4.0,4.110787486473714
141,258,5.0,4.172604609064017
141,274,5.0,3.878424658627944
141,281,4.0,3.8568395402760296
141,288,3.0,3.971930464548057
141,290,1.0,3.8549446125369116
141,295,5.0,4.176703970384743
141,300,5.0,4.047611431750425
141,322,4.0,3.932924117851331
141,328,4.0,4.137358843109153
141,405,3.0,3.923697420904065
141,410,4.0,3.9560095403867326
141,471,4.0,4.047575930644262
141,472,5.0,4.036911934235286
141,476,3.0,3.920495406653183
141,535,5.0,4.030237576955126
141,546,4.0,4.011209762070747
141,678,4.0,4.169457311334031
141,744,5.0,3.935887742510431
141,748,3.0,4.314801550837812
141,750,1.0,3.950857769193756
141,825,4.0,4.333831129192544
141,826,2.0,3.927696176519907
141,864,3.0,3.8288754767558753
141,872,1.0,3.8104235650804825
141,880,1.0,3.825851935051812
141,932,3.0,4.009804663338742
141,1013,1.0,4.223258716841448
141,1059,1.0,3.6610943309288246
141,1142,1.0,3.804381520762677
141,1258,4.0,3.9773460877111595
142,28,4.0,4.2166674276346265
142,55,2.0,4.400297832333938
142,82,4.0,4.171926207327013
142,89,3.0,4.004316878147652
142,169,5.0,4.144995594910337
142,181,5.0,4.204801883277662
142,189,4.0,4.1820898122638335
142,243,1.0,4.419252486615606
142,288,3.0,4.091490835114734
142,350,4.0,4.322444016303667
142,358,2.0,4.517989140016403
142,362,3.0,4.280280601005778
142,895,4.0,4.218511165214836
143,325,5.0,4.197175677129937
143,328,4.0,4.521732943500185
143,331,5.0,4.452520227902768
143,347,5.0,4.220187174318634
143,682,3.0,4.377253079001934
144,19,4.0,3.937705359144738
144,22,5.0,4.389157831566338
144,31,3.0,4.174831321719596
144,32,4.0,3.881108986802006
144,33,5.0,4.363370624005347
144,50,5.0,4.35145881362873
144,62,2.0,4.374557672361647
144,64,5.0,4.010539512964313
144,65,4.0,3.998464282672587
144,66,4.0,4.142282866180767
144,73,3.0,4.249213013325707
144,89,3.0,4.018092478526346
144,91,2.0,4.1439009570079435
144,93,1.0,4.070466594104979
144,96,5.0,4.142288411571336
144,105,2.0,3.924901863980453
144,106,3.0,4.320674652446306
144,125,4.0,4.293508582231693
144,129,4.0,4.568127315780815
144,153,5.0,3.895356936411928
144,160,2.0,3.7945914150294184
144,165,4.0,3.817309112395827
144,172,4.0,4.497361967577595
144,176,4.0,4.33139953065771
144,180,4.0,4.031173596406618
144,181,4.0,4.3427581481587545
144,182,3.0,4.034245536199712
144,190,5.0,4.023139832798386
144,191,4.0,3.999938422716802
144,193,4.0,3.90823725089795
144,194,5.0,4.046552603445932
144,195,5.0,4.327212390179628
144,197,4.0,4.1060535251832295
144,204,2.0,4.089908159207588
144,209,2.0,4.037675923868507
144,216,4.0,3.922169753787329
144,221,3.0,3.9712674818954503
144,237,4.0,4.153070574741595
144,273,4.0,4.365018946565183
144,274,3.0,4.159021055332385
144,285,4.0,3.9387270819781324
144,286,4.0,4.345610503283525
144,293,4.0,4.093398024750621
144,297,4.0,3.981945093979215
144,298,3.0,4.345975503909769
144,300,3.0,4.152768969074215
144,302,3.0,4.1806117983025555
144,303,4.0,3.981945093979215
144,304,4.0,4.076883403225538
144,313,5.0,4.4569616090291655
144,328,3.0,4.353126471692645
144,393,4.0,3.8423080280497874
144,403,3.0,4.3741211300836955
144,410,3.0,4.0292137763257765
144,454,3.0,3.9712674818954503
144,461,4.0,3.9842080249802083
144,471,4.0,4.282062104056635
144,480,4.0,3.937852028322218
144,508,4.0,3.9619043325010592
144,516,2.0,3.792339549672216
144,518,3.0,3.8568490876564265
144,521,4.0,4.026346204457927
144,523,5.0,3.904187170054308
144,528,4.0,4.0386509785890965
144,531,5.0,4.293508582231693
144,591,3.0,4.206823139474516
144,597,4.0,4.3222136574422905
144,655,5.0,4.124254740309367
144,685,3.0,4.180075008444686
144,699,4.0,3.920981930044392
144,707,3.0,3.8341511036202593
144,709,4.0,3.9536992145080645
144,713,4.0,3.9711905874307996
144,727,3.0,4.094661558265007
144,742,4.0,4.320674652446306
144,747,5.0,3.966343051597847
144,750,4.0,4.019758040537981
144,762,3.0,3.996309046090886
144,778,4.0,4.152708359701593
144,785,4.0,4.480272701192661
144,815,1.0,4.19582437827043
144,831,3.0,4.380396901731581
144,845,4.0,4.006337608434673
144,855,4.0,4.451332221959916
144,880,5.0,3.932303832824961
144,900,4.0,4.019758040537981
144,942,4.0,3.9256777887576315
144,956,4.0,4.002898656098877
144,960,2.0,3.934997799306465
144,961,3.0,3.926667117574573
144,1016,3.0,4.392241150699805
144,1039,4.0,4.07387829049599
144,1142,5.0,3.9599267781827816
144,1147,4.0,4.0152787925274565
144,1169,4.0,3.9854432637476775
144,1284,3.0,4.577920932191833
144,1285,3.0,3.923251059835764
144,1286,4.0,4.001010731864917
145,1,3.0,3.6922969881661816
145,3,3.0,3.621670011557201
145,5,3.0,3.9743708151962904
145,7,5.0,3.9431831817696796
145,13,5.0,3.5618300342807507
145,15,2.0,3.5123848597603873
145,22,5.0,3.978425743843971
145,25,2.0,3.8696503379723453
145,38,3.0,4.024173482463032
145,39,4.0,3.9713428958287342
145,42,5.0,3.6064383021889723
145,44,5.0,3.730768242799497
145,50,5.0,4.050731323822477
145,51,3.0,3.7636080315694893
145,56,5.0,3.628885377472685
145,69,5.0,3.7857110555945512
145,79,5.0,3.9603442501997757
145,100,5.0,4.061987280216179
145,105,2.0,3.6090929452347806
145,109,4.0,3.797006367489014
145,120,2.0,3.8610989697117266
145,122,1.0,3.7371037506440663
145,159,4.0,3.591769835851572
145,172,5.0,4.187429514152303
145,174,5.0,3.6366157366247944
145,182,5.0,3.6291739471029554
145,183,5.0,4.073596460595034
145,185,4.0,3.738363481359658
145,195,5.0,4.104051716155129
145,200,4.0,3.548727537325879
145,203,5.0,3.3910607494124863
145,212,2.0,3.502090890160075
145,216,5.0,3.545811850819089
145,217,3.0,3.5492042989203068
145,229,3.0,3.832738700216982
145,230,5.0,3.8401051912631754
145,237,5.0,3.781619165287119
145,238,4.0,3.4672489776621758
145,250,5.0,4.0287668322687855
145,258,4.0,4.046847545977179
145,260,4.0,4.162205111901429
145,265,5.0,3.768358152481004
145,266,3.0,3.853295382327545
145,270,5.0,4.193706208018634
145,273,5.0,4.004962895378082
145,275,2.0,3.7101704557791426
145,278,4.0,3.781619165287119
145,281,4.0,3.9116394855198635
145,286,3.0,3.9259865417995714
145,298,1.0,4.141169271225787
145,299,4.0,3.8721233742096337
145,301,4.0,3.7822579153402405
145,302,4.0,3.8278207768719574
145,304,2.0,3.714890108252557
145,315,5.0,3.6575621110721235
145,327,5.0,3.8452920956235026
145,339,3.0,3.8592138970526126
145,346,5.0,3.7257139728994284
145,348,4.0,3.8084579872118165
145,355,3.0,3.991987964597779
145,368,3.0,3.6435092995195633
145,393,5.0,3.498810192038752
145,406,3.0,3.876210534149128
145,411,2.0,4.090958006067244
145,413,3.0,3.537887701092017
145,431,5.0,3.7359388811117644
145,443,3.0,3.5296387213612186
145,448,5.0,3.5617019093091065
145,460,1.0,3.6227587968003956
145,470,5.0,3.421087755934916
145,471,4.0,3.8515379045120186
145,472,3.0,4.021456562094546
145,477,2.0,3.7915689815099696
145,549,5.0,3.7719923350118614
145,552,5.0,3.7298483450860695
145,553,3.0,3.7992396636274886
145,569,4.0,3.7284635756756996
145,574,2.0,3.7346705143916394
145,591,4.0,3.8838607584706035
145,592,3.0,3.7411112615415276
145,620,3.0,3.8229417792908453
145,631,4.0,3.954198116082072
145,637,3.0,3.760929192043184
145,665,5.0,4.052412478141521
145,672,3.0,3.4586744703205725
145,674,4.0,3.432006532785671
145,680,3.0,3.853295382327545
145,682,3.0,3.78628451604377
145,683,3.0,3.6787653066961274
145,684,5.0,3.8920137192654507
145,685,4.0,3.89239575986048
145,696,3.0,3.866704063451712
145,713,4.0,3.584756156249979
145,717,3.0,4.080487575016504
145,727,2.0,3.6872671093475295
145,737,2.0,3.8069236723792472
145,739,2.0,3.671208578545356
145,743,1.0,3.8915024729596794
145,750,4.0,3.681241409723883
145,751,4.0,3.989598726264403
145,752,4.0,3.815292622747638
145,756,2.0,3.545026795829389
145,760,2.0,3.7298483450860695
145,763,4.0,3.6376983258467934
145,764,2.0,3.821894717037116
145,770,1.0,3.7957885364433133
145,796,3.0,3.8311900377732644
145,831,1.0,4.150436833036247
145,895,3.0,3.8407060179416517
145,896,2.0,3.8243601372838207
145,924,2.0,3.7624686758784405
145,928,3.0,3.952133165932038
145,933,1.0,3.8328158223559337
145,949,4.0,3.6608195218969413
145,974,1.0,3.7731572063091967
145,983,1.0,3.717855960579176
145,993,3.0,3.9590860293705843
145,1001,4.0,3.8696503379723453
145,1002,1.0,3.8546684516724983
145,1040,1.0,4.052710800815952
145,1054,1.0,3.6387052791090397
145,1057,1.0,3.8696503379723453
145,1077,3.0,3.5211738231097636
145,1090,2.0,3.525537896986556
145,1102,1.0,4.409529062397704
145,1208,4.0,3.9138565456492413
145,1212,2.0,3.731355587850401
145,1217,2.0,3.6109559761068306
145,1245,5.0,3.5792009813779995
145,1248,3.0,3.5850605936369675
145,1292,1.0,3.7376595020686763
146,262,4.0,4.2076202176564585
146,300,3.0,4.285387784069485
146,302,4.0,4.224417128089765
146,307,3.0,4.443068398860863
146,313,4.0,4.518086959570117
146,346,4.0,4.256725052239156
146,347,3.0,4.296434152297412
146,688,1.0,4.164466546682371
146,1022,5.0,4.043799802319783
146,1294,4.0,3.9779281400909703
147,258,4.0,5.0
147,269,4.0,4.9610644195475615
147,292,5.0,4.904508538460737
147,305,4.0,4.851663776153294
147,339,5.0,4.840418716889818
147,340,4.0,4.765205951848431
147,345,4.0,4.814897457561726
147,690,4.0,4.778915210927309
147,751,2.0,4.897430855707848
147,904,5.0,4.637080360196654
148,1,4.0,4.590778235845118
148,7,5.0,4.630923234400383
148,70,5.0,4.274760178657543
148,71,5.0,4.6605944639911865
148,78,1.0,4.562815153325769
148,98,3.0,4.301043550853721
148,114,5.0,4.133726249179145
148,116,5.0,4.105881198793209
148,140,1.0,4.326996425241868
148,163,4.0,4.210587149762381
148,169,5.0,4.36915169937921
148,172,5.0,4.988328626541346
148,177,2.0,4.26395078919526
148,185,1.0,4.2834953830886695
148,204,3.0,4.572082114857112
148,214,5.0,4.401908003245891
148,228,4.0,4.659447199810579
148,357,5.0,4.198941190384668
148,408,5.0,4.48088405581221
148,473,5.0,4.501100590868218
148,495,4.0,4.225633830745898
148,501,4.0,4.559018735110773
148,507,5.0,4.133639552023127
148,509,5.0,4.177944548751229
148,529,5.0,4.12351463960478
148,588,4.0,4.5531047098568385
148,596,5.0,4.557265333135634
148,713,3.0,4.153333541739877
148,993,4.0,4.790308601705911
148,1012,4.0,4.24561307538512
148,1039,2.0,4.128106632854754
148,1149,5.0,4.1446719848199765
149,269,5.0,3.7273796572212
149,301,3.0,3.7059838109519054
149,305,4.0,3.6113470380541317
149,308,2.0,3.521160059723093
149,310,2.0,3.768158534774246
149,312,1.0,3.62784398743013
149,319,2.0,3.279356680313354
149,321,2.0,3.1714689223897032
149,327,2.0,3.7130177846192867
149,689,2.0,3.896687322733716
149,896,4.0,3.7932460025178614
150,1,4.0,4.055687803482417
150,13,4.0,3.9411256442667617
150,50,5.0,4.060286060860573
150,93,4.0,4.079504557145122
150,100,2.0,4.344935120408328
150,121,2.0,4.061970905151806
150,127,5.0,4.000699375297487
150,129,4.0,4.43665697624761
150,147,4.0,4.149209263592003
150,181,5.0,4.021687970036009
150,221,4.0,4.105275918798603
150,235,4.0,4.153537154020633
150,246,5.0,4.147820052736617
150,268,5.0,4.147820052736617
150,273,4.0,4.04025942827208
150,278,2.0,4.2609733684687345
150,293,4.0,4.00031567029795
150,325,1.0,4.369255179893986
150,410,4.0,4.2334730559066625
150,458,4.0,3.9559884229080113
150,475,5.0,4.208114149387939
150,628,4.0,4.204318551850344
151,7,4.0,4.704074622009253
151,10,5.0,4.5745660857191845
151,12,5.0,4.519404824080938
151,13,3.0,4.368348746048456
151,15,4.0,4.348457365716917
151,25,4.0,4.547598129028351
151,47,3.0,4.542768052085017
151,49,3.0,4.593025265335769
151,51,4.0,4.722193901778961
151,58,4.0,4.403517037067519
151,64,5.0,4.433230704681048
151,65,4.0,4.457846286252283
151,66,4.0,4.7597778031928915
151,79,4.0,4.644114791118024
151,83,5.0,4.688831530838451
151,87,4.0,4.270925216414363
151,89,5.0,4.447057790979307
151,91,2.0,4.617389288202097
151,100,3.0,4.680027361953094
151,114,5.0,4.202226934711037
151,121,5.0,4.60704858194675
151,153,3.0,4.310017332985241
151,160,4.0,4.227471274470958
151,162,5.0,4.247401897321411
151,163,4.0,4.333111780260158
151,164,5.0,4.794973540072874
151,169,5.0,4.456753432955519
151,172,5.0,4.933296489247048
151,175,5.0,4.300097789320301
151,176,2.0,4.674442431984207
151,183,3.0,4.676608549881129
151,186,4.0,4.574587037344514
151,189,5.0,4.441303795987516
151,191,3.0,4.486489040502979
151,193,4.0,4.342386205988514
151,196,4.0,4.257167279971794
151,197,5.0,4.640985060849234
151,200,3.0,4.287483389200806
151,203,3.0,4.224119189805044
151,210,4.0,4.340770664539812
151,213,5.0,4.560864051873038
151,223,5.0,4.524762458638549
151,224,5.0,4.393840852350252
151,227,5.0,4.497349215841226
151,228,5.0,4.525958531727047
151,231,1.0,4.5998689698194
151,234,4.0,4.339491673868587
151,241,3.0,4.771288112097945
151,260,1.0,4.651233420098022
151,274,5.0,4.7835483351634815
151,287,4.0,4.343395517499632
151,300,4.0,4.4067486944982255
151,317,5.0,4.396429550276897
151,318,5.0,4.5003095701317015
151,321,4.0,4.4189710703062985
151,322,2.0,4.352337140917869
151,328,3.0,4.684349877812181
151,356,2.0,4.794359535051287
151,357,5.0,4.230644143048887
151,372,5.0,4.453321558207138
151,387,5.0,4.416853678463678
151,393,2.0,4.337484622327239
151,402,3.0,4.783403438481177
151,405,3.0,4.509182947011388
151,411,4.0,4.8117328634294
151,414,5.0,4.2793173224235685
151,417,3.0,4.4134609878098
151,419,3.0,4.437846950155192
151,420,5.0,4.4001625027874445
151,425,4.0,4.2631109001243
151,428,5.0,4.238155151932086
151,429,5.0,4.530132016221325
151,432,5.0,4.4109946545628
151,433,3.0,4.313717638527782
151,435,4.0,4.382048582777009
151,451,5.0,4.587158216630113
151,461,4.0,4.455044274861269
151,464,4.0,4.304697492333683
151,478,5.0,4.562280987119879
151,480,5.0,4.3872785816350115
151,481,3.0,4.582522536281429
151,482,4.0,4.3559888643192615
151,484,4.0,4.4342832675250445
151,485,5.0,4.343468908517665
151,486,5.0,4.546716006778033
151,489,5.0,4.5903132071240975
151,490,5.0,4.597225915703897
151,494,4.0,4.232764717482167
151,503,3.0,4.368929130565848
151,505,5.0,4.306311365862292
151,506,4.0,4.235807032476786
151,509,4.0,4.259855915063329
151,514,4.0,4.461506025104516
151,522,5.0,4.501943509274574
151,529,5.0,4.222455999379876
151,546,2.0,4.453139654474874
151,584,3.0,4.528498201984082
151,602,4.0,4.498448031289868
151,605,4.0,4.191295754209189
151,633,5.0,4.344081669705281
151,654,4.0,4.494893973676872
151,655,4.0,4.5623416528879845
151,659,5.0,4.448072432504971
151,660,4.0,4.250260031858476
151,662,4.0,4.568692612489621
151,675,2.0,4.195490105638161
151,684,3.0,4.5573306867601495
151,692,3.0,4.899774726008795
151,699,4.0,4.346866539591653
151,702,3.0,4.7236525893618015
151,703,4.0,4.321285802407616
151,707,4.0,4.277539644812608
151,709,5.0,4.49973710342584
151,729,4.0,4.403517037067519
151,732,4.0,4.688831530838451
151,735,5.0,4.380548181436895
151,736,4.0,4.681679941163593
151,747,3.0,4.517085513725478
151,755,3.0,4.790906537474764
151,775,2.0,4.987741286911432
151,792,4.0,4.3355096781783296
151,813,4.0,4.3589224396697
151,826,1.0,4.443958131965169
151,835,5.0,4.595345007624492
151,837,4.0,4.231691766938195
151,919,5.0,4.587887173295517
151,929,3.0,4.410345601396957
151,969,5.0,4.276069522590122
151,972,4.0,4.259042278359371
151,1006,1.0,4.392720922275269
151,1017,2.0,4.315850925628555
151,1044,2.0,4.775000311654256
151,1065,3.0,4.323046785271664
151,1074,2.0,4.530175924202569
151,1101,4.0,4.459911723065508
151,1109,4.0,4.526850846900322
151,1113,4.0,4.289690233200939
151,1197,5.0,4.667881533359524
151,1264,4.0,4.403517037067519
151,1297,1.0,4.633400276336858
151,1298,4.0,4.460618158993934
152,22,5.0,4.909533907489127
152,25,3.0,4.788967228178478
152,51,4.0,4.87895042747852
152,67,5.0,4.512800588649442
152,80,5.0,4.618271595615017
152,97,5.0,4.575120893076403
152,98,2.0,4.6053860225379255
152,111,5.0,4.851318953952634
152,125,5.0,5.0
152,132,5.0,4.733126287876476
152,147,3.0,4.643030262061993
152,151,4.0,4.517464226413278
152,157,5.0,4.608708819398795
152,162,5.0,4.424670784843388
152,167,5.0,4.442631436248918
152,191,5.0,4.5116964548951515
152,204,4.0,4.614230362652005
152,220,5.0,5.0
152,241,4.0,4.9066904798247
152,255,5.0,4.772750244682896
152,272,5.0,4.43393751082125
152,286,5.0,5.0
152,301,3.0,4.588404421451847
152,313,4.0,4.982057159119357
152,412,2.0,4.688608157712993
152,483,5.0,4.821778990171098
152,685,5.0,4.6109117349007995
152,699,5.0,4.504802127365959
152,716,5.0,4.917508240254908
152,780,5.0,4.51882846559357
152,790,5.0,4.643588414702793
152,845,3.0,4.635625229974584
152,866,5.0,5.0
152,966,5.0,4.489526259072422
152,1014,2.0,4.446241246931965
152,1028,5.0,4.905571627927606
153,22,2.0,3.6765568602744203
153,56,5.0,3.344175435671207
153,64,5.0,3.2833911106004674
153,127,3.0,3.6438542828062266
153,174,1.0,3.359807097644898
153,216,2.0,3.1785538538162323
153,321,3.0,3.191350433952117
153,323,2.0,3.548092530530445
153,510,3.0,3.4949903065216525
153,678,2.0,3.5755884616825258
154,50,5.0,4.7024712659498205
154,89,5.0,4.363684895658506
154,135,5.0,4.517291816086274
154,137,3.0,4.177827013850298
154,143,3.0,4.0695946458743215
154,175,5.0,4.2858305723607115
154,182,5.0,4.277071568545691
154,202,3.0,4.195106525964847
154,242,3.0,4.169075852406777
154,286,4.0,4.55003852183839
154,289,2.0,4.314709524359233
154,302,4.0,4.3791322464716975
154,333,3.0,4.4042222431216835
154,357,4.0,4.062032566541957
154,414,4.0,4.043282812325037
154,462,3.0,4.15087791863862
154,479,4.0,4.183851666992417
154,480,5.0,4.229633466937776
154,484,4.0,4.24015348929754
154,488,4.0,4.095927120025581
154,527,4.0,4.090734057450305
154,640,5.0,4.152686985164156
154,708,4.0,4.186370611676576
154,806,4.0,4.323414151431945
155,286,4.0,3.031594250539639
155,292,3.0,3.176070297695217
155,294,3.0,2.946428702147011
155,319,3.0,2.870646820427013
155,321,4.0,2.7302508572151254
155,323,2.0,3.23267798531097
155,324,2.0,3.0805685098078737
155,325,2.0,3.091392962824525
155,328,2.0,3.384798676418212
155,748,2.0,3.5138814569012955
155,988,2.0,3.1409779096904016
156,11,2.0,4.131647637505281
156,12,3.0,4.166926070879398
156,22,3.0,4.528218594006135
156,48,4.0,3.8168440879542547
156,58,4.0,3.965536991526872
156,64,3.0,4.007185666150101
156,124,3.0,4.066988091592685
156,137,4.0,3.9775036913820254
156,180,5.0,4.188161425417636
156,192,4.0,3.900348065888849
156,197,5.0,4.147317835049648
156,205,3.0,4.170247605959477
156,211,4.0,3.9331194197408768
156,276,3.0,4.0707610713680475
156,317,4.0,4.217396828221448
156,318,4.0,4.29083338753332
156,346,3.0,4.10069356503961
156,641,5.0,4.32335647276068
156,661,4.0,3.8791658095884696
157,1,5.0,3.919233847534329
157,3,3.0,3.833744618168535
157,25,3.0,4.314527643775481
157,93,3.0,3.9603498544657323
157,127,5.0,4.175646722417331
157,137,5.0,4.125895508682186
157,147,5.0,4.313074103445716
157,150,5.0,4.339167587726588
157,250,1.0,4.31408497347858
157,268,5.0,4.1546880521288
157,273,5.0,4.248482680649893
157,274,4.0,4.046680781620382
157,283,4.0,4.363653021513701
157,293,5.0,4.059124034546081
157,298,4.0,4.381683340693123
157,405,3.0,4.280741088774943
157,407,4.0,4.110541435971506
157,508,5.0,4.010622024537005
157,740,2.0,4.22107848324494
157,748,2.0,4.559864467748541
157,1132,3.0,4.22107848324494
157,1258,5.0,4.127359157255565
157,1283,2.0,4.145322059994983
157,1302,5.0,4.08298671258034
158,1,4.0,4.152865043436392
158,8,5.0,4.306790629469403
158,11,4.0,4.226309596021166
158,24,4.0,4.516181699838155
158,38,4.0,4.46224786706223
158,42,3.0,4.090190641330926
158,50,4.0,4.695929453579049
158,62,5.0,4.731554276469301
158,68,3.0,4.6870958694641764
158,72,3.0,4.436658267947296
158,79,4.0,4.557211747187362
158,82,5.0,4.650243088412091
158,85,4.0,4.207178098526966
158,100,5.0,4.527505112679774
158,116,5.0,4.0176522075232874
158,117,3.0,4.816294340659828
158,124,4.0,4.2147884591288864
158,127,5.0,4.498677835931788
158,128,2.0,4.4059995806858
158,137,5.0,4.118030815872514
158,144,4.0,4.302647626611372
158,148,4.0,4.521096406885477
158,149,3.0,4.1594549500299385
158,154,4.0,3.971370993223503
158,163,4.0,4.0707073566392165
158,172,4.0,4.78242908881025
158,176,4.0,4.648693695509734
158,177,4.0,4.216270697454129
158,182,5.0,4.199737315757078
158,183,3.0,4.57387193617024
158,184,3.0,4.731825035873377
158,186,3.0,4.363443000057785
158,190,5.0,4.143664550982329
158,204,4.0,4.330491140478595
158,216,3.0,4.085752644726258
158,222,3.0,4.651213325254673
158,228,5.0,4.449034399325509
158,229,3.0,4.427008808936509
158,235,1.0,4.66174098593063
158,239,3.0,4.507832698888814
158,241,4.0,4.594543977359157
158,244,4.0,4.357521412983575
158,271,4.0,4.669790352300978
158,273,3.0,4.627851359329487
158,277,4.0,4.080346979232932
158,286,4.0,4.4572192444727605
158,373,2.0,4.61717623452637
158,403,4.0,4.670814575583916
158,410,3.0,4.199304113191188
158,414,4.0,3.9707570834645236
158,433,3.0,4.04303101036132
158,435,5.0,4.209292307702428
158,472,3.0,4.58416781032842
158,483,5.0,4.247172045164953
158,502,4.0,4.158238469474753
158,510,3.0,4.346575997640167
158,516,5.0,3.9678830832192826
158,525,5.0,4.088670292513103
158,530,4.0,4.025032213838541
158,550,3.0,4.298390931332129
158,566,3.0,4.412973328212728
158,568,4.0,4.630486379098429
158,580,4.0,4.209517359210958
158,593,4.0,4.034167466797961
158,636,4.0,4.573275693699308
158,665,2.0,4.579949699742382
158,729,3.0,4.049950800384281
158,731,2.0,4.312337956881807
158,770,5.0,4.294347900550645
158,803,3.0,4.4303315481957695
158,809,3.0,4.419286074698773
158,825,4.0,4.832228591149528
158,1011,4.0,4.096362629976655
158,1098,4.0,4.1093075480806185
159,103,1.0,3.842075205243551
159,111,4.0,3.89271803563045
159,117,5.0,4.24497453555223
159,121,3.0,3.9923414551010215
159,127,5.0,3.8508273189208397
159,220,5.0,4.002208725524942
159,225,4.0,3.889291757597082
159,237,3.0,3.878539918000901
159,245,5.0,4.289388940835963
159,249,4.0,3.719105662491737
159,258,4.0,4.080486792596402
159,259,4.0,3.9323239358323994
159,286,1.0,3.971810877577542
159,289,2.0,3.925079916831076
159,310,5.0,3.9665114778894717
159,323,4.0,3.990900058082287
159,328,3.0,4.125064857836755
159,411,3.0,4.095487880240002
159,412,3.0,3.852534263143628
159,451,5.0,3.7811387434957155
159,471,4.0,3.931440346825274
159,546,4.0,3.9487199485778204
159,678,5.0,4.069077803841295
159,685,4.0,3.9433357906666515
159,748,3.0,4.284588240208083
159,756,4.0,3.6002300646364196
159,815,3.0,3.964254859803609
159,831,2.0,4.107167955557867
159,871,4.0,3.8358423472838603
159,872,1.0,3.8171336023220976
159,877,3.0,3.872284866084087
159,881,1.0,4.056446045825397
159,930,4.0,4.0388015710686975
159,1002,3.0,4.03251892089188
159,1025,2.0,4.618928557420465
159,1028,5.0,3.7454868317073897
159,1037,2.0,3.773065932220625
159,1190,5.0,4.0083320393071435
160,1,4.0,4.501822224276054
160,3,3.0,4.383007580510142
160,4,4.0,4.7166546388240675
160,7,3.0,4.622298866782261
160,21,1.0,4.659654771362115
160,23,5.0,4.376273051962166
160,24,5.0,4.529433182052853
160,32,5.0,4.221898527695333
160,50,4.0,4.588714095230512
160,56,5.0,4.507905018480314
160,79,4.0,4.548545143051298
160,93,5.0,4.521240763373776
160,109,2.0,4.4696519642296035
160,117,4.0,4.833207844587868
160,118,3.0,4.74581098697981
160,123,4.0,4.736729513810484
160,124,4.0,4.596709937233523
160,126,3.0,4.564370160696577
160,135,4.0,4.496476699617331
160,137,4.0,4.537244102924932
160,160,5.0,4.206435752415834
160,161,3.0,4.450302747607534
160,174,5.0,4.247019734850734
160,175,4.0,4.241023862129081
160,187,5.0,4.602746221763912
160,209,4.0,4.449227229411795
160,218,4.0,4.183794289100361
160,228,2.0,4.352925145649259
160,230,2.0,4.383185862262453
160,234,5.0,4.298766292782022
160,328,3.0,4.585369400934592
160,412,3.0,4.5441845003203
160,430,5.0,4.287315039438474
160,432,3.0,4.341497682475247
160,447,4.0,4.190593003017949
160,460,2.0,4.460885980749929
160,462,4.0,4.3057243526311515
160,463,4.0,4.2548988425575605
160,475,5.0,4.603359751958361
160,484,5.0,4.354886554684783
160,544,4.0,4.683814178233562
160,564,3.0,4.450105674869099
160,603,4.0,4.275388259271936
160,604,4.0,4.200778073156185
160,693,5.0,4.457332652600315
160,719,3.0,4.3546059592871105
160,762,3.0,4.505743652008452
160,864,1.0,4.449105998834398
160,926,2.0,4.568093338047284
160,969,1.0,4.265710141426027
160,1016,4.0,4.552968506603396
160,1019,5.0,4.333688795372691
160,1073,4.0,4.218637693492224
160,1223,4.0,4.273277992859778
161,14,4.0,2.920097533385007
161,48,1.0,2.606487530389154
161,56,3.0,2.7887885315152507
161,98,4.0,2.840179560669158
161,127,3.0,2.9967695364703952
161,135,2.0,2.896372739568466
161,162,2.0,2.6191858508357466
161,168,1.0,2.613909260146392
161,174,2.0,2.795719138230691
161,187,3.0,2.932184461325329
161,191,2.0,2.7341358958902315
161,202,5.0,2.8977910581016353
161,213,2.0,2.890964053884671
161,215,2.0,2.711837699293852
161,274,2.0,3.1364545340296233
161,276,5.0,2.820261298606649
161,286,2.0,3.207009109141133
161,318,3.0,2.888299307826987
161,508,2.0,2.745096361686892
161,523,3.0,2.8235363013274175
161,582,1.0,3.012518634806608
161,654,3.0,2.720444412304695
161,898,3.0,2.8870064268894384
161,1266,2.0,2.6701113130073364
162,25,4.0,3.8134432842157175
162,42,3.0,3.5028445012329827
162,50,5.0,3.968090214949976
162,117,4.0,4.211386572996992
162,121,4.0,3.9470574580072872
162,151,3.0,3.643155848276775
162,174,4.0,3.6010811458470875
162,181,4.0,3.966430566707975
162,222,4.0,3.984977915830555
162,230,2.0,3.7635248129647123
162,254,3.0,3.8228946691439853
162,298,4.0,4.0330867209187184
162,544,4.0,3.7571255766703002
162,597,4.0,4.015483307312922
162,628,4.0,3.8905622091927143
162,685,3.0,3.871190221442756
162,710,4.0,3.4992035747225825
162,742,4.0,3.924258687232884
162,943,4.0,3.47617441483043
162,1012,4.0,3.605850299336169
162,1019,4.0,3.7167397443209724
162,1047,5.0,3.683595090344938
163,56,4.0,3.2054849756243193
163,64,4.0,3.233453137364801
163,97,4.0,3.241657219969056
163,98,4.0,3.3374870561789014
163,216,3.0,3.395393287755466
163,234,3.0,3.3846090730492486
163,286,3.0,3.397540906130359
163,288,3.0,3.2411355477147334
163,318,4.0,3.341369186023086
163,347,4.0,3.679565745644404
164,117,5.0,5.0
164,118,5.0,4.931808842389639
164,121,5.0,4.7068580212848055
164,125,5.0,4.675333662401361
164,148,5.0,4.680199764518253
164,181,5.0,4.718592582795074
164,237,2.0,4.537609752430407
164,245,5.0,5.0
164,276,3.0,4.290786475157449
164,281,4.0,4.533321864133697
164,299,4.0,4.600139640614129
164,300,5.0,4.662203136962313
164,313,5.0,4.812427096939992
164,322,4.0,4.553367765713629
164,323,4.0,4.586151079843301
164,331,5.0,4.764824521115978
164,333,5.0,4.760575788321426
164,406,2.0,4.6128303205206835
164,458,4.0,4.214157282896739
164,597,4.0,4.815054405234998
164,619,4.0,4.713306734467886
164,620,3.0,4.619754118392475
164,685,5.0,4.651471519563969
164,689,5.0,4.8607759306892415
164,748,5.0,4.930963583897784
164,823,4.0,4.564660220846018
164,926,2.0,4.469204941533577
164,930,4.0,4.771593282910506
164,984,4.0,4.3926470626031735
164,1025,4.0,5.0
165,69,3.0,4.310822904572307
165,91,4.0,4.47741685189632
165,181,5.0,4.732576590960798
165,216,4.0,4.234251330968531
165,258,5.0,4.757688903641441
165,288,2.0,4.309999461226189
165,304,3.0,4.558760794780032
165,325,4.0,4.455653505835528
165,332,4.0,4.540657657200947
165,372,5.0,4.094690391662889
165,419,4.0,4.289733129921306
165,651,5.0,4.521428821481115
166,258,4.0,3.8252924991433064
166,288,3.0,3.492130153721857
166,300,5.0,3.8418082541571987
166,322,5.0,3.7323304644784168
166,323,5.0,3.853304180248425
166,328,5.0,4.011613890796896
166,343,4.0,3.6896588036602425
166,346,1.0,3.740044092309223
166,748,2.0,4.137171702694859
166,894,4.0,3.9255897184049102
167,48,1.0,3.9015305200944037
167,73,2.0,4.313853294015823
167,126,3.0,4.131445450292157
167,133,5.0,4.161634349516672
167,136,4.0,3.92068333240275
167,169,1.0,4.258070193306777
167,204,4.0,4.1423406816849955
167,222,4.0,4.2765138335480355
167,232,1.0,4.178041990345674
167,235,3.0,4.406884991254629
167,290,3.0,3.9368011546743613
167,364,3.0,3.956704861370555
167,381,5.0,4.2296350891388315
167,392,1.0,4.243720214987465
167,404,3.0,4.237660121162508
167,486,4.0,4.129053929494339
167,568,3.0,4.347836016695202
167,603,4.0,4.020589213103264
167,659,4.0,4.090522774243245
167,675,1.0,3.9235117005969915
167,698,4.0,4.067403671002325
167,719,1.0,4.142382002922342
167,733,2.0,4.234651091224235
167,949,1.0,4.110757914151258
167,1126,5.0,4.1692663258687155
167,1147,4.0,4.085746810721396
167,1305,1.0,4.033568612579792
167,1306,5.0,3.9653127982359555
167,1307,2.0,3.880028221336195
167,1309,1.0,4.00837435323459
167,1310,3.0,4.00140874201339
168,7,1.0,3.729754894048244
168,15,5.0,3.446629710443265
168,25,5.0,3.8229767113562927
168,100,4.0,3.981614157358245
168,117,5.0,4.237126778083956
168,123,3.0,3.8178409744391066
168,151,5.0,3.511672662889031
168,222,5.0,3.8956293631784
168,235,2.0,3.9591906357490503
168,255,1.0,3.573478060821113
168,257,5.0,3.9426968502401234
168,258,4.0,3.7713177131537643
168,259,2.0,3.599263558654363
168,274,4.0,3.6865650900247044
168,281,2.0,3.7212425895763905
168,282,5.0,3.7290167767427893
168,284,2.0,3.75242593844069
168,288,1.0,3.827936713938559
168,295,4.0,3.909479706519365
168,323,3.0,3.7549495655392455
168,409,4.0,3.8839055863915704
168,411,1.0,3.8474252617792946
168,472,3.0,3.9843602996160046
168,596,4.0,3.727857039526149
168,619,3.0,3.8664256852069316
168,742,5.0,4.015177098939673
168,748,2.0,4.048135480509856
168,819,4.0,3.747471853330356
168,866,5.0,3.936915747099692
168,988,2.0,3.667364369907619
168,1016,5.0,4.085013830743981
168,1047,2.0,3.747471853330356
168,1197,5.0,3.8423608919131658
168,1278,3.0,3.671623578958357
169,127,4.0,4.303212364470482
169,133,4.0,4.337858436745378
169,172,5.0,4.708037128871004
169,174,4.0,4.158504897995873
169,181,5.0,4.6133465971499525
169,234,4.0,4.164983952721369
169,260,1.0,4.613543049390614
169,301,4.0,4.391509489027606
169,308,3.0,4.344866783961072
169,429,3.0,4.400103139328212
169,603,5.0,4.110385028086289
169,604,4.0,4.062657440185437
169,705,5.0,4.098801521149082
169,879,5.0,4.670639245818366
170,245,5.0,4.629584771121177
170,292,5.0,4.235921655497145
170,299,3.0,4.194775085827987
170,328,3.0,4.395031154645631
170,333,4.0,4.433433154963476
170,749,5.0,4.332574858360722
170,881,3.0,4.521027914970292
171,245,3.0,4.264943620509763
171,268,4.0,4.081733842224313
171,292,4.0,4.116240670667204
171,302,4.0,3.869409263137711
171,306,3.0,3.860080714982816
171,313,4.0,4.177704963304716
171,327,4.0,4.002986717817058
171,344,3.0,4.193447312537181
171,1022,3.0,3.753197234846914
172,177,4.0,3.08472690836854
172,178,3.0,3.1067448554618804
172,183,5.0,3.1252588880120205
172,220,4.0,3.1878644843146233
172,430,3.0,3.080099379212901
172,462,3.0,3.1984130579066745
172,478,3.0,3.127905762930491
172,483,3.0,3.199235176756689
172,485,3.0,3.046719403899773
172,488,3.0,3.3718967022076356
172,514,3.0,3.085386812621101
172,580,4.0,3.1492199796612743
172,582,4.0,3.295676362680294
172,603,3.0,3.1048504965925567
172,657,3.0,3.2434382680626883
172,697,3.0,3.2484774915225043
172,1134,2.0,3.247340466150464
172,1172,3.0,3.1309759181255647
173,242,5.0,4.361621834840987
173,260,4.0,4.851751468896295
173,268,4.0,4.809085137124826
173,286,5.0,4.555648335003339
173,289,4.0,4.474920375846665
173,292,5.0,4.874561185539687
173,294,5.0,4.6191443834629835
173,300,4.0,4.791487172830164
173,322,4.0,4.766072006748706
173,323,5.0,4.779209373220246
173,328,5.0,4.885498834891323
173,678,3.0,5.0
173,879,5.0,5.0
173,880,4.0,4.703815490830797
173,938,3.0,4.813370623942841
173,1265,3.0,4.731363173643929
174,13,3.0,4.145490674231518
174,14,5.0,4.29010846033818
174,21,1.0,4.347239821828241
174,28,5.0,4.3115218851050585
174,29,2.0,4.322348249182614
174,40,4.0,4.0346758084448355
174,41,1.0,4.154601555933263
174,49,4.0,4.251768147027974
174,56,5.0,4.082519773852782
174,63,4.0,4.328177555830106
174,66,5.0,4.543676482041777
174,67,1.0,4.012307801292041
174,80,1.0,4.139878900994652
174,82,1.0,4.130776710661816
174,94,2.0,4.2991861241349465
174,107,5.0,4.087405755205679
174,117,5.0,4.391544919469039
174,118,2.0,4.300925198247858
174,122,1.0,4.218241999143076
174,124,5.0,4.204806711861386
174,138,1.0,4.235407439887814
174,160,5.0,3.9436684165861777
174,162,5.0,3.9280947387922795
174,196,5.0,4.026618855959302
174,197,5.0,4.290915700688964
174,204,4.0,4.105021933751936
174,216,5.0,4.13302721213692
174,237,4.0,4.337200715494611
174,248,5.0,4.0924633693304635
174,255,5.0,4.3299953576111605
174,268,5.0,4.337768619356005
174,272,5.0,4.006258650255554
174,276,5.0,4.279409244900957
174,288,3.0,4.1641861558687925
174,293,5.0,4.077198354914359
174,312,5.0,4.239164074746396
174,315,5.0,4.119040678113567
174,332,5.0,4.275573228382097
174,333,4.0,4.171934476738283
174,347,4.0,4.238047058202958
174,368,1.0,4.102138014507018
174,369,1.0,4.136001434054481
174,383,1.0,4.427052012610682
174,393,4.0,4.0570802762637435
174,395,1.0,4.015245665108114
174,396,1.0,4.181855021971847
174,402,5.0,4.415432931152342
174,412,1.0,4.237606338715347
174,415,3.0,4.22947146377081
174,423,2.0,4.145580163291417
174,456,1.0,4.082532318365269
174,458,4.0,4.19590386790474
174,471,5.0,4.333098609521189
174,476,4.0,4.234197613200246
174,571,1.0,4.331548898266542
174,575,1.0,4.091540101702947
174,577,1.0,4.245155048454677
174,597,3.0,4.239017687159691
174,655,5.0,4.228115503144938
174,660,5.0,3.931030873911174
174,699,5.0,4.017693569922224
174,762,5.0,4.11086242172296
174,768,1.0,4.366268522924165
174,823,4.0,4.150430179836891
174,845,5.0,4.172551115650959
174,862,1.0,4.398309650148609
174,902,3.0,4.30259324070408
174,937,5.0,4.091707262169815
174,949,5.0,4.274092311809267
174,950,3.0,4.19590386790474
174,1001,1.0,4.350146379109744
174,1014,3.0,4.041333330011624
174,1028,4.0,4.345232157675015
174,1032,3.0,4.214780333402089
174,1033,1.0,4.132972734298222
174,1041,5.0,4.417233877634892
174,1053,5.0,4.654699772846468
174,1139,2.0,4.291909393838622
174,1230,1.0,3.998825804327606
174,1254,1.0,4.060337013563384
174,1312,4.0,4.415800189431475
175,9,4.0,3.965093385821261
175,31,4.0,4.266108120704164
175,56,2.0,4.183173029762945
175,71,4.0,4.191999059870015
175,96,3.0,4.360944541677422
175,127,5.0,4.4768222880812845
175,132,3.0,4.369362252385826
175,176,3.0,4.491383502466531
175,183,4.0,4.470809513347749
175,215,5.0,3.904186755236127
175,483,5.0,4.217355861631249
175,496,5.0,3.9140820867212374
175,629,3.0,4.003785827087137
175,660,3.0,3.949555022729958
175,669,1.0,3.939580397471215
176,13,4.0,3.870839800449225
176,50,5.0,4.284012454485683
176,100,5.0,4.330115285561378
176,236,4.0,4.121367762704715
176,240,4.0,3.923338047958717
176,250,4.0,4.2977716347280595
176,258,4.0,4.4415751134609875
176,270,4.0,4.459463584099204
176,272,5.0,3.985501549830955
176,288,3.0,4.103112879530311
176,294,2.0,3.8962830335091194
176,297,3.0,3.9601286533419007
176,303,3.0,3.9601286533419007
176,305,5.0,4.071008391503166
176,324,5.0,3.9067691962167004
176,327,3.0,4.160763693083762
176,750,4.0,4.083351820625854
176,751,1.0,4.239363705521391
176,875,4.0,4.169969732305093
176,948,4.0,4.216465627273594
176,1012,4.0,4.112747092101873
177,1,3.0,3.9819976002885618
177,22,4.0,4.352170173226004
177,47,3.0,3.998308951439095
177,56,5.0,4.12687125556195
177,59,4.0,3.9447515624204983
177,69,1.0,4.117984269318648
177,79,4.0,4.414741009038874
177,87,4.0,3.883571165881781
177,89,5.0,4.224047536816843
177,100,5.0,4.492008983408575
177,124,3.0,4.093078967229792
177,150,4.0,4.086939937131113
177,168,4.0,3.861581004098617
177,172,5.0,4.679420493341182
177,175,5.0,4.080468573389114
177,179,5.0,4.0731592559114445
177,182,5.0,4.151314862866087
177,195,4.0,4.58452697822826
177,196,3.0,3.893480597476133
177,197,4.0,4.127398929097203
177,198,4.0,3.84930909401414
177,203,4.0,3.8476082560911
177,209,4.0,4.0196737674361325
177,243,1.0,4.053182675746
177,245,3.0,4.64039043470958
177,260,2.0,4.657480654979045
177,270,1.0,4.689442642712271
177,271,2.0,4.544167181746736
177,276,5.0,4.036811680443208
177,289,2.0,4.104158778290891
177,294,4.0,3.906841976877168
177,299,4.0,4.419460974345107
177,300,2.0,4.280973926107363
177,318,4.0,4.033719690510155
177,321,2.0,3.923736985692214
177,333,4.0,4.372661405354513
177,334,3.0,4.359747467895212
177,336,2.0,4.289532240154744
177,338,3.0,4.010073780992035
177,403,5.0,4.42987728196162
177,433,4.0,3.87324758162314
177,470,5.0,3.8598116152631947
177,475,4.0,3.970605670048106
177,508,4.0,3.9367982404269775
177,651,3.0,4.277688416037748
177,689,3.0,4.507953488030043
177,878,1.0,4.0929366391521675
177,919,4.0,4.289557540585431
177,948,2.0,4.189290624036929
177,960,3.0,3.9768826543255074
177,1039,3.0,3.970605670048106
177,1067,4.0,3.872158159923067
178,8,4.0,4.222568838071126
178,15,5.0,3.8890667652013367
178,16,4.0,4.063136945740463
178,22,5.0,4.441688647396288
178,25,3.0,4.211532383602107
178,28,5.0,4.353375250203957
178,39,2.0,4.343184243795769
178,55,4.0,4.568350715249608
178,58,5.0,3.933208341586926
178,70,4.0,4.122328800889148
178,71,4.0,4.132045347771092
178,73,5.0,4.317759961124275
178,76,3.0,4.052054582400154
178,83,4.0,4.278280402439375
178,89,4.0,4.016747404775069
178,96,4.0,4.223479283054204
178,98,5.0,4.133362858041355
178,99,4.0,3.944519074514103
178,106,2.0,4.336052631851387
178,117,4.0,4.690366871821389
178,121,5.0,4.352426059557963
178,125,4.0,4.358953792985459
178,131,4.0,4.039033800465808
178,134,3.0,3.8311665786269797
178,135,2.0,4.2094369712529165
178,148,4.0,4.36783728558959
178,178,4.0,3.819146649053368
178,179,2.0,3.9800685743515247
178,181,5.0,4.496795835091555
178,183,4.0,4.395375577499324
178,187,4.0,4.234321577517759
178,193,4.0,3.908961949994351
178,195,4.0,4.450914511334114
178,196,4.0,3.8397912047972422
178,199,4.0,4.035057062865018
178,204,4.0,4.115780182454126
178,209,4.0,4.09571055183286
178,210,5.0,4.061329670585913
178,214,1.0,4.030396216548339
178,216,4.0,3.950119779847526
178,218,3.0,3.8522590086352997
178,228,5.0,4.230556690031266
178,234,4.0,4.056222986604466
178,241,5.0,4.483247932957777
178,244,1.0,4.3029424888153125
178,245,3.0,4.684249397524275
178,248,4.0,4.056231503921472
178,250,4.0,4.378617835834968
178,255,4.0,4.15003511466622
178,257,5.0,4.58362947548985
178,258,4.0,4.363255624266145
178,259,1.0,4.076656931179223
178,271,4.0,4.524293384447791
178,273,3.0,4.421163599888498
178,275,5.0,4.1558576465852965
178,276,3.0,4.084825076254603
178,282,3.0,4.109590004199696
178,284,4.0,4.224234497923373
178,286,3.0,4.422133780596566
178,288,5.0,4.188514451764641
178,294,2.0,3.940411141912869
178,302,4.0,4.193148365397229
178,317,4.0,4.0141272060254
178,323,3.0,4.249737572935902
178,326,4.0,4.247742807496358
178,332,3.0,4.34181499645219
178,342,4.0,4.182077815509031
178,358,1.0,4.694651688557981
178,363,3.0,3.9983623994418376
178,367,4.0,3.984669835474096
178,385,4.0,4.51412772303806
178,427,5.0,3.8340393865313893
178,431,4.0,4.218155701024638
178,433,4.0,3.8904283858546265
178,454,4.0,3.978435557625936
178,455,3.0,4.001361156026256
178,458,3.0,3.971326486576336
178,465,3.0,4.295207631491472
178,478,5.0,4.166654004808477
178,480,3.0,4.0120788428346135
178,491,4.0,4.115222318445641
178,495,4.0,3.945078902524408
178,500,4.0,4.138002437290086
178,508,3.0,3.9714352396256896
178,510,4.0,4.22500828174576
178,520,5.0,4.081268475297227
178,540,3.0,4.0087922093347625
178,546,3.0,4.282682269744711
178,549,4.0,4.2759513292281515
178,566,4.0,4.265459173005447
178,568,4.0,4.540247297007941
178,596,3.0,4.142093903498928
178,597,4.0,4.43161384943764
178,619,3.0,4.214957499343846
178,651,4.0,4.321404182280855
178,655,4.0,4.2276683213011435
178,678,3.0,4.32555289449393
178,682,3.0,4.13263856849833
178,696,4.0,4.240066204850241
178,731,4.0,4.209624296799954
178,739,4.0,4.104890415554812
178,742,3.0,4.336052631851387
178,746,3.0,3.827405954295887
178,762,3.0,3.999767798179749
178,845,4.0,4.0462072239781195
178,849,3.0,4.181598265211435
178,864,2.0,3.9888015433543393
178,866,4.0,4.384035548200549
178,877,2.0,4.1881051251845856
178,895,3.0,4.13677461785694
178,926,4.0,4.07844054054845
178,978,2.0,4.109064048299821
178,984,2.0,3.9786844603577696
178,1004,4.0,4.001673167111704
178,1012,4.0,4.150855423001877
178,1035,4.0,3.9418137143422842
178,1051,3.0,4.211532383602107
178,1169,4.0,3.933208341586926
178,1283,3.0,4.1130207693553755
178,1300,3.0,4.270211063858759
179,258,5.0,3.5697342476800515
179,269,3.0,3.437643943079168
179,272,5.0,3.2240457763078174
179,301,4.0,3.381089427088206
179,303,1.0,3.2293704799545555
179,305,4.0,3.302968004304939
179,310,4.0,3.4029842712217957
179,315,5.0,3.512176762571775
179,316,5.0,3.3503428953745504
179,331,2.0,3.529756769396792
179,339,1.0,3.4836822787732205
179,345,1.0,3.341605744430593
179,346,3.0,3.3644603449991264
179,354,4.0,3.4822936330947254
179,750,1.0,3.3128598893134784
179,751,1.0,3.4983491413913095
179,895,5.0,3.555386989722698
179,905,4.0,3.4193327923467156
179,1316,3.0,3.4023614076446953
180,28,3.0,4.39323188952763
180,56,5.0,4.1525051007608464
180,67,1.0,4.055523092343577
180,68,5.0,4.562294626459319
180,69,4.0,4.354655623989951
180,79,3.0,4.528243511932398
180,83,5.0,4.483675684493706
180,111,5.0,4.1798720654645845
180,121,5.0,4.311527955697632
180,156,5.0,4.046902049531699
180,173,5.0,4.460451260783016
180,202,3.0,4.392124235840635
180,204,3.0,4.279805921173683
180,213,5.0,4.263603951425878
180,216,5.0,4.063149261015053
180,403,3.0,4.352434247710679
180,421,5.0,4.104003152410929
180,423,4.0,4.151324839700175
180,431,4.0,4.219031772943801
180,433,5.0,4.064213442722325
180,462,5.0,4.050274393165993
180,631,5.0,4.375038521114091
180,694,5.0,4.117827228665959
180,716,1.0,4.308682718778054
180,732,3.0,4.483675684493706
180,737,3.0,4.381304465102151
180,762,4.0,4.032965459080229
180,1119,3.0,4.193756673684596
180,1131,5.0,4.156183477957905
181,1,3.0,1.894946546268447
181,3,2.0,1.7710960626712073
181,7,4.0,1.9648293002369235
181,9,4.0,1.756647394587299
181,10,2.0,1.8701283767662154
181,13,2.0,1.7512834103951487
181,14,1.0,1.8478929953810908
181,16,1.0,1.7989980936771937
181,20,1.0,1.8917164909052842
181,21,1.0,2.168610014690205
181,25,5.0,2.2622547807353808
181,103,1.0,2.0305816063172517
181,112,1.0,2.184865378972936
181,121,4.0,2.083626308153713
181,123,2.0,2.2609195444232046
181,124,1.0,2.0958281822882823
181,125,3.0,2.2951175604209046
181,146,1.0,2.024366083325559
181,147,1.0,2.103681944732286
181,148,2.0,2.1542194566364476
181,149,1.0,2.1871799754429557
181,150,1.0,2.305981953428535
181,220,4.0,2.179101979805025
181,221,1.0,2.0186451847151248
181,225,3.0,2.073360879198974
181,240,1.0,1.889895113968738
181,243,1.0,1.999642393089174
181,251,1.0,1.9605216884530556
181,256,1.0,1.9286842086834524
181,258,3.0,2.0674830150443637
181,260,1.0,2.0309874657020153
181,261,1.0,1.9297191640744922
181,262,2.0,1.8691242011222973
181,264,2.0,1.967445166701128
181,266,1.0,1.9129709025919759
181,268,1.0,1.963817241596999
181,269,1.0,2.037692080690428
181,276,2.0,1.8265205879603394
181,277,1.0,1.8384506917223578
181,278,2.0,2.1210898206941526
181,279,1.0,1.7218762319462997
181,283,3.0,2.2951175604209046
181,284,2.0,2.112473637512411
181,286,1.0,2.214527368706542
181,288,4.0,2.1481578644281236
181,301,2.0,1.9855394799923982
181,302,2.0,1.9041177466136086
181,304,1.0,2.0453985451175773
181,306,1.0,1.7941697814343507
181,308,1.0,1.9228932153336336
181,319,3.0,2.1501480662284123
181,321,2.0,2.189551647676411
181,324,1.0,1.7636952700658852
181,325,2.0,2.326842203199055
181,327,3.0,1.990453203951147
181,328,3.0,2.0228096306690926
181,329,1.0,1.8975546137430177
181,330,1.0,1.9387943296845411
181,334,1.0,1.9363752218945507
181,335,1.0,1.9207883130726833
181,337,1.0,2.152185861428541
181,359,1.0,1.9537086155709174
181,368,1.0,1.9682634831434722
181,369,3.0,2.0174857826427166
181,405,4.0,2.051067165622975
181,406,1.0,2.1334994201827473
181,408,1.0,1.944300913756908
181,424,1.0,1.8744785117140448
181,457,1.0,1.9185143984223902
181,458,3.0,1.8384506917223578
181,459,1.0,1.7880086751744502
181,472,1.0,2.188947713874875
181,597,3.0,2.274828930219595
181,619,3.0,2.1681889969316606
181,620,2.0,2.2825672848020835
181,676,3.0,2.2825672848020835
181,680,1.0,1.9129709025919759
181,682,4.0,1.8554400561789914
181,688,1.0,1.82213376079479
181,690,3.0,1.8648248603491222
181,696,2.0,2.209376469174388
181,740,2.0,2.1321951219664195
181,741,1.0,2.094057319136295
181,742,4.0,2.326842203199055
181,748,1.0,2.188910913211821
181,762,2.0,2.079148647259921
181,763,1.0,2.005193555412002
181,764,1.0,2.1051811081717746
181,766,1.0,1.7340963769479685
181,819,3.0,2.1669157303771183
181,823,2.0,2.0277668480838993
181,824,1.0,2.024976502674443
181,825,1.0,2.3332467555125866
181,827,2.0,2.3121360508012274
181,829,1.0,2.211657696852251
181,832,1.0,2.2244535227359528
181,834,3.0,1.7224749375070907
181,840,1.0,2.1648993697757457
181,841,1.0,2.2588406410978314
181,846,3.0,2.028142781067217
181,866,1.0,2.295376282300686
181,870,2.0,1.8494171361663274
181,872,1.0,1.802585699669438
181,873,1.0,1.9386255060046371
181,874,1.0,1.8673466063989692
181,878,1.0,1.9602479998763425
181,879,2.0,2.116313205534375
181,881,1.0,1.964652050413433
181,882,1.0,1.8407020061140809
181,886,1.0,1.97196573082796
181,887,1.0,1.8765662007246262
181,922,1.0,1.7044518061666298
181,925,2.0,2.1537604583060928
181,926,1.0,2.1669157303771183
181,927,1.0,1.7858267533382715
181,928,3.0,2.287630104538664
181,929,1.0,2.084458406036071
181,930,1.0,2.166157296629193
181,933,1.0,2.2975386850353687
181,937,3.0,1.915047896280448
181,938,1.0,2.0068503678689655
181,948,1.0,2.038404887538017
181,950,1.0,1.8384506917223578
181,952,1.0,1.7644206596673586
181,975,2.0,2.170033372946575
181,976,1.0,2.273278633175928
181,978,1.0,2.0398902367048652
181,979,2.0,2.2139101963702115
181,980,1.0,2.1037768500639205
181,984,1.0,1.7931734810094766
181,985,1.0,1.813055033076286
181,986,2.0,1.8567736448392367
181,990,1.0,1.9499358715323547
181,995,1.0,1.8530785072036642
181,1001,1.0,2.2622547807353808
181,1009,1.0,2.0418790471880954
181,1010,1.0,2.1871799754429557
181,1015,1.0,2.0293171096592957
181,1017,1.0,2.0186451847151248
181,1028,2.0,1.8249617045040902
181,1040,1.0,2.362476353067921
181,1048,2.0,2.5287218477328413
181,1049,1.0,2.0218245684081246
181,1051,2.0,2.2622547807353808
181,1052,2.0,1.7670290926934789
181,1057,2.0,2.2622547807353808
181,1060,1.0,2.1520353765212317
181,1067,1.0,2.0188095229247462
181,1068,1.0,1.7856614061439826
181,1081,1.0,2.1136403089260707
181,1087,1.0,1.762816515062544
181,1093,1.0,1.7277363810232376
181,1094,1.0,2.046020201026973
181,1120,1.0,1.9945728407858276
181,1128,1.0,1.6516283323060335
181,1129,1.0,1.8502368403481062
181,1134,2.0,2.1871799754429557
181,1151,1.0,1.9769581184737337
181,1164,3.0,1.835446695402045
181,1165,1.0,2.1653187822885434
181,1174,1.0,2.326842203199055
181,1198,1.0,1.734993005576209
181,1202,1.0,1.7048547551295001
181,1259,1.0,1.8589190902849564
181,1265,1.0,1.8592527282949636
181,1272,1.0,1.830575471441811
181,1282,1.0,1.8399180625249558
181,1284,1.0,2.590003166220216
181,1288,1.0,1.750785412475014
181,1289,1.0,1.708431395734049
181,1291,1.0,2.005193555412002
181,1295,1.0,1.9587194318196308
181,1312,1.0,2.244457269293916
181,1318,1.0,1.7475973818111328
181,1320,1.0,1.8384506917223578
181,1322,1.0,1.6697184206588949
181,1324,1.0,1.935744695876583
181,1327,1.0,1.7621579320688756
181,1330,1.0,1.7268930563810987
181,1332,1.0,1.6372883138164662
181,1333,1.0,1.8076393881738655
181,1334,1.0,1.7324184096580098
181,1336,1.0,2.188113633384366
181,1342,1.0,1.8304956964735468
181,1343,1.0,1.7739799567867913
181,1344,1.0,1.7732319334603663
181,1346,1.0,1.7053289431713456
181,1347,1.0,1.6958787731220022
181,1348,1.0,1.6917978464400494
181,1351,1.0,2.0287570009187896
181,1354,1.0,1.6539357310119798
181,1357,1.0,1.753164420572614
181,1360,1.0,1.7490857402354312
181,1361,1.0,1.9884095781299094
181,1362,1.0,2.014074803498805
181,1364,1.0,1.9898072762020573
181,1367,2.0,1.6449383247799372
181,1369,1.0,1.7193988002665745
181,1370,1.0,1.7779026373263878
181,1371,1.0,1.9049140466517511
181,1373,1.0,1.57119112320145
181,1374,1.0,1.6565927342673823
181,1375,1.0,1.773646247457982
181,1376,1.0,1.7757043631206155
181,1377,1.0,2.1717737052889317
181,1378,1.0,1.7504028871457076
181,1379,1.0,1.9807233159272841
181,1383,1.0,1.843673736749222
181,1384,1.0,2.210750231406945
181,1385,1.0,1.8867540334775952
181,1386,1.0,1.6390550475154493
181,1387,1.0,1.8553491167490925
181,1388,1.0,2.1871799754429557
181,1390,1.0,1.817234735718925
181,1392,1.0,2.0397167330405837
181,1393,1.0,2.0518837323084447
181,1395,1.0,1.6744399655826296
182,69,5.0,4.522572242026029
182,100,3.0,4.525866024935366
182,121,3.0,4.682188325703336
182,123,4.0,4.5687839426052985
182,172,5.0,4.871209197161867
182,222,3.0,4.730056378032999
182,237,3.0,4.467579490242329
182,283,2.0,4.561335643713155
182,293,3.0,4.297201912437003
182,423,5.0,4.544214100848162
182,471,4.0,4.572839627664427
182,763,3.0,4.351736600312909
182,845,3.0,4.380451140271239
182,864,4.0,4.351736600312909
183,54,2.0,3.7813443862146627
183,88,3.0,3.4510864433406994
183,96,3.0,3.911775802047843
183,159,4.0,3.376447828314106
183,203,3.0,3.21671673631669
183,222,4.0,4.2877016766630875
183,225,1.0,3.343604338576442
183,227,4.0,3.965541558677593
183,241,4.0,3.741778953531771
183,250,2.0,3.968398248321592
183,257,2.0,4.1511844557594255
183,265,2.0,3.6385881022277573
183,270,3.0,4.0510268246483925
183,273,4.0,3.717183310401658
183,294,3.0,3.2375206516715234
183,331,3.0,3.5944512519789504
183,405,4.0,3.669188347401805
183,450,3.0,4.014514322886809
183,483,5.0,3.4984800565606022
183,485,5.0,3.2945603055089383
183,562,3.0,3.7586999445398668
183,720,4.0,3.9741771648432973
183,1217,3.0,3.3402247903374866
184,9,5.0,3.9713863988556533
184,11,3.0,4.053419288794568
184,13,3.0,3.9786154663654685
184,14,4.0,4.238058859897462
184,15,3.0,3.983151136977824
184,22,3.0,4.386689750899702
184,34,2.0,4.270136376262868
184,36,3.0,4.30525051048633
184,47,4.0,4.155184711391666
184,52,4.0,4.026486736113648
184,57,5.0,4.045297191468444
184,58,4.0,4.045297191468444
184,64,4.0,4.06915145245143
184,67,3.0,3.87636591104991
184,69,3.0,4.294665428104992
184,70,4.0,4.1828284311990975
184,71,4.0,4.180445372507401
184,72,3.0,4.303706881896577
184,77,3.0,4.373336009086058
184,86,5.0,4.13346073633764
184,88,3.0,4.202435084797874
184,89,4.0,4.027934434858301
184,91,3.0,4.255983911439373
184,92,3.0,4.321966565447513
184,98,4.0,4.13283547215649
184,100,5.0,4.326568833650509
184,116,4.0,3.9322632311353574
184,124,5.0,4.147808541599627
184,126,3.0,4.1106237985443475
184,132,5.0,4.226692206701324
184,137,5.0,4.052391487901327
184,143,3.0,3.8778626142147203
184,153,3.0,3.970699851814163
184,155,3.0,3.990742045083439
184,161,2.0,4.19019056332356
184,164,3.0,4.445162711456441
184,172,4.0,4.520197519138114
184,174,3.0,3.9261383724005494
184,181,4.0,4.331063829027087
184,187,4.0,4.152463262228205
184,191,4.0,4.069720969698608
184,196,4.0,3.97318611561855
184,202,3.0,4.25496366722285
184,207,4.0,4.262763324453608
184,208,4.0,3.9865000648011657
184,217,3.0,4.022449012813783
184,218,3.0,3.8333091754824746
184,231,3.0,4.262683103513885
184,237,4.0,4.238893733788229
184,250,4.0,4.164791737342819
184,252,2.0,4.23752869239084
184,254,2.0,4.123175657594255
184,255,3.0,4.147009584298151
184,258,3.0,4.2448655636689905
184,259,3.0,4.017902545257899
184,275,5.0,4.233368013156579
184,277,3.0,4.082164601439332
184,286,4.0,4.436675566425397
184,287,4.0,4.047842140370544
184,321,5.0,4.0905270687599895
184,382,5.0,4.143623931627492
184,405,2.0,4.117114639767396
184,410,3.0,4.077838555922335
184,412,2.0,4.108613507852371
184,423,4.0,4.117175635493582
184,447,3.0,3.7946912245306264
184,458,3.0,4.082164601439332
184,462,4.0,4.008937079127889
184,478,4.0,4.185508424198474
184,497,4.0,3.848202646160231
184,498,5.0,4.289922787102326
184,511,4.0,3.9372924235627518
184,514,5.0,4.075281893564295
184,515,5.0,4.157607489737991
184,517,4.0,4.383078941405329
184,521,4.0,4.116481638073888
184,522,3.0,4.21664376007475
184,531,4.0,4.390362304967781
184,553,3.0,4.324344060532943
184,559,3.0,4.080637642446705
184,568,2.0,4.385152137096606
184,582,4.0,4.466204660591252
184,584,3.0,4.1988599695642925
184,588,5.0,4.0316096367850855
184,602,4.0,4.068986094920829
184,604,4.0,3.8567829017064423
184,606,5.0,3.921092194685382
184,642,4.0,4.238361155654422
184,645,3.0,3.857892799454323
184,647,5.0,4.114209031976299
184,660,3.0,3.8666569455983293
184,665,2.0,4.242293607428836
184,693,3.0,4.082164601439332
184,699,5.0,3.978361784397545
184,716,3.0,4.244490748984042
184,729,3.0,4.045297191468444
184,742,3.0,4.290506622735248
184,766,3.0,3.8995883770692408
184,780,4.0,3.944776914434043
184,805,3.0,4.059598507952432
184,836,4.0,4.124317081407554
184,855,4.0,4.399574036568659
184,942,3.0,4.050096091979836
184,949,3.0,4.164233636391174
184,950,4.0,4.082164601439332
184,972,3.0,3.952545615169722
184,995,3.0,3.96900884054596
184,1006,3.0,3.989566381745898
184,1010,4.0,4.102475129253111
184,1012,3.0,4.130070484222325
184,1020,4.0,3.8971194020875233
184,1136,4.0,4.004657612686664
184,1137,5.0,4.269541112180063
184,1195,3.0,3.926902909541542
184,1232,3.0,3.7827023082491658
184,1396,4.0,4.082164601439332
184,1397,3.0,3.8629526300227615
184,1398,5.0,4.110517694637122
185,15,3.0,4.059117603241213
185,23,4.0,4.097527362104538
185,28,5.0,4.240558986868094
185,86,5.0,4.10370998359431
185,114,4.0,3.9860650648618496
185,127,5.0,4.187547176903949
185,196,4.0,3.995227109950685
185,197,5.0,4.2443314096820846
185,199,4.0,4.261688769008623
185,216,4.0,4.154611970712791
185,223,4.0,4.2735445079154095
185,237,4.0,4.294097385269372
185,269,5.0,4.240440789136408
185,275,4.0,4.237543575417818
185,279,4.0,4.121068724666206
185,285,5.0,4.114817922457293
185,287,5.0,4.114023725109758
185,318,4.0,4.211767779720948
185,447,4.0,3.9179379627629256
185,515,4.0,4.246115169946466
185,528,4.0,4.235825621884688
185,638,4.0,4.034510890193214
185,740,4.0,4.2984192463473025
185,939,3.0,4.33170144290562
186,31,4.0,3.7727013120747213
186,44,5.0,3.766922188882498
186,53,1.0,3.760004590551068
186,71,5.0,3.7553738186876346
186,95,3.0,3.785044901031575
186,100,4.0,4.109990528968865
186,117,5.0,4.223357357527488
186,118,2.0,4.129779171302175
186,148,4.0,3.8448880632899103
186,225,4.0,3.7514209033081882
186,226,5.0,3.7346678017142496
186,237,2.0,3.6579696643931436
186,250,1.0,3.959227154637293
186,257,4.0,4.054246710293926
186,263,3.0,3.835886023283623
186,281,4.0,3.939443759645226
186,288,1.0,3.831788143130029
186,299,3.0,3.888164119049701
186,300,5.0,4.041616635812352
186,302,3.0,3.9118453251265084
186,322,5.0,3.9429681832927086
186,327,3.0,3.943196820364265
186,333,3.0,4.184170331612539
186,338,3.0,3.737903185266708
186,385,4.0,3.855180472000929
186,406,1.0,3.8201868969628965
186,470,5.0,3.5430034628963027
186,546,4.0,3.900235375863172
186,550,4.0,3.743332499743602
186,554,1.0,3.758751472173271
186,566,5.0,3.8459857579458077
186,588,4.0,3.6427750796895566
186,591,4.0,3.8666920411405656
186,596,4.0,3.7447000624041986
186,717,3.0,4.083555648336225
186,742,3.0,3.9791107547864053
186,770,2.0,3.8096293012332785
186,925,5.0,3.925436760475587
186,939,5.0,3.9502220359684026
186,977,3.0,3.811177295996875
186,983,3.0,3.8076346589710472
186,988,4.0,3.8122023007590555
186,1253,4.0,3.6595612265822792
186,1277,4.0,3.8225230091467837
187,28,4.0,4.639531314250004
187,64,5.0,4.461762526467845
187,70,4.0,4.597046685427889
187,86,4.0,4.580636957436743
187,116,5.0,4.355271259118455
187,135,4.0,4.530304442895474
187,175,2.0,4.518978094229027
187,191,5.0,4.519736595632067
187,196,4.0,4.421844248271655
187,210,4.0,4.4718372933257715
187,215,3.0,4.4354205305909185
187,275,5.0,4.609453733746094
187,427,5.0,4.3209619009608
187,433,4.0,4.48543920878571
187,522,3.0,4.63239868665961
187,523,3.0,4.520866279130338
187,582,1.0,4.892804982307984
187,659,5.0,4.434902431752642
187,732,3.0,4.803641985448425
187,747,4.0,4.6234518330332115
187,792,5.0,4.37766264122896
187,1119,3.0,4.5888456413147765
188,7,5.0,4.349532471849897
188,13,4.0,4.047751388375652
188,38,3.0,4.434237034109266
188,56,4.0,4.219714475552271
188,66,3.0,4.257859829827978
188,69,4.0,4.354039719160145
188,77,4.0,4.627180566527987
188,79,5.0,4.6906262753222805
188,88,4.0,4.1883698642559
188,96,5.0,4.3555151491090145
188,98,5.0,4.37121389807656
188,127,4.0,4.495866130709421
188,143,5.0,4.031037349773891
188,148,4.0,4.481716623833929
188,159,3.0,4.17172114272611
188,161,3.0,4.392510805644838
188,164,4.0,4.688337297606765
188,173,5.0,4.517367014611749
188,181,3.0,4.5564625156937
188,185,4.0,4.327674348183838
188,191,3.0,4.187291332424718
188,195,3.0,4.552272534617921
188,202,2.0,4.234935299811413
188,204,4.0,4.119817649359589
188,205,3.0,4.285109845791147
188,209,2.0,4.216047067482977
188,210,4.0,4.230247435087911
188,211,4.0,4.055857106284314
188,216,5.0,4.0438954075229265
188,218,5.0,4.112599047467546
188,233,3.0,4.142066621314871
188,234,4.0,4.2539277195684875
188,237,3.0,4.315361323352817
188,240,1.0,4.07674758552464
188,326,3.0,4.446184475285359
188,357,4.0,4.015032785176446
188,392,5.0,4.235491236717903
188,419,5.0,4.132644835854999
188,443,4.0,4.092863646028828
188,474,4.0,4.069118509812043
188,485,3.0,4.040525100485803
188,504,3.0,4.1326248232355125
188,511,2.0,4.211532536855231
188,554,2.0,4.458128858342501
188,628,5.0,4.360091859181037
188,632,5.0,4.059598029942647
188,692,5.0,4.480294847084101
188,717,4.0,4.6737849494705
188,732,3.0,4.266101739025926
188,769,2.0,4.566262302362988
188,792,2.0,4.029599052470644
188,864,2.0,4.0782777270707955
188,930,4.0,4.584325753964941
188,1213,2.0,4.498714804042635
189,1,5.0,4.446745659820995
189,9,3.0,4.18675618342464
189,15,2.0,4.229719829615699
189,16,3.0,4.293185840068121
189,20,5.0,4.473513694720907
189,21,2.0,4.564791199629323
189,30,4.0,4.128247657987856
189,31,3.0,4.505554552939369
189,45,3.0,4.246260009574533
189,56,5.0,4.233936028506599
189,60,3.0,4.2563428470724896
189,79,3.0,4.468255944611463
189,91,3.0,4.52703246968196
189,96,5.0,4.34559564322707
189,100,4.0,4.550444865773876
189,120,1.0,4.345609774972137
189,121,2.0,4.493571137681764
189,127,4.0,4.425805912061376
189,129,3.0,4.759611571987038
189,134,5.0,4.130030943557822
189,135,4.0,4.478704196795059
189,143,5.0,4.176306156971737
189,173,5.0,4.613713304588774
189,174,5.0,4.2128402954049795
189,176,4.0,4.604571439672849
189,194,5.0,4.26526712343281
189,197,5.0,4.5048733974590425
189,203,3.0,4.087354986445009
189,216,5.0,4.231912908729589
189,225,4.0,4.3507371162486805
189,234,5.0,4.186277587696416
189,248,4.0,4.190474717858962
189,253,4.0,4.546739507192454
189,268,4.0,4.516754455296981
189,274,4.0,4.546637801941415
189,275,5.0,4.466826290968263
189,276,3.0,4.384962493799723
189,281,2.0,4.397008224267133
189,294,5.0,4.103442326056807
189,381,3.0,4.43637026738292
189,462,5.0,4.255895338089442
189,474,5.0,4.202744050962146
189,479,5.0,4.244693547726737
189,480,5.0,4.204338576948099
189,483,5.0,4.5532859714288625
189,484,5.0,4.331722322450696
189,496,5.0,4.2262791512486375
189,505,5.0,4.230387648322927
189,510,5.0,4.457008511587437
189,512,4.0,4.521371245457233
189,513,4.0,4.31453070733377
189,520,5.0,4.316909577420505
189,526,4.0,4.3432846820368995
189,596,3.0,4.464954930276404
189,607,4.0,4.257407706255017
189,618,2.0,4.167326242091137
189,632,5.0,4.239931548823001
189,634,3.0,4.084105561905153
189,638,5.0,4.168448652368768
189,639,4.0,4.278184780525911
189,652,5.0,4.266938325894839
189,657,5.0,4.352426568467541
189,694,4.0,4.204101747850853
189,705,4.0,4.244273435684194
189,732,2.0,4.4703889091625975
189,751,4.0,4.480249684520152
189,815,3.0,4.521671100249284
189,820,1.0,4.5499307631060475
189,847,4.0,4.262824966770269
189,1005,4.0,4.1595045034160885
189,1021,5.0,4.08360986693203
189,1060,5.0,4.453644420414428
189,1098,4.0,4.172827229621821
189,1099,5.0,4.154304230127369
189,1115,4.0,4.668477337429416
189,1117,5.0,4.217035503087687
189,1372,4.0,4.299605670686145
189,1403,4.0,4.255949406231515
190,117,4.0,4.305779529139349
190,118,3.0,4.225880182171467
190,147,4.0,3.9909358881388206
190,222,4.0,4.013462402280439
190,269,4.0,3.8051244321553575
190,282,3.0,3.8498225575630944
190,291,3.0,3.782921468356126
190,294,3.0,3.572386819768926
190,300,4.0,3.963644036964699
190,302,5.0,3.934323242457896
190,333,4.0,3.97169251053801
190,340,1.0,3.688889029562408
190,363,2.0,3.6571550162632604
190,405,4.0,3.920086877358705
190,628,4.0,3.9882008346059363
190,717,3.0,4.234106980620066
190,742,3.0,4.147951984631933
190,748,3.0,4.266417091916886
190,751,4.0,4.039870212036912
190,895,3.0,3.8666446973210626
190,974,2.0,3.913219568816597
190,977,2.0,3.9944325934451665
190,1313,2.0,3.75972447201707
191,86,5.0,4.166287969880058
191,269,3.0,4.675319619228805
191,270,3.0,4.66447720794693
191,272,4.0,4.6114546727767465
191,286,4.0,4.262248472968718
191,288,3.0,4.1623432230804
191,301,4.0,4.693931356676036
191,302,4.0,4.360481625365006
191,307,3.0,4.44456223799067
191,313,5.0,4.773631242109737
191,328,3.0,4.552240806805867
191,332,2.0,4.656965489493373
191,343,3.0,4.418201950354993
191,751,3.0,4.5740035594199915
191,752,3.0,4.303983294170849
191,754,3.0,4.512902468213563
191,896,3.0,4.755123359862636
192,127,4.0,3.8085613027463374
192,252,1.0,4.019093380297799
192,257,4.0,4.113742150906846
192,258,5.0,4.080551165634049
192,276,2.0,3.7517736941083983
192,277,3.0,3.6962005565855174
192,301,4.0,3.7782399944787923
192,302,5.0,3.70236898509428
192,340,4.0,3.6557715270675555
192,476,2.0,3.906163738697693
192,948,3.0,3.892000918728337
192,1061,4.0,4.078992961869448
192,1137,4.0,3.9962688841068053
192,1160,4.0,3.7304721442369173
192,1405,5.0,3.666427785859717
193,2,3.0,3.990000523354742
193,29,3.0,3.982911374677272
193,33,3.0,4.023594123326829
193,56,1.0,3.559320493829788
193,96,1.0,3.7143713675962857
193,100,5.0,3.8951259930496
193,111,1.0,3.7667811693225475
193,117,4.0,4.149762576427243
193,127,5.0,3.8479298789792606
193,147,2.0,3.817232051939279
193,155,4.0,3.466671515754606
193,174,4.0,3.559427234989229
193,194,4.0,3.70450366474481
193,195,1.0,3.8855169079034706
193,210,4.0,3.5851953624965343
193,234,3.0,3.577496649672731
193,258,3.0,3.8066394303674738
193,259,2.0,3.6373508204806555
193,260,1.0,3.9223383082031837
193,268,3.0,3.8320375383798075
193,276,4.0,3.635609959042294
193,288,1.0,3.7353381647159316
193,301,4.0,3.6907166428225886
193,307,4.0,3.8328824092966647
193,327,1.0,3.7370551963404544
193,328,3.0,3.956929325806417
193,332,3.0,3.8314657160456216
193,352,1.0,3.6610864202445885
193,362,3.0,3.6772647966380227
193,368,1.0,3.5528603356773027
193,393,4.0,3.483937379753768
193,407,4.0,3.586532777550079
193,410,3.0,3.6610177339809074
193,435,4.0,3.620453186507419
193,443,4.0,3.4812928303259034
193,465,3.0,3.8306822883251668
193,485,5.0,3.459998561449481
193,553,4.0,3.8199842835235556
193,554,3.0,3.8410482287681127
193,627,4.0,3.3899367620545
193,673,4.0,3.4996685101928677
193,682,1.0,3.645495893795945
193,684,4.0,3.8253625026244107
193,689,2.0,4.015033733122479
193,693,4.0,3.566419290885406
193,722,3.0,3.617346861174608
193,750,4.0,3.597654821589133
193,790,3.0,3.543742854543309
193,815,3.0,3.7913106134454204
193,827,2.0,4.025202510771647
193,845,4.0,3.6051357236515367
193,869,3.0,3.7642350564900573
193,871,3.0,3.5603746751664436
193,879,3.0,4.023169449817041
193,928,2.0,3.8567092050570424
193,941,4.0,3.7590044671282685
193,1078,4.0,3.4610295767028187
193,1132,3.0,3.733516548721009
193,1258,3.0,3.769148829414143
193,1406,4.0,3.722166084363829
194,1,4.0,3.544713016629121
194,4,4.0,3.7305596353401222
194,7,3.0,3.5343519772686953
194,12,5.0,3.4041998429460367
194,23,4.0,3.207671807402826
194,25,2.0,3.3731581812356244
194,26,3.0,3.354216027606432
194,30,3.0,3.081446247716961
194,44,4.0,3.3250487929077144
194,51,4.0,3.5344428742479046
194,52,4.0,3.232851855931736
194,54,3.0,3.7041435256688464
194,56,5.0,3.2839390791702066
194,58,4.0,3.2315868122003764
194,62,2.0,3.653710888879872
194,64,5.0,3.272264988947044
194,66,3.0,3.5459116434557036
194,70,3.0,3.3685859354010623
194,71,4.0,3.562407872962723
194,77,3.0,3.590029270236003
194,82,2.0,3.596478491025023
194,83,3.0,3.520103286900382
194,94,3.0,3.472654938632745
194,95,3.0,3.612103697628978
194,98,4.0,3.322349719276721
194,99,3.0,3.296587022163003
194,117,3.0,3.7172681607577838
194,124,4.0,3.30618561979037
194,127,5.0,3.4994279924870577
194,132,3.0,3.6126085050309498
194,144,4.0,3.2829098024745687
194,152,3.0,3.3604683462652645
194,153,3.0,3.150141211619167
194,160,2.0,3.070482936413758
194,161,4.0,3.3690176325314507
194,162,3.0,3.1068897141296086
194,165,4.0,3.1083538744592327
194,172,3.0,3.830774078011279
194,175,3.0,3.180141723169125
194,180,3.0,3.350216905403281
194,181,3.0,3.6559821971150783
194,185,4.0,3.3118948523197593
194,187,4.0,3.4595120472756955
194,188,4.0,3.4798781175300135
194,191,4.0,3.270706601394171
194,192,5.0,3.094999895139504
194,193,4.0,3.176130843370212
194,195,3.0,3.579027188690115
194,196,3.0,3.1037716275609926
194,198,3.0,3.088492561111237
194,202,3.0,3.453449221691517
194,203,3.0,3.0760693326887605
194,205,3.0,3.3023144344154844
194,210,3.0,3.2566079171038873
194,212,1.0,3.16339756560142
194,213,2.0,3.3773973899993184
194,215,3.0,3.1104594797469916
194,216,3.0,3.2353845590691885
194,218,4.0,3.033288804742558
194,222,1.0,3.5561628754358754
194,226,3.0,3.333647828486069
194,227,1.0,3.3863878354724974
194,232,2.0,3.3911204035996176
194,234,3.0,3.2433044703196554
194,235,2.0,3.601601720487325
194,237,3.0,3.3262815103606305
194,239,3.0,3.485645568337767
194,259,2.0,3.349056004790753
194,274,2.0,3.5670788613844233
194,281,2.0,3.4689450816554723
194,284,3.0,3.3646418042478756
194,286,1.0,3.576041726218027
194,289,1.0,3.3940318236823037
194,317,4.0,3.2906421339079057
194,321,3.0,3.2386209652928364
194,366,2.0,3.2211434554755147
194,383,1.0,3.5815514128445525
194,385,2.0,3.696574740648785
194,404,3.0,3.3201031112850257
194,410,3.0,3.2287000394910006
194,417,2.0,3.353089730406326
194,425,2.0,3.108415628276964
194,427,4.0,3.085453106931015
194,431,4.0,3.372883862948963
194,433,3.0,3.164622038102789
194,443,3.0,3.160075566941607
194,450,1.0,3.4169486450096853
194,451,2.0,3.41201540872077
194,466,4.0,3.0444233055153593
194,470,3.0,3.200095093407597
194,471,3.0,3.4672619240013334
194,478,3.0,3.3696090301661057
194,479,3.0,3.1608497621091853
194,482,3.0,3.2111146025885335
194,504,2.0,3.1952581531628104
194,509,3.0,3.1074963917218974
194,510,4.0,3.4470353416826574
194,511,4.0,3.238727627297315
194,514,3.0,3.271846648372973
194,517,3.0,3.5555101005051735
194,519,4.0,3.1172131196529116
194,520,5.0,3.3568730143963235
194,523,5.0,3.227461301289792
194,526,4.0,3.3851515754252586
194,527,4.0,3.186271142089108
194,530,4.0,3.1879372487658513
194,559,2.0,3.274120544619366
194,566,4.0,3.431047840948276
194,568,2.0,3.625541232580898
194,576,2.0,3.6144619254831416
194,582,1.0,3.612556992589912
194,588,4.0,3.382946609352523
194,616,3.0,3.2159764104824906
194,623,1.0,3.396889122817556
194,631,2.0,3.6703846414747074
194,636,2.0,3.533823046813362
194,647,4.0,3.3480366252162086
194,648,4.0,3.380976996497743
194,660,3.0,3.051042560626199
194,663,4.0,3.239156484549048
194,692,2.0,3.6908099321937033
194,705,2.0,3.189811302318557
194,708,3.0,3.1756562947240723
194,735,4.0,3.2861806574001133
194,739,3.0,3.3499178090334736
194,744,3.0,3.350889686187445
194,756,1.0,3.2141103671401208
194,770,4.0,3.407068929692223
194,780,2.0,3.1504155268468206
194,792,4.0,3.1771841061548094
194,808,2.0,3.6348616946820864
194,941,2.0,3.4922353315629415
194,946,3.0,3.3786325502781707
194,951,3.0,3.5755318833528325
194,971,3.0,3.3488061160749156
194,1028,2.0,3.399708126051853
194,1058,2.0,3.6859999059864776
194,1093,3.0,3.208836391491207
194,1183,2.0,3.474696292619278
194,1206,1.0,3.1861479922301514
194,1211,2.0,3.3674990887065803
194,1220,3.0,3.2094643377768977
194,1409,2.0,3.4649430148429348
195,14,4.0,3.693351210069988
195,46,3.0,3.593587342943432
195,55,4.0,3.94622938079677
195,61,3.0,3.618800764484003
195,67,2.0,3.431812109624508
195,99,3.0,3.379916307207647
195,100,5.0,3.7221647535652336
195,132,5.0,3.6423106646377668
195,154,3.0,3.3130772332926006
195,181,5.0,3.922092497994605
195,186,3.0,3.663716441552326
195,213,4.0,3.6156565918865518
195,227,3.0,3.71596057459183
195,235,3.0,3.8934588059082307
195,258,4.0,3.9365187869059417
195,265,4.0,3.650042647314431
195,271,4.0,3.9926253672814007
195,273,4.0,3.8141189550066126
195,298,4.0,4.018684639527839
195,300,3.0,3.7343289487932934
195,304,4.0,3.609977498247706
195,325,2.0,3.7147696986097123
195,328,4.0,3.8594749815066116
195,387,4.0,3.5367602112876613
195,407,2.0,3.432450547804613
195,421,4.0,3.5056277911356357
195,469,3.0,3.4488999160370954
195,477,2.0,3.5069074180675877
195,496,4.0,3.349993951753524
195,591,4.0,3.62942042166697
195,636,2.0,3.9084003397485483
195,651,5.0,3.78395017652933
195,751,4.0,3.819923255495913
195,771,2.0,3.945072498682003
195,779,2.0,3.589164490682517
195,823,4.0,3.5129530199116856
195,831,2.0,4.0115525422103335
195,887,4.0,3.4596034220088088
195,921,3.0,3.6132277892547426
195,1013,3.0,3.9613336600622873
195,1014,4.0,3.38135758085347
195,1052,1.0,3.4598411249496555
195,1084,4.0,3.3173069311761436
195,1089,4.0,3.7094064749369293
195,1228,1.0,3.44790262698488
195,1417,3.0,3.480895823486314
195,1418,4.0,3.491909499852976
196,8,5.0,3.720416536606108
196,25,4.0,3.845251821378558
196,67,5.0,3.415960452390985
196,94,3.0,3.473817899399536
196,111,4.0,3.7817753024324077
196,238,4.0,3.486188705544711
196,242,3.0,3.7476133802517735
196,251,3.0,3.5766197462064144
196,286,5.0,3.7378645366743304
196,306,4.0,3.4295138315508433
196,381,4.0,3.656028507489976
196,393,4.0,3.4536466723495383
196,428,4.0,3.407509016285138
196,580,2.0,3.629448996591042
196,655,5.0,3.6541623501869167
196,663,5.0,3.530582700887792
196,692,5.0,3.85775668614517
196,1118,4.0,3.4411666050387875
197,33,2.0,4.039896252396946
197,55,3.0,3.9606870510641934
197,62,2.0,4.153124944354936
197,68,2.0,4.074755298362927
197,79,5.0,4.024873304995534
197,89,5.0,3.489614891152521
197,92,1.0,3.915687661719172
197,96,5.0,3.8089354651828984
197,127,5.0,3.85918393327018
197,161,4.0,3.6973775942064773
197,174,5.0,3.6474653785526607
197,176,5.0,4.060483144962702
197,181,5.0,4.078989877329462
197,187,5.0,3.7786463382762205
197,190,3.0,3.4401596015661298
197,195,5.0,4.022203615864194
197,210,5.0,3.644830402888516
197,226,4.0,3.726303270507514
197,229,3.0,3.8126348117461477
197,231,3.0,3.9784654952819647
197,233,4.0,3.5018941369600753
197,258,4.0,3.7980301030049497
197,259,1.0,3.4951579492060323
197,271,2.0,4.170683689804847
197,286,1.0,3.6480058268472404
197,288,3.0,3.5468880164728955
197,289,4.0,3.40137933892425
197,294,4.0,3.3471165635019737
197,300,4.0,3.8327947343061908
197,302,3.0,3.662928134175079
197,313,4.0,4.035171625240427
197,316,4.0,3.5496379610533952
197,321,3.0,3.2670519467227486
197,323,3.0,3.7854224140658648
197,328,4.0,3.9725465763575762
197,340,2.0,3.3906733671904714
197,344,4.0,3.5771049678077858
197,346,3.0,3.619095647977846
197,347,4.0,3.5266840646949174
197,362,4.0,3.6469147550602523
197,385,2.0,4.003343055678708
197,431,3.0,3.8003472623008454
197,449,5.0,3.886587305566745
197,510,5.0,3.7546596434485733
197,511,5.0,3.461319613915535
197,515,5.0,3.774248986287319
197,518,1.0,3.321282678113224
197,530,3.0,3.387220639263864
197,550,3.0,3.6917426214180455
197,566,4.0,3.855564718749519
197,570,4.0,3.2753107827743357
197,578,3.0,3.9002847285859574
197,651,5.0,3.8684303426560804
197,665,4.0,4.008773256451567
197,688,1.0,3.3774443590250933
197,690,3.0,3.5174328790369085
197,720,2.0,4.22980779036977
197,748,3.0,4.179735551464229
197,750,5.0,3.4500725461916684
197,770,3.0,3.6472363660837024
197,779,2.0,3.4627066874600096
197,808,3.0,3.960746701130972
197,849,3.0,3.668012805666039
197,880,3.0,3.386228955719528
197,1228,4.0,3.4387660180860613
197,1419,2.0,3.7142362703903364
198,7,4.0,3.892050344304501
198,11,4.0,3.6204439470756022
198,15,3.0,3.444218236338825
198,23,4.0,3.5612152594383013
198,24,2.0,3.825958286001226
198,33,3.0,3.9765815835284615
198,51,3.0,3.7340622669512857
198,58,3.0,3.5115286761144704
198,65,2.0,3.5654165021382855
198,79,3.0,3.926640527434765
198,82,3.0,4.003677938371829
198,95,3.0,3.756574855685095
198,97,3.0,3.654363613089983
198,100,1.0,3.890415315218781
198,118,2.0,4.081524736200409
198,135,5.0,3.806069193997738
198,148,3.0,3.8690182125530157
198,154,4.0,3.4030220776905358
198,156,3.0,3.5414366053871325
198,172,4.0,4.212609215399761
198,174,5.0,3.5868887974761274
198,175,3.0,3.5728074631077993
198,176,4.0,4.08247020166698
198,179,4.0,3.629540997949997
198,180,3.0,3.529796901946233
198,182,4.0,3.589314910567564
198,183,5.0,4.028486317730308
198,184,3.0,4.144079070260346
198,188,5.0,3.759906474464947
198,193,4.0,3.469175827659325
198,196,3.0,3.4708561612253805
198,197,4.0,3.650885442504199
198,203,3.0,3.372618639447775
198,214,4.0,3.5613371901889446
198,217,4.0,3.5033329508273225
198,218,3.0,3.4666588883649307
198,228,3.0,3.8622131620126257
198,234,3.0,3.6084531259377948
198,241,3.0,3.9017061591245934
198,249,2.0,3.4221790416137354
198,258,4.0,3.9292684618178404
198,280,3.0,3.6698631026495976
198,318,4.0,3.5768579330609898
198,323,2.0,3.719328109739012
198,357,5.0,3.3757962688482586
198,381,3.0,3.6471429738385113
198,385,3.0,4.020734968810787
198,402,3.0,3.85170497378781
198,410,1.0,3.5905192430660735
198,427,4.0,3.379659286752324
198,429,4.0,3.7153817807641936
198,455,3.0,3.526101408273349
198,498,3.0,3.891239149365399
198,501,4.0,3.5703028726730244
198,509,4.0,3.482053682971189
198,511,4.0,3.5031764732837396
198,527,4.0,3.419616716221473
198,549,3.0,3.709406698418495
198,559,3.0,3.585228681761744
198,568,3.0,4.007743851368643
198,629,4.0,3.491394363479593
198,631,3.0,3.932956401115758
198,636,3.0,3.9925172563689273
198,640,3.0,3.4933262780095418
198,651,4.0,3.916581439252404
198,654,5.0,3.692172230710295
198,658,3.0,3.4255914502634233
198,660,4.0,3.4073928204805144
198,692,2.0,3.873246956528182
198,746,4.0,3.39750442734295
198,748,2.0,4.074636857127564
198,1014,2.0,3.4188156839558848
198,1094,1.0,3.6021754215558066
198,1117,3.0,3.492907931586897
198,1169,4.0,3.5115286761144704
199,111,3.0,3.455157422511687
199,117,3.0,3.6396794460919413
199,221,4.0,3.347177650216319
199,242,5.0,3.4045341726703944
199,258,4.0,3.699906552116553
199,259,1.0,3.854182105605758
199,268,5.0,3.6171394399107393
199,276,4.0,3.499883632750608
199,285,4.0,3.3269566219367794
199,286,5.0,3.5786379482289608
199,294,1.0,3.414407856469605
199,322,2.0,3.492622490936139
199,324,1.0,3.396859308068624
199,405,2.0,3.397223037876298
199,473,4.0,3.6285386370138264
199,475,5.0,3.4109413429727082
199,678,1.0,3.740530180929281
199,687,1.0,3.594673682132191
199,948,1.0,3.6957245205718494
199,988,1.0,3.6466558337518107
199,989,1.0,3.6887077754667876
200,2,4.0,4.827709650309483
200,7,4.0,4.634326110859655
200,8,4.0,4.721232144603476
200,11,5.0,4.30778577402855
200,15,4.0,4.23371802226085
200,24,2.0,4.573530216939935
200,25,4.0,4.439633030571133
200,29,4.0,4.685493782255742
200,33,4.0,4.758980796116011
200,38,3.0,4.722808138687215
200,45,3.0,4.265517235830653
200,50,5.0,4.8521817117752235
200,56,4.0,4.2516749847147945
200,72,4.0,4.512153127483759
200,82,5.0,4.790821739646419
200,88,4.0,4.302292912546797
200,96,5.0,4.595100576669663
200,103,2.0,4.625979530547167
200,112,3.0,4.712023112328712
200,121,5.0,4.6950197510417615
200,123,4.0,4.514064964372342
200,125,5.0,4.516709671096751
200,135,4.0,4.499217163722069
200,140,4.0,4.4101166547918735
200,143,5.0,4.160964706678508
200,147,5.0,4.561314588676265
200,148,4.0,4.6605218825267585
200,151,3.0,4.484883108754039
200,173,5.0,4.765536375336688
200,174,5.0,4.365401948962767
200,183,5.0,4.756311482739925
200,191,5.0,4.231112360417368
200,196,4.0,4.097639208850345
200,205,4.0,4.259099739216757
200,208,5.0,4.173942772203347
200,210,5.0,4.350500954612373
200,215,4.0,4.125949708133883
200,218,5.0,4.128176503279402
200,222,5.0,4.809237587050735
200,225,4.0,4.549573188594204
200,227,5.0,4.569365401761734
200,228,5.0,4.635666773304399
200,229,5.0,4.574545216804987
200,231,4.0,4.618790654818292
200,241,4.0,4.6931871158422265
200,258,4.0,4.606874744051137
200,265,5.0,4.451183044434278
200,276,5.0,4.295088171731166
200,286,4.0,4.615044009259506
200,291,3.0,4.244022902664421
200,294,4.0,4.105040762018678
200,304,5.0,4.582257846477745
200,313,5.0,4.682621184801252
200,318,5.0,4.391778891837354
200,357,5.0,4.183675335363794
200,363,3.0,4.277268041528075
200,365,5.0,4.227951231573596
200,373,4.0,4.788451371387399
200,391,4.0,4.522143520715111
200,393,4.0,4.143382178579482
200,402,4.0,4.5172953206958
200,409,2.0,4.480327773648635
200,420,5.0,4.507730963538786
200,431,5.0,4.522857812928245
200,432,5.0,4.557090265112047
200,473,4.0,4.576964286254517
200,478,5.0,4.3323664741182935
200,528,4.0,4.3396780503272785
200,542,3.0,4.771455481469571
200,559,4.0,4.299245852080533
200,560,4.0,4.935316790693502
200,570,4.0,4.146045869930516
200,576,4.0,4.65610041346986
200,578,5.0,4.66002063631716
200,580,2.0,4.328492872265329
200,584,4.0,4.594301894067714
200,586,4.0,4.271020400745981
200,588,5.0,4.532299064932384
200,597,4.0,4.687679371950081
200,652,2.0,4.221682849230513
200,660,3.0,4.0875572394641235
200,665,4.0,4.741214446491634
200,673,5.0,4.2212913674353425
200,674,4.0,4.112713473563364
200,685,4.0,4.538573635446195
200,692,3.0,4.571509000954126
200,717,4.0,4.678462236352603
200,739,4.0,4.270171967025579
200,743,3.0,4.555508581949705
200,755,5.0,5.0
200,768,4.0,4.653591246611239
200,771,4.0,4.758359535455525
200,802,4.0,4.698504157670614
200,820,3.0,4.81121709060784
200,831,4.0,4.852595200217069
200,840,4.0,4.597258681086169
200,892,4.0,4.632322178417014
200,929,4.0,4.554053279350874
200,1033,2.0,4.409424227802951
200,1049,3.0,4.227055082881625
200,1060,3.0,4.699883374804385
200,1139,3.0,4.625707709064791
200,1228,4.0,4.210246681295137
200,1411,3.0,4.509849384809914
201,2,2.0,3.867647166364776
201,4,4.0,3.870148415639099
201,8,3.0,3.7034929695702385
201,9,3.0,3.4306183025751724
201,20,2.0,3.6241155666035336
201,23,4.0,3.503160238875022
201,25,3.0,3.550605698787974
201,26,4.0,3.480885533071899
201,27,3.0,3.4504503646279554
201,32,3.0,3.3809133453621745
201,36,1.0,3.676845323000722
201,37,2.0,3.5262621791816966
201,39,1.0,3.7884693997663796
201,50,4.0,3.8555484419628705
201,51,2.0,3.746844050391454
201,56,5.0,3.563548480001152
201,57,4.0,3.5262621791816966
201,61,2.0,3.449046497335218
201,62,1.0,3.8729825627794257
201,68,2.0,4.008342774658362
201,69,2.0,3.685947547629747
201,70,3.0,3.546894779897018
201,71,3.0,3.5860791993980317
201,77,2.0,3.8808370491485045
201,79,4.0,3.856692950891265
201,87,3.0,3.3849744087019635
201,89,3.0,3.4660270742090113
201,92,3.0,3.779438339882443
201,98,4.0,3.6572035676710457
201,99,3.0,3.3564610476907832
201,100,4.0,3.879180074927162
201,117,2.0,3.948334523214163
201,123,2.0,3.6973665812533927
201,128,2.0,3.731960287466296
201,146,1.0,3.4138673797902506
201,148,1.0,3.6576758130538325
201,150,4.0,3.6610810539612215
201,156,4.0,3.5759874714050275
201,164,3.0,3.921951485341883
201,174,3.0,3.4457723475297684
201,175,2.0,3.3611172878734954
201,176,4.0,3.849040219359919
201,184,3.0,3.933493437435293
201,187,3.0,3.6590375565972897
201,190,4.0,3.496426874159768
201,193,3.0,3.392884627187626
201,197,4.0,3.5959117981376534
201,198,4.0,3.31567978971224
201,203,5.0,3.3690625100563034
201,204,4.0,3.5307921949908
201,206,2.0,3.7130282946196234
201,209,3.0,3.538218918826909
201,210,2.0,3.419666447838447
201,213,4.0,3.583247721540241
201,215,2.0,3.3366252826874887
201,219,4.0,3.362778475989354
201,221,3.0,3.410818434470414
201,240,3.0,3.3791034844318855
201,241,2.0,3.899312309340508
201,242,4.0,3.4279014498928317
201,260,4.0,3.8153423859125652
201,265,3.0,3.602926904477331
201,271,4.0,3.8045712195122725
201,272,3.0,3.3705449982390903
201,275,4.0,3.6178250655445043
201,276,5.0,3.5408199493839576
201,281,2.0,3.753277083109752
201,285,4.0,3.390881886576385
201,289,2.0,3.630452287099693
201,292,3.0,3.4351871878460973
201,302,4.0,3.6011925086422116
201,304,2.0,3.440057534432206
201,313,5.0,3.8586780450272813
201,319,2.0,3.605548054785774
201,321,3.0,3.43780352223488
201,324,5.0,3.284390453432934
201,325,5.0,3.7783479126028485
201,326,2.0,3.6416003675328983
201,331,4.0,3.6573791019639375
201,332,2.0,3.752493269388496
201,333,2.0,3.65336188894219
201,340,5.0,3.3681290586123147
201,357,4.0,3.30817542542277
201,370,1.0,3.6448359162554893
201,375,3.0,3.5205934020385166
201,380,1.0,3.745957590800546
201,385,2.0,3.828948668967409
201,403,3.0,3.800499899387891
201,405,4.0,3.6049206533781
201,406,1.0,3.6723178542069883
201,413,3.0,3.3323936759901795
201,421,2.0,3.4980736020159284
201,432,3.0,3.4309281951740394
201,443,3.0,3.391444603588086
201,447,5.0,3.31198047033893
201,452,1.0,3.4888668168794865
201,454,2.0,3.410818434470414
201,461,4.0,3.5366836297993256
201,462,1.0,3.4385296970904626
201,467,2.0,3.5385500655018856
201,475,4.0,3.5006388274558837
201,480,4.0,3.426512122934903
201,482,4.0,3.376629510665474
201,509,3.0,3.3193663982386443
201,513,3.0,3.535874804158741
201,518,4.0,3.3884386654917393
201,527,3.0,3.357198464280071
201,531,2.0,3.725799747139648
201,537,3.0,3.368733703101969
201,544,2.0,3.6589523443072403
201,551,1.0,3.400565250669703
201,558,2.0,3.659623035161169
201,559,2.0,3.596484219013518
201,563,1.0,3.3840338628166444
201,578,2.0,3.713555255258541
201,587,4.0,3.644657383753911
201,589,3.0,3.3057932342583802
201,596,4.0,3.511868036514363
201,597,2.0,3.753693225102756
201,636,2.0,3.7756858429146862
201,642,4.0,3.7175754165824975
201,649,3.0,3.6679837940133573
201,651,4.0,3.751817808217429
201,655,4.0,3.6023908008661545
201,660,3.0,3.3357963720845127
201,670,4.0,3.7855335774886902
201,673,3.0,3.4425525446928247
201,676,2.0,3.622269787652183
201,684,3.0,3.808691408060602
201,686,2.0,3.7350219578724078
201,693,4.0,3.5205934020385166
201,695,1.0,3.558276286927358
201,708,4.0,3.3758851609696876
201,747,2.0,3.502452789815517
201,767,4.0,3.586681670594472
201,774,1.0,3.594126299015282
201,777,1.0,3.397917888534904
201,823,3.0,3.6078131976062258
201,825,1.0,3.989189143349229
201,844,2.0,3.4313568364821174
201,847,2.0,3.4486955791354106
201,853,4.0,3.593626197622356
201,856,3.0,3.5292982226799077
201,896,3.0,3.570631890399618
201,919,3.0,3.639451307202248
201,943,3.0,3.3955244288244177
201,955,3.0,3.7440248318610063
201,960,2.0,3.5314313785689206
201,979,2.0,3.7200427884800114
201,980,3.0,3.4581055850009528
201,991,4.0,3.3199472054316677
201,1008,3.0,3.3717347138222586
201,1010,3.0,3.5006388274558837
201,1039,3.0,3.5006388274558837
201,1063,3.0,3.628407637751678
201,1065,3.0,3.3700073387550606
201,1098,2.0,3.3571561536168137
201,1100,4.0,3.626491883345767
201,1153,2.0,3.6441073018228174
201,1163,1.0,3.5149704749541004
201,1169,4.0,3.5262621791816966
201,1187,3.0,3.2682082388912708
201,1194,4.0,3.6772147436975393
201,1211,3.0,3.650902531777083
201,1220,2.0,3.4257896192718227
201,1227,1.0,3.5789275625633326
201,1229,3.0,3.607197930887982
201,1245,4.0,3.333537998453874
201,1424,3.0,3.678673342072308
201,1425,3.0,3.6214767264803887
201,1427,2.0,3.5205934020385166
202,172,3.0,3.559652174007525
202,173,2.0,3.1510009485695822
202,283,3.0,3.1032440575347082
202,286,1.0,3.168362553827701
202,484,4.0,3.0536200394401316
202,515,1.0,3.110350798416235
202,604,5.0,2.9569225217666055
203,1,3.0,3.6214243354903095
203,7,3.0,3.7844286957422737
203,24,4.0,3.644649694287908
203,50,5.0,3.8305935241699594
203,93,4.0,3.5332357363031477
203,117,4.0,4.122619344195373
203,148,3.0,3.860729858120982
203,151,4.0,3.535276702634916
203,181,5.0,3.8152416403260285
203,248,5.0,3.5274882634046754
203,250,4.0,3.7937660500887116
203,271,3.0,3.88232578594523
203,282,1.0,3.772695279041622
203,294,2.0,3.455528947529123
203,304,3.0,3.7331460274390063
203,321,3.0,3.7639843866982
203,326,4.0,3.70852149190756
203,332,5.0,3.8647322568396056
203,336,3.0,3.6767886908989804
203,471,4.0,3.9871048709174683
203,619,3.0,3.894543713587282
204,1,2.0,3.8422790353932883
204,45,5.0,3.8556025214867393
204,172,3.0,3.9130168070254254
204,191,4.0,3.840058196957022
204,216,4.0,3.7632657855747977
204,245,3.0,4.355921665743245
204,258,2.0,4.159574968309318
204,259,2.0,4.063796884568531
204,286,3.0,4.0423494463573695
204,292,5.0,4.208824311835432
204,297,5.0,4.333457532488688
204,302,5.0,4.049304712641399
204,304,3.0,3.8586383346692874
204,310,1.0,4.266238305028583
204,315,4.0,3.880009817794581
204,336,1.0,4.1352358126521676
204,340,5.0,4.07580423475766
204,482,4.0,3.8084229243244945
204,748,1.0,4.309061621673674
204,874,3.0,4.095006103321432
204,1022,5.0,3.9400010049966134
204,1194,4.0,3.8551584207371983
204,1281,2.0,3.903614440219396
205,243,2.0,3.2607234139536105
205,258,3.0,3.357302870327287
205,269,3.0,3.3853949281230107
205,289,4.0,3.1388597003359973
205,304,3.0,2.9636284925254825
205,313,3.0,3.7171233024135875
205,316,4.0,3.2696757924339535
205,326,4.0,3.3417623282555127
205,328,3.0,3.62150935292785
205,333,4.0,3.569109187967104
205,678,1.0,3.6222306220539644
205,984,1.0,3.209834011782876
206,245,1.0,2.738336041564118
206,258,4.0,2.610059372350681
206,260,3.0,2.539465922457082
206,288,5.0,2.166891332826581
206,294,2.0,2.30511748034633
206,302,5.0,2.4748581660800286
206,309,2.0,2.5865893157449262
206,313,5.0,2.7351389554009775
206,314,1.0,2.0872808108304994
206,315,5.0,2.279479433862437
206,323,1.0,2.460044897624951
206,333,4.0,2.6423917761182505
206,340,3.0,2.4229094629676986
206,362,1.0,2.1795678220742887
206,678,1.0,2.728092256948766
206,690,2.0,2.3907220897179613
206,750,3.0,2.5858427698324626
206,873,3.0,2.482035946696256
206,882,1.0,2.4208829279492265
206,889,2.0,2.467794607617101
206,891,2.0,2.6238882442785285
206,895,5.0,2.5219360293914814
206,896,4.0,2.6873662859999667
206,900,1.0,2.5858427698324626
206,903,2.0,2.6756501897674925
206,904,1.0,2.275306566354575
206,990,1.0,2.5061413546872426
206,1127,4.0,2.295344092415223
206,1313,1.0,2.279559386401335
206,1394,1.0,2.437615801404431
206,1430,1.0,2.3229870321088475
207,2,3.0,3.920309726765657
207,4,4.0,3.9857808515112882
207,8,3.0,3.7966566342149797
207,13,3.0,3.504906022948071
207,14,4.0,3.686852072482437
207,25,4.0,3.75099645792031
207,28,4.0,3.8648796231965283
207,42,4.0,3.5353872556607633
207,53,1.0,3.598216372481413
207,58,3.0,3.501556994930141
207,59,4.0,3.448979941564307
207,65,3.0,3.5933863158548487
207,68,2.0,4.064990712034412
207,79,4.0,3.88836170278488
207,87,4.0,3.4115368261404697
207,98,4.0,3.6437979987545615
207,100,2.0,3.9657382694834578
207,107,3.0,3.497904718193207
207,121,3.0,3.8030116376868146
207,131,3.0,3.5284449600273504
207,133,4.0,3.6496577062854447
207,134,4.0,3.334957780983653
207,135,2.0,3.645825803423941
207,144,3.0,3.59753705154463
207,150,3.0,3.8659274583481107
207,153,5.0,3.4229985404951004
207,154,2.0,3.387992846841277
207,156,2.0,3.583044317661969
207,161,4.0,3.6585066524954635
207,170,4.0,3.7186855490003294
207,171,3.0,3.672280685424072
207,174,4.0,3.4830135697134557
207,181,3.0,3.865150755446674
207,183,2.0,3.82399428864417
207,186,4.0,3.6996785512921324
207,187,5.0,3.7246913978806377
207,188,3.0,3.71948626972923
207,191,4.0,3.5020224250621
207,192,3.0,3.3364729774404576
207,194,4.0,3.6215029168548774
207,203,3.0,3.3826909928763893
207,205,4.0,3.5340298779274772
207,241,3.0,3.9272285752608433
207,245,3.0,4.065099641784938
207,258,4.0,3.7487027885870843
207,265,3.0,3.636196712452873
207,269,4.0,3.67461979619592
207,273,4.0,3.9209365971015524
207,290,2.0,3.462054565796049
207,294,3.0,3.4175519370082292
207,313,4.0,3.984291611726509
207,318,5.0,3.5889345556251064
207,322,3.0,3.529881182265947
207,328,2.0,3.865090934141454
207,410,3.0,3.6256837431487745
207,433,3.0,3.4907274045724344
207,468,4.0,3.519565100155937
207,476,2.0,3.6382447385062453
207,508,4.0,3.4977360552696615
207,520,4.0,3.519745383516449
207,529,4.0,3.3618525705689417
207,531,4.0,3.850277974110962
207,540,3.0,3.5012659645673754
207,554,2.0,3.7493281476263762
207,568,4.0,3.998774877649848
207,576,3.0,3.8009285108457576
207,580,3.0,3.6473585622004263
207,591,3.0,3.728568074475579
207,628,3.0,3.7659171286440962
207,642,3.0,3.7277548993919085
207,716,3.0,3.701876259841659
207,746,4.0,3.40161494439528
207,754,4.0,3.6140639449966008
207,787,3.0,3.833322161873572
207,810,2.0,3.6693266187206732
207,827,3.0,3.948485476822961
207,832,3.0,3.7298404301488883
207,845,3.0,3.566102456672888
207,864,3.0,3.5240378143935316
207,866,3.0,3.9097994680340555
207,875,2.0,3.704362686543888
207,978,3.0,3.57026587714616
207,986,3.0,3.4571322279953183
207,997,1.0,3.4589353434505368
207,1046,4.0,3.4771026517370194
207,1098,4.0,3.5240378143935316
207,1102,3.0,4.362412970564329
207,1115,2.0,3.9802954008155393
207,1118,3.0,3.448711699357895
207,1147,4.0,3.5872243191782305
207,1197,4.0,3.8462666774548278
207,1226,2.0,3.5933507169019423
207,1242,5.0,3.4078938402631382
207,1283,4.0,3.573053073371134
207,1350,2.0,3.3329152569231635
207,1378,3.0,3.3454535175114573
207,1436,3.0,3.682338864233613
208,56,2.0,3.877237666681995
208,70,3.0,4.123987950887742
208,88,5.0,4.227456393220551
208,186,4.0,4.032068306717716
208,197,5.0,4.1337728341995446
208,202,4.0,4.326266615158091
208,204,3.0,3.964638420713204
208,208,4.0,3.953333384371849
208,211,5.0,3.865982756712626
208,216,5.0,4.014683670857023
208,302,1.0,3.9265671376358315
208,367,2.0,4.119647902164502
208,381,3.0,4.1236594051992626
208,402,4.0,4.421841157846792
208,428,4.0,3.853806291211063
208,430,4.0,3.9345060797497484
208,435,5.0,3.9521165251806676
208,514,4.0,4.069560148148737
208,523,4.0,3.963160369758352
208,524,4.0,3.946503797238906
208,662,4.0,4.07975669724145
208,663,5.0,4.223247899403866
209,50,5.0,3.988047604032259
209,242,4.0,3.5669978861441387
209,251,5.0,3.5025636421702955
209,258,2.0,3.902089966335395
209,269,2.0,3.738896016098011
209,301,3.0,3.6924174108088956
209,304,2.0,3.656498402337146
209,321,4.0,3.573698886285344
209,349,2.0,3.5897164104175396
209,351,2.0,3.499729915640481
209,408,4.0,3.8504137196768076
209,688,1.0,3.5557656523898213
209,766,4.0,3.6854804554260445
209,898,3.0,3.791344146698042
209,906,2.0,3.7795859135319243
209,1105,2.0,3.7415348473579826
209,1137,4.0,3.7821381772257325
210,25,4.0,4.436480382501061
210,40,3.0,4.162375848221083
210,44,3.0,4.3210627187267425
210,49,3.0,4.459649586075865
210,50,5.0,4.765865497369551
210,58,4.0,4.1930581023668845
210,65,4.0,4.38715450273702
210,70,4.0,4.416853689111506
210,73,5.0,4.5843390878015455
210,88,4.0,4.424548297948932
210,96,4.0,4.4970982442003695
210,97,5.0,4.3494582602407705
210,127,5.0,4.488722978049259
210,134,5.0,4.065297872033355
210,135,5.0,4.467328471605762
210,152,5.0,4.456973235042582
210,160,4.0,4.059582998222082
210,161,5.0,4.43181735843462
210,176,4.0,4.715285844586084
210,179,3.0,4.258859023277205
210,182,5.0,4.31293052986377
210,185,4.0,4.362409691830553
210,186,4.0,4.563950675278291
210,187,5.0,4.532920123085829
210,188,3.0,4.472027292865766
210,197,5.0,4.369406892798587
210,200,5.0,4.231428651482687
210,202,5.0,4.49978770686073
210,204,5.0,4.469339101128653
210,210,5.0,4.291101726859539
210,211,5.0,4.225644391223286
210,216,4.0,4.333161423759275
210,219,3.0,4.146518532073761
210,238,3.0,4.161745290635378
210,243,2.0,4.490558848567327
210,255,4.0,4.40634521205875
210,257,5.0,4.781280551006303
210,274,5.0,4.53705422764032
210,276,5.0,4.268449171960306
210,300,4.0,4.382565101624218
210,357,5.0,4.152219292065266
210,380,4.0,4.589112506165421
210,403,4.0,4.621469376517888
210,404,5.0,4.313314696644372
210,419,4.0,4.423542781059902
210,420,4.0,4.360049749336076
210,447,5.0,4.1007805604404695
210,465,4.0,4.598528147031482
210,484,4.0,4.282238311352922
210,501,4.0,4.404424801675203
210,502,3.0,4.375126285480286
210,523,4.0,4.252869267416995
210,527,5.0,4.141863775934721
210,631,5.0,4.681467682079736
210,662,2.0,4.388686675183986
210,679,3.0,4.300520109036665
210,692,4.0,4.650306529011456
210,722,4.0,4.271852183771712
210,735,4.0,4.217409172078911
210,751,4.0,4.5363512565194055
210,864,3.0,4.23007952481857
210,953,3.0,4.384139997232497
211,69,3.0,3.7257627312313835
211,127,4.0,3.805133931318788
211,181,1.0,3.957603242300129
211,228,3.0,3.8380277270222454
211,257,5.0,3.9675622460040105
211,263,3.0,3.669684831179939
211,286,4.0,3.94436435081393
211,300,2.0,3.752797648009662
211,303,3.0,3.655026960222448
211,310,3.0,3.826736504111672
211,357,2.0,3.521422416073873
211,455,3.0,3.5666121926204086
211,526,4.0,3.791392051513905
211,678,3.0,3.8743401947669405
211,687,2.0,3.701465388236328
211,876,2.0,3.7105340130510864
212,179,1.0,4.3893225156949605
212,180,1.0,4.627593008210015
212,191,3.0,4.604883326673853
212,197,5.0,4.642730406918058
212,286,4.0,4.777479296902068
212,427,4.0,4.368116703944311
212,511,4.0,4.408334626357728
212,515,4.0,4.628286970237038
213,1,2.0,4.54362477678848
213,2,4.0,4.955460641354151
213,8,3.0,4.673632176956895
213,11,4.0,4.6109775363693295
213,12,5.0,4.704825741154689
213,13,4.0,4.389907913869999
213,25,4.0,4.697912384733294
213,48,5.0,4.356963097507849
213,50,5.0,5.0
213,79,5.0,4.847839867622894
213,97,5.0,4.638817486862633
213,100,5.0,4.985179870073327
213,121,5.0,4.891285225127911
213,132,5.0,4.7580086095465735
213,133,3.0,4.711282006798254
213,135,5.0,4.769899190691112
213,144,5.0,4.644437709461602
213,151,5.0,4.535518956066483
213,172,5.0,5.0
213,173,5.0,4.926387448748463
213,174,5.0,4.526039481337844
213,176,4.0,5.0
213,180,5.0,4.654218935954664
213,193,4.0,4.482438602601746
213,200,5.0,4.476723747046916
213,204,5.0,4.711482232824777
213,229,4.0,4.742701015554123
213,234,4.0,4.500551795921044
213,235,1.0,4.983242780683805
213,238,5.0,4.328234227692374
213,273,5.0,4.8828005884912535
213,274,5.0,4.679009987317189
213,281,4.0,4.79875052321378
213,294,3.0,4.361822275182573
213,318,5.0,4.625107165344734
213,357,5.0,4.355743513103079
213,447,4.0,4.314831183934743
213,448,4.0,4.432341653062549
213,471,3.0,4.878243430407164
213,474,2.0,4.518170074114631
213,475,4.0,4.592460599489827
213,509,4.0,4.3842133708769575
213,514,5.0,4.486899490348073
213,515,4.0,4.747295142943926
213,546,4.0,4.719954861091298
213,568,4.0,4.9725617092983745
213,591,4.0,4.790079812775485
213,603,5.0,4.449074351488522
213,609,4.0,4.380744975646055
213,628,5.0,4.759345743784899
213,678,4.0,4.756965309714897
213,684,4.0,4.75655614186587
213,690,3.0,4.593037231711526
213,692,4.0,4.863997427724008
213,715,5.0,4.673216711264902
213,735,5.0,4.495932699121694
213,778,5.0,4.682860574859908
213,841,4.0,4.877212873986672
213,1215,1.0,4.815546056253124
214,7,5.0,4.510792128947614
214,12,5.0,4.360876926950326
214,13,3.0,4.067877447212869
214,20,4.0,4.320396942182651
214,22,3.0,4.533968767537507
214,23,5.0,4.184607522606921
214,32,4.0,3.9981116814897364
214,39,4.0,4.502203535157239
214,42,5.0,4.0889135841713715
214,45,4.0,4.153832142332899
214,50,3.0,4.535745994711865
214,56,5.0,4.250836049548308
214,79,4.0,4.467776386115975
214,117,4.0,4.553910275047636
214,121,4.0,4.423115663119212
214,131,3.0,4.2092453638291305
214,132,5.0,4.345748456025245
214,134,4.0,4.007672970135429
214,137,4.0,4.141518406489
214,151,5.0,4.118843305628465
214,179,5.0,4.169710551899601
214,185,5.0,4.235642065657147
214,187,4.0,4.405501136445558
214,195,4.0,4.5972476022742335
214,208,5.0,4.089978991866754
214,213,4.0,4.355939412315365
214,216,4.0,4.098434357830985
214,221,5.0,4.103611137735292
214,236,5.0,4.247390933078628
214,238,4.0,4.042709696895741
214,246,2.0,4.295865857454793
214,248,4.0,4.15704986136392
214,257,3.0,4.530582662314553
214,268,2.0,4.295865857454793
214,269,3.0,4.273713188502676
214,275,3.0,4.314533058067241
214,285,5.0,4.100278149630589
214,288,3.0,4.203495182844972
214,294,3.0,4.0084272320035055
214,302,4.0,4.31688851337822
214,307,3.0,4.444073331827704
214,313,4.0,4.540924856341401
214,324,5.0,4.061395514645388
214,325,3.0,4.427339103253134
214,327,5.0,4.400563317507627
214,334,3.0,4.34024596591687
214,340,3.0,4.0818200780690255
214,346,3.0,4.26078453403125
214,408,4.0,4.372528582379168
214,461,4.0,4.197334278284509
214,478,4.0,4.233094416005575
214,483,4.0,4.3566246279321
214,509,4.0,4.075872311502349
214,512,5.0,4.386438634544154
214,531,4.0,4.429723665005383
214,568,4.0,4.521438372195904
214,652,4.0,4.190962729319905
214,693,3.0,4.1840390193326344
214,856,4.0,4.233610024515603
214,872,2.0,4.042745498282784
214,952,3.0,4.09932698215804
214,1039,4.0,4.181291713063178
214,1065,5.0,4.129337996750252
214,1129,4.0,4.379568723132497
214,1401,4.0,4.108426943395146
215,8,2.0,4.352642839292609
215,11,2.0,4.187429668805497
215,22,3.0,4.584193381403447
215,64,4.0,4.080301485257413
215,70,3.0,4.1347882166691665
215,82,3.0,4.685942449757464
215,89,4.0,4.278233100064875
215,144,4.0,4.299262965846862
215,151,5.0,4.11083881870097
215,157,4.0,4.2216374639820025
215,164,3.0,4.935509500586726
215,179,4.0,4.249521073998744
215,182,3.0,4.137333821978185
215,183,5.0,4.8137686909398445
215,185,4.0,4.239989348535601
215,186,4.0,4.317556085272867
215,194,4.0,4.1386160344385505
215,197,4.0,4.292670261291706
215,205,3.0,4.15998952796868
215,210,4.0,4.2265359282261015
215,211,4.0,4.003343579027938
215,212,2.0,4.035419263292191
215,215,3.0,4.047062603316682
215,216,4.0,4.073783434280733
215,222,4.0,4.674192364190125
215,227,5.0,4.519968903364066
215,230,3.0,4.4994377934771
215,238,2.0,3.9427705604556293
215,239,3.0,4.618381447374582
215,258,3.0,4.642382009300514
215,354,4.0,4.18178904090379
215,357,4.0,4.018673426194029
215,421,4.0,4.123266337913395
215,423,5.0,4.367041082130763
215,432,5.0,4.131981641804902
215,434,5.0,4.178900894578724
215,443,4.0,4.02673400067377
215,449,4.0,4.603157642246349
215,450,2.0,4.530692266094795
215,451,3.0,4.16909532106151
215,474,4.0,4.170240611497356
215,483,4.0,4.270136815783949
215,1039,5.0,4.041957595495127
216,4,5.0,4.677843035214394
216,7,5.0,4.450377064452323
216,9,4.0,4.152791730866759
216,12,5.0,4.434530652938712
216,15,3.0,4.174390972220265
216,28,4.0,4.538753811248956
216,55,5.0,4.830630579616896
216,69,5.0,4.45043391603776
216,72,2.0,4.580460099697911
216,93,4.0,4.38056696908636
216,95,3.0,4.5020065323260665
216,108,4.0,4.130747963281317
216,143,2.0,4.062420505603972
216,144,4.0,4.25719901530241
216,150,5.0,4.53792184931206
216,153,4.0,4.121105337286841
216,168,4.0,4.032144630004396
216,172,4.0,4.689994553958389
216,174,5.0,4.185160110146385
216,196,5.0,4.133711395366655
216,200,5.0,4.106313788953293
216,202,4.0,4.398301610314788
216,204,4.0,4.292006337188979
216,218,4.0,4.13708646017249
216,226,3.0,4.309526397367155
216,228,3.0,4.316678465185488
216,231,2.0,4.562880926776109
216,234,4.0,4.2306744736273725
216,249,3.0,4.056383366730024
216,274,3.0,4.4830171878136795
216,282,5.0,4.317761804904903
216,286,4.0,4.540405010810034
216,298,5.0,4.44319720587009
216,357,4.0,4.065034436876637
216,364,2.0,4.15116390912993
216,367,3.0,4.262099957197375
216,368,2.0,4.209307620625611
216,405,3.0,4.409970333450021
216,421,5.0,4.280451214833534
216,433,3.0,4.221058283271722
216,498,3.0,4.484916577829031
216,531,4.0,4.493742924679344
216,577,1.0,4.4655170981914845
216,628,4.0,4.498207285179201
216,651,5.0,4.553084071817791
216,652,4.0,4.2908500447390905
216,658,3.0,4.127981462873801
216,693,3.0,4.235990745935765
216,697,4.0,4.25661353663886
216,721,4.0,4.262099957197375
216,764,2.0,4.384035550185023
216,824,3.0,4.2656512919356
216,928,3.0,4.537114556103212
216,1010,3.0,4.283618122133127
216,1035,1.0,4.193373251539811
216,1047,3.0,4.30935592592731
216,1101,4.0,4.282132375267237
216,1161,4.0,4.52996919168274
217,2,3.0,4.136732837988002
217,7,4.0,3.576585599222196
217,22,5.0,3.794304714006245
217,27,1.0,3.4559771837494626
217,38,3.0,3.7014079932980612
217,53,1.0,3.582163931641082
217,68,3.0,3.990535660214392
217,82,5.0,4.009583609578344
217,117,4.0,4.187618267143482
217,118,4.0,4.123294161701752
217,121,1.0,3.7669850508101153
217,144,4.0,3.6242205144256174
217,174,3.0,3.607773685954114
217,176,4.0,3.8924710955970503
217,182,2.0,3.248390049227018
217,185,3.0,3.390191533915192
217,195,5.0,3.953370236179807
217,226,1.0,3.590980164158274
217,231,5.0,3.862344413067351
217,258,1.0,3.544956652666874
217,281,2.0,3.7590025684411286
217,363,1.0,3.4486656602887376
217,391,4.0,3.7240643319764017
217,398,1.0,3.8167284154801813
217,540,1.0,3.4288200495282024
217,554,3.0,3.9421542190845935
217,566,4.0,3.809988267623189
217,576,1.0,3.980341370765851
217,578,5.0,3.801507498109059
217,597,4.0,3.842480739541678
217,665,4.0,3.917564619962487
217,685,5.0,3.671530517077416
217,797,4.0,3.9150791574047634
217,810,3.0,3.6269610895899764
217,827,2.0,4.123294161701752
217,840,1.0,3.6486217241085734
217,1222,1.0,3.435862483846731
217,1228,2.0,3.3699955516448674
217,1303,2.0,3.6044602315441585
218,4,3.0,4.191828563078031
218,5,3.0,4.206808050462952
218,12,5.0,4.06030249922965
218,33,4.0,4.176242251787873
218,100,4.0,4.2135650308770725
218,154,4.0,3.9390550262165753
218,194,3.0,3.994687798305493
218,208,3.0,3.9155232353089957
218,209,5.0,3.9612481206916925
218,265,3.0,4.025284146882568
218,273,4.0,4.194511023292135
218,410,3.0,3.8567259661914144
218,430,3.0,3.828591414134093
218,504,3.0,3.8383670753678327
218,516,5.0,3.7365152100114285
218,517,3.0,4.275332298637387
218,654,4.0,4.088903444670056
218,695,3.0,3.9539063581451463
218,762,4.0,3.731805686590047
218,789,3.0,3.9539063581451463
219,13,1.0,4.298759987722719
219,82,1.0,4.596761714991952
219,114,5.0,4.238295579427398
219,132,5.0,4.580889241757423
219,179,5.0,4.4591235442016375
219,215,5.0,4.334512505159098
219,303,4.0,4.414751208190905
219,347,1.0,4.5907405083046084
219,546,4.0,4.481911871781343
219,568,1.0,4.743620794800084
219,882,3.0,4.387932078434808
219,935,3.0,4.572428651695413
220,268,4.0,4.351550604945516
220,286,5.0,4.0578622418148935
220,288,5.0,4.014110233583715
220,298,4.0,4.544772109160273
220,301,4.0,4.491380148613903
220,303,4.0,4.243794153525927
220,306,4.0,4.0827153101345575
220,319,4.0,4.044557211781111
220,325,1.0,4.164092475215244
220,333,3.0,4.4403226537615055
220,343,3.0,4.366402783532651
220,682,4.0,4.216184896316589
221,3,4.0,3.9077069161682148
221,4,3.0,4.36619717510167
221,17,4.0,4.3090714647281505
221,24,5.0,4.265095241841753
221,32,4.0,3.810790437611117
221,33,4.0,4.400695648129403
221,39,4.0,4.366352009238864
221,48,5.0,3.8019713107531157
221,53,4.0,4.075115327693606
221,69,4.0,4.079922560160183
221,70,3.0,3.9709505254747213
221,76,4.0,4.007888351713159
221,92,4.0,4.312304198833468
221,100,5.0,4.297723720409771
221,109,2.0,4.035777240571116
221,118,1.0,4.520332215741785
221,128,3.0,4.143515936432621
221,129,5.0,4.417166776027474
221,154,3.0,3.71199593716973
221,161,3.0,4.066235321027115
221,172,5.0,4.557951231494635
221,173,4.0,4.335839472316355
221,204,4.0,4.070865489931516
221,231,4.0,4.300249050185137
221,250,5.0,4.2898464033283386
221,257,4.0,4.537003022069435
221,258,1.0,4.242554917413644
221,265,3.0,4.089272810371372
221,268,5.0,4.000314706194986
221,272,5.0,3.7857071705856806
221,318,5.0,3.9590876932868087
221,327,4.0,4.042298584876552
221,403,4.0,4.431053910258088
221,461,4.0,3.875260551150262
221,467,4.0,3.951629181499892
221,468,3.0,3.9306494758222534
221,475,4.0,3.90910373920528
221,476,2.0,3.9488218968887763
221,496,3.0,3.721247621667382
221,508,4.0,3.832277924706655
221,588,3.0,3.8679382448686543
221,623,3.0,3.949869019859587
221,684,4.0,4.374595251924476
221,685,3.0,4.170350393771207
221,721,5.0,3.886715469542274
221,780,3.0,3.8027213217825295
221,789,4.0,3.9614098240823696
221,824,3.0,3.8978343209054143
221,895,2.0,3.9780404192248526
221,940,4.0,3.9008047135143737
221,943,4.0,3.8462562007781425
221,1010,3.0,3.90910373920528
221,1012,4.0,3.9527095679725734
221,1035,3.0,3.8753353240452375
221,1059,4.0,3.7500273896365877
221,1067,3.0,3.854687302783636
221,1073,4.0,3.848710399789894
221,1134,4.0,3.90910373920528
221,1210,3.0,4.241777248428656
221,1218,3.0,3.8981570563742434
221,1250,2.0,3.8463083665392324
221,1314,3.0,4.35919519209058
221,1407,3.0,4.1094556882566415
222,1,4.0,3.6303109046373514
222,2,3.0,3.8216097748616784
222,4,3.0,3.795576651630048
222,7,5.0,3.6415115778857485
222,8,1.0,3.7724378783014414
222,9,5.0,3.262911410592863
222,12,5.0,3.49364767035955
222,15,3.0,3.3037798144610773
222,22,5.0,3.7654582668123884
222,25,3.0,3.5306464093057075
222,26,3.0,3.3957996821634877
222,29,3.0,3.754752547610691
222,40,1.0,3.228012285060065
222,49,3.0,3.4372389021289416
222,53,5.0,3.4570095249058683
222,58,3.0,3.3379787577492106
222,62,4.0,3.8489066250139183
222,69,5.0,3.5441701307329083
222,70,3.0,3.432578634112307
222,71,4.0,3.671155435608627
222,77,4.0,3.6946036654586387
222,81,1.0,3.5175928760623068
222,82,4.0,3.762094169739565
222,87,3.0,3.2437752569856455
222,88,4.0,3.4461914294018676
222,92,3.0,3.64893972767425
222,93,2.0,3.456260605088756
222,94,3.0,3.57408559738846
222,96,5.0,3.5720899193612943
222,97,4.0,3.423971467612663
222,106,2.0,3.6192146692235867
222,111,3.0,3.454927500532773
222,118,4.0,3.853119027623906
222,120,2.0,3.5434981140892683
222,125,5.0,3.5647915466700475
222,127,5.0,3.5713072291476213
222,135,5.0,3.5257045562761284
222,142,2.0,3.4870470917795506
222,144,5.0,3.4388660180238513
222,148,2.0,3.6492173641342784
222,151,3.0,3.445983447455623
222,153,4.0,3.221610370059443
222,155,4.0,3.2398002814736833
222,157,4.0,3.3925265708274157
222,159,3.0,3.3002133397686615
222,160,1.0,3.1659446859302163
222,161,4.0,3.4669758086319957
222,164,4.0,3.8959594508841593
222,172,5.0,3.905802383681541
222,173,5.0,3.7474278491428397
222,182,4.0,3.362179737860775
222,196,5.0,3.1762721823265596
222,200,3.0,3.2528891976872174
222,202,4.0,3.4874564298546002
222,204,5.0,3.489261102278846
222,210,4.0,3.36661002101526
222,215,4.0,3.1949537437612023
222,217,3.0,3.3065835609244982
222,218,5.0,3.175879891514309
222,222,4.0,3.7616808318675075
222,231,2.0,3.6691373158552056
222,232,4.0,3.480408198081352
222,234,2.0,3.378361274660617
222,239,5.0,3.6174958200043403
222,240,2.0,3.3540621914957174
222,247,1.0,3.573140334241118
222,248,4.0,3.3150154448863987
222,250,2.0,3.6262270184379544
222,252,2.0,3.7292182955613424
222,261,1.0,3.4935019696193206
222,268,4.0,3.4101104755249385
222,270,2.0,3.730895749807057
222,276,5.0,3.3607136078511717
222,278,2.0,3.4456181729259368
222,280,3.0,3.458798123712784
222,281,3.0,3.634753434228676
222,288,4.0,3.5000132530762094
222,293,3.0,3.3278661743413154
222,298,4.0,3.710599494866783
222,300,5.0,3.492772530447312
222,302,3.0,3.465969215912967
222,313,4.0,3.7108537354114146
222,323,3.0,3.530966846079523
222,357,4.0,3.2005572327532286
222,364,1.0,3.2428661622972803
222,366,4.0,3.2746968766608933
222,368,1.0,3.316775023941471
222,373,3.0,3.7296742891897097
222,379,1.0,3.174989220423568
222,385,4.0,3.7960182180277044
222,395,1.0,3.271001537548656
222,399,4.0,3.8808628356369654
222,401,2.0,3.3524464712772093
222,403,3.0,3.7160384704177853
222,409,3.0,3.6274262639762855
222,411,3.0,3.735785113460939
222,413,3.0,3.1937051319524694
222,419,2.0,3.4872989084324404
222,426,1.0,3.92317735392617
222,432,3.0,3.5106438834388176
222,433,4.0,3.233661300935808
222,436,4.0,3.2350120000903093
222,441,2.0,3.277710382119811
222,448,3.0,3.236915608209241
222,449,4.0,3.5792112766538002
222,452,1.0,3.388815790837737
222,471,3.0,3.5776256944036327
222,501,2.0,3.505574775506451
222,527,4.0,3.2058158136792576
222,529,2.0,3.152507373839836
222,550,3.0,3.477942898323434
222,552,2.0,3.421460582794375
222,554,2.0,3.63882964142391
222,568,5.0,3.791036110439741
222,577,1.0,3.664339421108668
222,591,4.0,3.5171411022655334
222,658,3.0,3.195768402457109
222,662,3.0,3.389819438528515
222,665,1.0,3.731248688794466
222,670,3.0,3.6202789485040046
222,672,1.0,3.190523449892411
222,689,4.0,3.699389100594355
222,700,3.0,3.2827684682378524
222,715,2.0,3.5983346109110736
222,719,1.0,3.4329567467081974
222,722,3.0,3.3657311178131297
222,724,3.0,3.4299245103426546
222,739,4.0,3.3662694019720387
222,746,5.0,3.177946402621925
222,750,5.0,3.2695321995824562
222,755,4.0,3.98820294090027
222,756,4.0,3.2777782623063345
222,763,3.0,3.3120475070804085
222,768,2.0,3.618473437945874
222,780,3.0,3.2545328033236687
222,781,3.0,3.4589952835525932
222,783,2.0,3.449837287081988
222,796,4.0,3.539837509960522
222,808,3.0,3.7370295729647074
222,810,2.0,3.549127488563709
222,812,2.0,3.6137731898545917
222,815,2.0,3.489277315096046
222,819,2.0,3.404787895957744
222,825,3.0,3.9515303499876646
222,829,3.0,3.673111601028114
222,833,2.0,3.4580268589405168
222,840,3.0,3.63685502848952
222,849,4.0,3.416863152740243
222,869,3.0,3.3797308110841233
222,895,4.0,3.3815723291790483
222,931,1.0,3.526894549927603
222,939,3.0,3.6492336919363138
222,944,3.0,3.6395610429646927
222,946,2.0,3.4843112402727225
222,949,3.0,3.3709921250259285
222,972,2.0,3.1952982832264794
222,1029,1.0,3.288527858553169
222,1041,3.0,3.458270187052494
222,1042,4.0,3.385310828215929
222,1044,4.0,3.6636100188425127
222,1053,3.0,3.7031523454101394
222,1054,1.0,3.316055916164043
222,1057,4.0,3.5306464093057075
222,1059,1.0,3.2082848884261894
222,1078,2.0,3.3414625312590487
222,1089,1.0,3.489544828045192
222,1179,1.0,3.3287639894013945
222,1207,2.0,3.2998793554381587
222,1226,4.0,3.3029780163720215
222,1239,2.0,3.661186716618537
222,1267,3.0,3.3424677483514342
222,1284,4.0,3.7807348637912668
222,1419,1.0,3.5339671370652956
222,1438,4.0,3.348877384814938
223,1,4.0,3.6740485144372137
223,8,2.0,3.789982760770215
223,11,3.0,3.4566066062348977
223,22,5.0,3.6421215691071964
223,25,1.0,3.8294701073020456
223,69,5.0,3.536723235332633
223,111,4.0,3.6962533968650497
223,118,2.0,4.0693484027676154
223,120,2.0,3.7943114116337435
223,143,4.0,3.337654993673399
223,216,5.0,3.364725600714741
223,225,3.0,3.8166449273401124
223,237,5.0,3.727652438171829
223,248,1.0,3.527442585744848
223,249,2.0,3.429855960401059
223,252,1.0,3.761752358175891
223,255,4.0,3.63892718070814
223,258,1.0,3.658030397773997
223,274,4.0,3.607835933056213
223,276,4.0,3.43441792569322
223,282,4.0,3.673723748352408
223,286,1.0,3.8121216744581887
223,294,4.0,3.453001870604089
223,298,5.0,3.7416762300190665
223,300,3.0,3.7278033250123537
223,318,4.0,3.4292830207790113
223,321,1.0,3.753068411454276
223,322,4.0,3.6167496878953274
223,323,2.0,3.7176842463604034
223,328,3.0,3.889066685944165
223,332,4.0,3.7434995465971186
223,369,1.0,3.6259185026767047
223,409,3.0,3.9050394989246575
223,411,1.0,3.814599768428719
223,423,3.0,3.50232893648235
223,470,4.0,3.2442101764239064
223,596,3.0,3.8050333151955837
223,597,4.0,3.9503273258218137
223,717,1.0,3.9864439621451293
223,742,3.0,3.909827006606708
223,756,3.0,3.3380768677036827
223,763,3.0,3.5990453026044067
223,826,1.0,3.7687948938815055
223,845,4.0,3.654959290057642
223,846,2.0,3.6450984173604115
223,908,1.0,3.35686242649677
223,969,5.0,3.4375611203348764
223,975,1.0,3.7891942135994725
223,977,2.0,3.8287179844455297
223,1014,4.0,3.444590285892926
223,1150,2.0,3.723380259650221
223,1197,3.0,3.825430545355659
223,1300,1.0,3.7078189408642315
224,11,3.0,3.4484746263773425
224,15,4.0,3.331177206451874
224,20,1.0,3.6205822975159307
224,22,5.0,3.825764886718143
224,26,3.0,3.3693605248104888
224,29,3.0,3.583316844979166
224,43,3.0,3.717232696803464
224,51,4.0,3.762860914612532
224,69,4.0,3.6051162194554687
224,77,4.0,3.801329750379354
224,86,3.0,3.4954719252442885
224,135,1.0,3.5371324669867557
224,148,3.0,3.628716750313494
224,149,1.0,3.566028850803853
224,162,4.0,3.248067351278317
224,178,4.0,3.229507223466803
224,191,4.0,3.429772393594169
224,196,4.0,3.24055485506654
224,212,1.0,3.3251149815517045
224,215,4.0,3.2505247252437206
224,223,3.0,3.680464499095647
224,243,2.0,3.352582990754092
224,245,3.0,3.922194481262799
224,258,3.0,3.6944667824506388
224,277,3.0,3.454481704727607
224,282,4.0,3.5662445749655514
224,287,3.0,3.431888875089557
224,294,4.0,3.2332641137403386
224,300,4.0,3.4931799722683694
224,301,3.0,3.3405229239522467
224,318,5.0,3.537658278446502
224,322,2.0,3.413719241358079
224,323,3.0,3.4682777469022805
224,325,1.0,3.813101731215155
224,332,3.0,3.6857221212215014
224,387,4.0,3.468669992216686
224,392,4.0,3.5183460531701907
224,403,4.0,3.6190300119673586
224,518,1.0,3.3071908904558933
224,528,3.0,3.496015976939751
224,549,3.0,3.727613709833542
224,569,3.0,3.574270563223953
224,581,1.0,3.7131466344543913
224,583,1.0,3.4516976307393064
224,620,3.0,3.6758603354319956
224,632,2.0,3.269370737618478
224,655,4.0,3.5132932346446837
224,658,1.0,3.3059073897081896
224,662,5.0,3.570252678473942
224,678,3.0,3.6903213777832384
224,686,4.0,3.6375557802306435
224,704,3.0,3.7117679070262546
224,708,2.0,3.2969953447056652
224,720,4.0,3.9627085225328966
224,723,2.0,3.6056913356406373
224,724,3.0,3.621060906883945
224,727,4.0,3.616779011307443
224,751,3.0,3.660486214006311
224,778,1.0,3.6002475318854645
224,846,4.0,3.593024692668851
224,873,2.0,3.4625404891241667
224,879,3.0,3.7329716425834816
224,893,3.0,3.260595593399513
224,949,3.0,3.5371899054542446
224,962,2.0,3.383878991982606
224,977,2.0,3.611147557710476
224,1039,5.0,3.566028850803853
224,1044,3.0,3.6602157323185494
224,1045,2.0,3.46677010663074
224,1053,3.0,3.874729544500081
224,1085,1.0,3.7136744404694397
224,1119,3.0,3.47873665465667
224,1163,2.0,3.5452136860452295
224,1208,1.0,3.7023468497686
224,1212,2.0,3.676027070375076
224,1441,3.0,3.604750055482926
224,1442,3.0,3.471992493499558
225,22,5.0,5.0
225,64,4.0,5.0
225,136,5.0,4.864941781590971
225,143,2.0,4.9797814222586165
225,172,5.0,5.0
225,193,4.0,4.964955996638252
225,237,5.0,5.0
225,245,2.0,5.0
225,418,5.0,5.0
225,480,5.0,5.0
225,492,4.0,4.886645178043893
225,1443,4.0,4.932568285490814
226,7,4.0,4.24573478272346
226,9,5.0,3.9018751244567254
226,14,5.0,3.9898589859324387
226,24,4.0,4.03883365713669
226,28,4.0,4.12961064470651
226,56,4.0,3.9230498782815926
226,98,5.0,4.015636804673744
226,147,3.0,4.0772419923496726
226,150,4.0,4.162990370118997
226,169,5.0,3.9625715070389282
226,180,4.0,3.964784158860184
226,209,3.0,4.0233087418278854
226,242,5.0,3.9828494134876107
226,250,4.0,4.085422675611529
226,258,5.0,4.15164240873277
226,270,4.0,4.258751798551429
226,283,2.0,4.211895193652176
226,480,4.0,3.8632415979088797
226,1117,3.0,3.9436136120162306
227,7,5.0,3.6797309805623515
227,9,3.0,3.515259177415324
227,19,4.0,3.545891660448726
227,25,4.0,3.92061611544011
227,50,4.0,3.633366346051212
227,93,5.0,3.652150122144531
227,106,3.0,4.007560183677506
227,116,4.0,3.4994898589424026
227,117,2.0,4.039146717553852
227,121,2.0,3.7044401837764824
227,126,4.0,3.748253599660694
227,150,3.0,3.941669550354759
227,244,3.0,3.6859737182231136
227,276,4.0,3.5995890505143446
227,286,3.0,3.8834192911694494
227,293,5.0,3.667090070645694
227,295,5.0,3.7352103625541777
227,411,4.0,3.860894047586435
227,475,4.0,3.814215046866037
227,1008,4.0,3.62022309508862
227,1010,3.0,3.814215046866037
227,1017,4.0,3.6790414449266136
228,87,1.0,2.9603783510568227
228,98,3.0,3.089550386905931
228,204,3.0,2.9590355492719844
228,272,5.0,3.1357948166841045
228,288,4.0,3.062937170944235
228,313,5.0,3.38746507507262
228,327,1.0,3.264324026850078
228,427,4.0,2.9652216688945736
228,475,3.0,3.1724824177509343
228,650,3.0,3.00379448477987
228,651,4.0,3.132092473409548
228,655,4.0,3.155303430588619
228,690,5.0,3.1930613874253573
228,886,1.0,3.2100237866725703
229,258,2.0,3.7670034445325813
229,260,1.0,3.7051317007509432
229,286,4.0,3.552154052915673
229,302,5.0,3.544080968801723
229,312,3.0,3.659995951250239
229,313,2.0,3.944294433830656
229,315,1.0,3.389810772066513
229,328,1.0,3.834572456833668
229,340,4.0,3.677501744961556
229,347,1.0,3.719169428610506
229,349,4.0,3.379938197195076
229,358,1.0,3.7988951133501416
229,748,3.0,4.105955042484678
229,750,2.0,3.8404490739699773
229,875,1.0,3.826450315048091
230,7,3.0,4.452662937471621
230,8,5.0,4.625555648959374
230,11,4.0,4.261678602488818
230,50,5.0,4.613720798630888
230,51,4.0,4.45363309092836
230,70,4.0,4.230089621001132
230,96,2.0,4.404342425583243
230,97,5.0,4.291286881647724
230,125,5.0,4.423107897638573
230,138,3.0,4.341979466361402
230,140,3.0,4.2879150840919955
230,142,4.0,4.484282650808723
230,144,3.0,4.241621023749617
230,153,5.0,4.072703312170479
230,154,4.0,4.104630562006578
230,172,4.0,4.763359696194267
230,176,4.0,4.614345803119244
230,181,4.0,4.611858072970394
230,182,2.0,4.230405979194913
230,183,3.0,4.481112053138264
230,185,4.0,4.268020346890341
230,186,4.0,4.45372141206496
230,196,5.0,4.030220681999615
230,199,3.0,4.26542707378269
230,202,4.0,4.237929136442621
230,209,1.0,4.353558804598139
230,210,5.0,4.216558188806799
230,228,2.0,4.373195997143941
230,234,4.0,4.201373363424655
230,238,1.0,4.0022146101470035
230,276,5.0,4.225879066662554
230,291,4.0,4.118257368470316
230,304,5.0,4.420510876322158
230,357,5.0,4.093186333421541
230,378,5.0,4.07740548670657
230,385,1.0,4.583714019396529
230,393,3.0,4.061391981636567
230,402,5.0,4.369403638599027
230,419,4.0,4.429246761081693
230,432,4.0,4.622694031281616
230,443,4.0,4.087722961030865
230,484,5.0,4.170031775339802
230,485,5.0,4.140087102113943
230,511,2.0,4.210015491921716
230,526,3.0,4.342526945124609
230,582,4.0,4.4438585241676005
230,607,3.0,4.155319943444433
230,633,4.0,4.154019079906608
230,673,3.0,4.11346160678862
230,680,4.0,4.37852808458348
230,739,5.0,4.175038916803371
230,742,5.0,4.419330915296692
230,926,3.0,4.175643065669359
230,963,5.0,4.272615130647008
230,969,4.0,4.340827584542222
230,1050,3.0,4.224092783040896
230,1192,4.0,4.141361958583552
230,1444,2.0,4.382047375071279
231,121,4.0,4.127822780187518
231,126,5.0,3.921381405704206
231,127,3.0,3.943124365790425
231,151,1.0,3.8529201344712076
231,181,4.0,4.1508906176753975
231,252,4.0,4.072436812347764
231,405,4.0,4.028068743037864
231,476,3.0,3.9259296486962825
231,748,4.0,4.336667694340373
231,846,4.0,4.0042138286762246
231,924,5.0,3.9303850015881308
232,1,4.0,4.203319393034022
232,8,2.0,4.422946134807736
232,14,4.0,4.372532259481641
232,22,3.0,4.535168541495161
232,52,5.0,4.17126191217309
232,56,5.0,4.231383960843976
232,64,4.0,4.209204262404289
232,81,5.0,4.339823106322257
232,91,5.0,4.407768836429664
232,96,5.0,4.196724885715383
232,98,4.0,4.2830706582323845
232,173,4.0,4.4761035470515065
232,175,5.0,4.038344008281771
232,181,4.0,4.489756597593653
232,191,4.0,4.254583331933837
232,194,4.0,4.21951752504248
232,197,4.0,4.373509144541997
232,202,4.0,4.255992354819638
232,204,4.0,4.2065934381712795
232,215,3.0,4.131247795416133
232,234,3.0,4.145197670459229
232,270,3.0,4.567852934518192
232,272,4.0,4.1977212705885965
232,275,2.0,4.297735889986758
232,276,5.0,4.232033489683596
232,313,3.0,4.6785596750371985
232,315,5.0,4.206238350613753
232,318,5.0,4.306790307675614
232,461,5.0,4.134397434207274
232,462,4.0,4.144487831961693
232,471,3.0,4.54409087344913
232,474,5.0,4.079779043657781
232,483,5.0,4.4250886046495035
232,493,4.0,4.079289468942855
232,498,4.0,4.456942189447676
232,515,2.0,4.377800666050362
232,523,4.0,4.131197644158995
232,630,3.0,4.231322175755157
232,638,5.0,4.06833484121033
232,651,3.0,4.494100813164347
232,705,5.0,4.093515917755618
232,708,4.0,4.127228553410665
232,747,3.0,4.189739344083454
232,919,3.0,4.259357511811667
232,921,4.0,4.314307574404819
232,1128,2.0,3.970594198429163
233,31,3.0,4.856656890046554
233,48,5.0,4.515426426796344
233,56,5.0,4.733097756202239
233,57,5.0,4.658558900941201
233,58,3.0,4.658558900941201
233,69,5.0,4.8777494842646725
233,82,4.0,4.776496623231759
233,97,5.0,4.697665161439663
233,98,5.0,4.786065920454467
233,99,3.0,4.800584903968348
233,117,3.0,4.925887454961384
233,174,5.0,4.521773777131173
233,177,4.0,4.614816972668342
233,191,4.0,4.684819507903233
233,193,4.0,4.579035559396488
233,202,5.0,4.731388362997818
233,205,4.0,4.746511547612743
233,208,4.0,4.605070577201613
233,212,5.0,4.5851950077313095
233,249,5.0,4.453276754658501
233,257,4.0,4.8768429856307005
233,269,5.0,4.679532182921531
233,276,5.0,4.699517324971571
233,286,3.0,5.0
233,313,5.0,4.93627686886448
233,357,5.0,4.595593335567264
233,375,4.0,4.639813242999825
233,381,4.0,4.792404839847483
233,418,4.0,4.94700976187754
233,423,4.0,4.8572168624788095
233,482,4.0,4.58989607027772
233,492,5.0,4.531608718827988
233,495,4.0,4.588078548643352
233,499,3.0,4.463365230078955
233,515,5.0,4.8221993270386
233,568,5.0,4.916966760436248
233,644,5.0,4.495494109578283
233,654,4.0,4.659530354637811
233,806,4.0,4.810257396023677
233,923,4.0,4.522102384377625
233,958,5.0,4.610328416646749
233,1194,5.0,4.836137453101494
234,1,3.0,3.6572393942756625
234,7,2.0,3.6725063004723237
234,8,5.0,3.861566086355073
234,10,3.0,3.563907145431326
234,12,1.0,3.582622535648425
234,14,3.0,3.631733718408666
234,15,3.0,3.3900694179317705
234,20,4.0,3.5818830221651594
234,21,3.0,3.742427961821158
234,32,3.0,3.3205541318667464
234,50,4.0,3.725159423628549
234,54,2.0,3.8206687752495374
234,70,3.0,3.5652048865833783
234,71,3.0,3.733973866583554
234,72,3.0,3.752679906923703
234,73,2.0,3.6630727520727673
234,76,2.0,3.5346466932357616
234,77,3.0,3.75153842124457
234,79,3.0,3.6762044985555957
234,81,3.0,3.660936210815814
234,85,2.0,3.5958528662138187
234,87,3.0,3.295751528317482
234,91,5.0,3.755857751220977
234,95,3.0,3.7434888663141406
234,96,2.0,3.4958625275243387
234,98,4.0,3.546655303911664
234,117,2.0,3.853385594762582
234,132,4.0,3.7777775460821346
234,134,5.0,3.253027121844968
234,135,4.0,3.5651153420161723
234,136,4.0,3.242879794584641
234,141,3.0,3.5868954644421485
234,142,2.0,3.5456583279747536
234,147,3.0,3.546281858219563
234,151,3.0,3.4922184268502328
234,152,4.0,3.4811935207658027
234,157,2.0,3.523670673218344
234,161,3.0,3.488006221110903
234,168,3.0,3.2295887079310788
234,170,5.0,3.612980022716085
234,179,3.0,3.3609620399197775
234,186,3.0,3.615266824350491
234,187,4.0,3.563220103758215
234,191,4.0,3.4730531998984198
234,192,3.0,3.2912672439655473
234,193,4.0,3.3611558877328056
234,194,5.0,3.499894632421093
234,196,3.0,3.27579762391561
234,198,3.0,3.242822009708836
234,202,3.0,3.561200123777633
234,205,3.0,3.4853406780790435
234,206,4.0,3.6264242683996333
234,208,4.0,3.3659072343635197
234,209,4.0,3.5800325286616643
234,210,3.0,3.347568784521144
234,212,2.0,3.366496913367897
234,213,3.0,3.571374260810446
234,218,2.0,3.239336903995608
234,221,2.0,3.373264480714196
234,228,3.0,3.4804827452431573
234,229,4.0,3.460703233348714
234,233,2.0,3.2964518270576426
234,234,4.0,3.3811464438586367
234,236,3.0,3.571880156726443
234,237,3.0,3.5768303900758784
234,241,2.0,3.7365277354938056
234,242,4.0,3.4571760439922867
234,265,3.0,3.476714086130975
234,274,3.0,3.6969984482285727
234,276,3.0,3.4952364034086187
234,283,3.0,3.7132579589435704
234,284,3.0,3.5788724201174063
234,287,3.0,3.4474961530163135
234,288,3.0,3.5274540300585735
234,289,4.0,3.629173659638482
234,291,3.0,3.397454999884431
234,292,4.0,3.382702774275776
234,294,3.0,3.276288128550248
234,300,3.0,3.4566999616675598
234,316,4.0,3.524854202830199
234,318,4.0,3.5628667420869533
234,322,2.0,3.4101491493860996
234,328,2.0,3.6790568983988665
234,401,2.0,3.432501454701618
234,403,1.0,3.70267946158135
234,414,4.0,3.2841678261875424
234,421,1.0,3.511308458976037
234,423,4.0,3.581584974595832
234,427,4.0,3.254274638773583
234,428,4.0,3.2403362472326114
234,431,3.0,3.43835045129051
234,433,2.0,3.3194561973241843
234,434,3.0,3.2822397303546214
234,435,3.0,3.39167498353156
234,448,3.0,3.3443872565423796
234,451,3.0,3.5491006213974483
234,462,4.0,3.3586618290706047
234,471,3.0,3.693607143201161
234,472,2.0,3.6230093941535038
234,481,5.0,3.619349124727842
234,482,4.0,3.3859598282950545
234,483,5.0,3.610982248299681
234,484,5.0,3.4234375319866723
234,485,3.0,3.3502639542079398
234,486,3.0,3.50634658410819
234,487,3.0,3.400319953634289
234,490,4.0,3.56567925638476
234,491,4.0,3.41472518751074
234,493,3.0,3.369104689467699
234,499,4.0,3.2504143057464927
234,500,3.0,3.5796246366372997
234,501,4.0,3.5594555812905164
234,502,4.0,3.458642452367004
234,506,4.0,3.2685787752615476
234,507,4.0,3.3378006371183933
234,519,5.0,3.2812079749246963
234,521,3.0,3.493310734532039
234,523,4.0,3.408696374442245
234,526,3.0,3.5039697161575694
234,549,3.0,3.6852329002906705
234,558,4.0,3.5961295570077754
234,566,2.0,3.5563588197487617
234,571,2.0,3.6150297508370803
234,582,4.0,3.7663803023976667
234,584,3.0,3.7124430423685455
234,588,3.0,3.5413878096348683
234,589,3.0,3.285630152299093
234,596,2.0,3.6405288639459656
234,601,3.0,3.3685659279822824
234,603,4.0,3.341637287124048
234,604,5.0,3.281954885468182
234,612,3.0,3.2584828231100453
234,614,3.0,3.2890027755297724
234,616,2.0,3.3524095474033127
234,617,3.0,3.3479017805167253
234,618,3.0,3.3000666557455163
234,626,4.0,3.498536477033289
234,628,2.0,3.6171334650785782
234,632,2.0,3.350903620139227
234,634,4.0,3.240370176732555
234,638,4.0,3.3025769396225386
234,648,3.0,3.557993652913665
234,651,4.0,3.680867288901191
234,654,5.0,3.495992519368193
234,657,4.0,3.471454120435235
234,660,4.0,3.2456576120254996
234,671,3.0,3.235070665006521
234,673,4.0,3.3985864229032114
234,693,2.0,3.4445707895368605
234,705,5.0,3.352827719776971
234,709,4.0,3.470956443490702
234,727,3.0,3.579021223061832
234,731,2.0,3.6702194278635734
234,732,2.0,3.6303014168580514
234,739,3.0,3.5027182103004617
234,747,3.0,3.4809981407405703
234,751,2.0,3.5995022038936986
234,781,2.0,3.5793698751934646
234,782,3.0,3.3986099728897026
234,808,2.0,3.6975046916526892
234,844,2.0,3.401988660148024
234,847,4.0,3.411062406487092
234,848,3.0,3.442947640664692
234,850,2.0,3.4217741897758938
234,872,2.0,3.2937159625589856
234,874,1.0,3.32781204038521
234,878,2.0,3.6574597275347696
234,921,4.0,3.5400529726691157
234,927,4.0,3.4109416976573206
234,928,2.0,3.708273445254449
234,929,1.0,3.59500050800858
234,945,3.0,3.7297832670164803
234,959,2.0,3.3284088037098822
234,963,3.0,3.496772424015031
234,965,3.0,3.435538176739736
234,966,4.0,3.36034448021439
234,1015,2.0,3.6670865764336025
234,1020,4.0,3.3853661420461623
234,1035,3.0,3.3308094706000158
234,1048,3.0,3.965795649295379
234,1050,3.0,3.499034393925288
234,1078,2.0,3.4139317645303677
234,1123,3.0,3.3628836848114467
234,1126,4.0,3.502141432160532
234,1149,3.0,3.273198691358635
234,1172,3.0,3.426528891854719
234,1184,2.0,3.366156281773688
234,1186,4.0,3.817214363444333
234,1198,3.0,3.4062889180851745
234,1263,3.0,3.4638649111611426
234,1298,3.0,3.4463222040348165
234,1397,4.0,3.2527232030258486
234,1400,3.0,3.61326657235998
234,1451,3.0,3.266200945770512
234,1454,3.0,3.2042152643283224
234,1455,2.0,3.309480875705795
234,1456,4.0,3.4483431116901926
234,1457,3.0,3.8631915414664846
234,1458,4.0,3.5763044471913075
234,1459,3.0,3.2969885549531046
234,1462,3.0,3.684896204353365
234,1463,5.0,3.3959707594616275
235,7,4.0,4.512113850669667
235,22,4.0,4.51698040882279
235,52,4.0,4.13494718206667
235,65,2.0,4.256239700488129
235,70,5.0,4.26973240702571
235,79,4.0,4.410338045293559
235,85,4.0,4.251225251082113
235,87,4.0,4.093460879832409
235,100,4.0,4.337535884478953
235,135,4.0,4.382228619203523
235,174,4.0,4.1199015435996715
235,185,4.0,4.200063380180607
235,188,4.0,4.365811532122731
235,190,4.0,4.253212026450083
235,193,5.0,4.138926008423637
235,197,5.0,4.326068435241991
235,198,3.0,4.00862558610964
235,211,5.0,4.088057456525053
235,213,4.0,4.4364751693695315
235,230,4.0,4.408673303491003
235,237,4.0,4.261999929219939
235,269,4.0,4.324710026736011
235,275,5.0,4.278006706077699
235,292,3.0,4.193525548982392
235,319,4.0,4.306044814145393
235,346,4.0,4.191651486803122
235,419,5.0,4.1558827670521445
235,433,4.0,4.098445625311397
235,435,5.0,4.136375708775012
235,474,5.0,4.1877235430648705
235,480,4.0,4.133305466679425
235,494,4.0,4.130669990515079
235,511,5.0,4.155348418769329
235,515,4.0,4.341757485368803
235,520,4.0,4.307614146965775
235,523,5.0,4.136616995343564
235,647,4.0,4.31937093054415
235,648,4.0,4.279924559924343
235,652,4.0,4.205816866478923
235,684,4.0,4.337230981186162
235,705,5.0,4.094742167724117
235,747,2.0,4.282535245931869
235,792,4.0,4.071395585908817
235,898,3.0,4.314700174363171
235,1119,3.0,4.285064378843543
235,1149,4.0,4.0993110988729615
235,1464,4.0,4.129341368051312
236,15,5.0,3.588450200737848
236,51,5.0,3.929975850561105
236,57,5.0,3.565988635760736
236,58,2.0,3.565988635760736
236,66,2.0,3.8037047105557877
236,69,5.0,3.8320575292786083
236,71,3.0,3.8054337291098386
236,79,4.0,3.953173633309965
236,111,4.0,3.786188853251027
236,134,4.0,3.474265803399158
236,143,4.0,3.507192402376489
236,148,4.0,3.9180135744391973
236,153,2.0,3.5307676935503918
236,170,5.0,3.801890397260344
236,172,3.0,4.239684029368563
236,183,2.0,3.9262591124390815
236,185,5.0,3.7361459294717663
236,187,3.0,3.8411318859467833
236,195,2.0,4.036968528961516
236,200,3.0,3.5294825443163735
236,204,3.0,3.7204401251719204
236,222,4.0,3.9345747860674485
236,223,5.0,3.8931071961205235
236,237,4.0,3.8493493503470373
236,265,2.0,3.7704056443263596
236,286,5.0,4.09447215489168
236,289,4.0,3.877970983632636
236,298,4.0,3.9492009114909297
236,307,4.0,3.943216832584606
236,313,4.0,4.064793874474615
236,419,5.0,3.714970590584417
236,420,4.0,3.684134786376115
236,443,4.0,3.567573202033811
236,478,3.0,3.7593736072419475
236,506,5.0,3.4762127111511925
236,507,3.0,3.57785517678788
236,532,2.0,3.5267578454851316
236,546,4.0,3.839601383827975
236,549,4.0,3.9226883807307775
236,596,4.0,3.8272611494489146
236,614,5.0,3.4990490229898747
236,632,3.0,3.5560254142315704
236,661,3.0,3.437333744719259
236,686,3.0,3.852340331299107
236,696,2.0,3.9045422005010915
236,699,4.0,3.523756936347155
236,705,4.0,3.5408383976276485
236,729,5.0,3.565988635760736
236,735,5.0,3.589487356264273
236,756,1.0,3.504153745685657
236,864,2.0,3.60230442870823
236,1013,2.0,4.011634929548858
236,1102,4.0,4.296827475445892
236,1328,4.0,3.5295409024356177
237,23,4.0,4.355270781474266
237,28,4.0,4.531441550859973
237,83,4.0,4.431732607979789
237,98,4.0,4.468717414851077
237,100,5.0,4.570760376057666
237,153,3.0,4.2509171324906205
237,183,5.0,4.657605842100742
237,185,4.0,4.4537076303865835
237,191,4.0,4.385760996853446
237,199,4.0,4.555846692551094
237,211,4.0,4.290436286737408
237,423,4.0,4.402238346495779
237,479,5.0,4.306726488941725
237,494,4.0,4.171322593045613
237,499,2.0,4.199860878968264
237,502,4.0,4.517992993351486
237,513,5.0,4.443275269357643
237,514,4.0,4.309993754312724
237,528,5.0,4.5433550788825725
237,603,5.0,4.2778727216008585
237,1192,5.0,4.330415400105014
238,111,4.0,3.708694991839907
238,118,3.0,3.7714185328876124
238,121,4.0,3.646157528552257
238,181,3.0,3.6770646936500073
238,220,3.0,3.7883285789833465
238,252,3.0,3.6354818171287286
238,258,3.0,3.725086448992582
238,298,5.0,3.610481800627263
238,300,4.0,3.540334066736305
238,458,4.0,3.327761973606147
238,476,3.0,3.6425929913958743
238,546,3.0,3.561238822137377
238,756,3.0,3.343566377801361
238,815,2.0,3.759669415312687
238,1190,3.0,3.7383301591426226
239,8,5.0,4.658150499641185
239,9,5.0,4.310625051063248
239,10,5.0,4.607508767965742
239,47,2.0,4.552874678969469
239,56,4.0,4.432121183992908
239,58,5.0,4.44716739304412
239,79,3.0,4.562529076110196
239,81,3.0,4.639629936272849
239,89,4.0,4.483148673177359
239,96,5.0,4.46469910391524
239,98,5.0,4.510260813722649
239,100,3.0,4.659193989049207
239,114,3.0,4.206030564280483
239,124,5.0,4.520112328584755
239,134,5.0,4.283121282943337
239,135,5.0,4.549025975657736
239,152,3.0,4.523301095336114
239,168,4.0,4.264736906118235
239,175,5.0,4.38926840539218
239,183,5.0,4.623271624548153
239,187,5.0,4.512960148845798
239,194,5.0,4.481647131708869
239,195,5.0,4.678973943685335
239,198,5.0,4.231066714168295
239,204,3.0,4.57397287220156
239,207,5.0,4.586371359059532
239,210,4.0,4.378345888363342
239,234,3.0,4.321502918208497
239,272,5.0,4.316629341336964
239,286,1.0,4.879360359891795
239,288,2.0,4.443041400965676
239,305,4.0,4.420584897752138
239,312,2.0,4.560676952143229
239,317,5.0,4.424780935374026
239,340,5.0,4.314490993563986
239,430,3.0,4.465226492471042
239,432,5.0,4.417516517353296
239,475,5.0,4.4489838990412816
239,478,5.0,4.52260300117694
239,479,5.0,4.32175770901267
239,488,5.0,4.238288310130997
239,491,5.0,4.415567965638939
239,492,3.0,4.256054190180841
239,493,5.0,4.31159506378645
239,497,4.0,4.286111596134097
239,508,5.0,4.356224609202771
239,513,5.0,4.401396936690241
239,516,5.0,4.313087669259653
239,529,5.0,4.271891969847233
239,530,5.0,4.317876581435535
239,558,5.0,4.517348743987977
239,603,5.0,4.294177954401822
239,605,4.0,4.200426153623383
239,612,5.0,4.267358582953242
239,650,5.0,4.336820717501572
239,654,5.0,4.431094323829136
239,663,5.0,4.406326422983375
239,671,5.0,4.223841572833221
239,690,1.0,4.522362875696905
239,701,5.0,4.3191243562577855
239,705,4.0,4.3195450089504375
239,736,5.0,4.670829107457265
239,836,5.0,4.552770260588357
239,855,5.0,4.790572583506097
239,923,5.0,4.2683258173350165
239,954,5.0,4.251080179377353
239,1020,3.0,4.319818152702673
239,1056,5.0,4.2651232804464705
239,1070,5.0,4.300888112656244
239,1099,5.0,4.318299846064528
239,1192,1.0,4.377565301807429
239,1203,5.0,4.54680643210252
239,1245,5.0,4.256843563213169
240,288,5.0,4.14785645795096
240,289,4.0,3.82904542079867
240,300,3.0,4.279532890540337
240,301,5.0,4.176438937924742
240,313,5.0,4.430691995324749
240,336,3.0,4.174651267585391
240,343,3.0,4.294976344914944
240,879,3.0,4.541444901838279
240,898,5.0,4.210349024459622
241,292,4.0,3.911949788964139
241,294,3.0,3.6709382911875976
241,302,3.0,3.8195391670846885
241,307,4.0,4.08101969780089
241,313,4.0,4.100899716919009
241,332,3.0,4.037387865560205
241,350,2.0,3.7429227429206
241,690,2.0,3.778541049431836
241,750,5.0,3.911949788964139
241,880,5.0,3.7686371865006465
241,887,4.0,3.714538373710406
242,237,4.0,4.862153035977193
242,291,3.0,4.481118065335895
242,305,5.0,4.593938280899635
242,306,5.0,4.533719730067897
242,361,5.0,4.586733866866601
242,934,5.0,4.696409542090468
242,1137,5.0,4.8821831501851065
242,1152,5.0,4.633245034704103
242,1357,5.0,4.423637356112652
243,13,4.0,3.8659336016843895
243,15,3.0,3.887836760215933
243,16,3.0,3.9477944312444206
243,28,4.0,4.067007167152533
243,69,3.0,4.043952727880165
243,83,4.0,4.138393867195788
243,93,2.0,4.0480221607652815
243,127,4.0,3.8642166781120073
243,129,2.0,4.244101036938666
243,137,3.0,3.9669248545170657
243,173,3.0,3.9960853231743814
243,194,4.0,3.8216937659637766
243,196,4.0,3.809047062743564
243,208,4.0,3.7375404309546143
243,221,5.0,3.8681762860170323
243,223,4.0,4.025388474045105
243,225,3.0,3.9826346471828433
243,268,4.0,4.15591743388257
243,275,3.0,4.180133749418157
243,286,4.0,4.261718323024932
243,317,5.0,3.981116840917118
243,387,4.0,3.944353960758649
243,435,4.0,3.735724760839113
243,511,5.0,3.717056366800015
243,531,4.0,4.289157162192881
243,582,5.0,4.339033793792979
243,632,5.0,3.7831741502444367
243,655,4.0,3.9734648040594993
243,660,4.0,3.699122559908267
243,713,3.0,4.03621988080844
243,778,4.0,4.174836614676874
243,813,4.0,3.8399358625383
243,1039,4.0,3.973488761670945
243,1281,5.0,3.8622391933127895
243,1368,2.0,3.7965385968636203
243,1466,3.0,3.9362941482907514
244,7,4.0,4.258520942717803
244,13,4.0,4.02259292250265
244,17,2.0,4.237953851900524
244,20,4.0,4.203586245275228
244,22,4.0,4.415374220725498
244,31,4.0,4.2240124387971365
244,40,2.0,3.9379289992382702
244,42,5.0,4.067702125718705
244,51,2.0,4.251108337279228
244,52,4.0,4.026351023902004
244,53,3.0,4.024268954498053
244,54,2.0,4.384751960622813
244,62,2.0,4.262465487063106
244,69,4.0,4.271707363267867
244,72,4.0,4.259281300336026
244,77,4.0,4.392198812203366
244,89,5.0,3.9298645861555244
244,90,4.0,4.223599528995788
244,95,4.0,4.211099244341193
244,97,2.0,4.007124641372441
244,100,4.0,4.276443480318911
244,101,5.0,4.189927089685929
244,117,2.0,4.396138417119084
244,122,4.0,4.115241062862141
244,135,4.0,4.069935230905331
244,145,3.0,4.223157320843008
244,148,2.0,4.198981400601688
244,151,5.0,3.973736571126314
244,154,5.0,3.870145724264321
244,155,3.0,3.9647083924474686
244,157,4.0,4.111083137371446
244,161,4.0,4.094952803885642
244,164,3.0,4.358188544886318
244,167,3.0,3.9164985695251793
244,168,5.0,3.831552981360437
244,172,4.0,4.42503889094898
244,179,5.0,3.9105018379973604
244,180,4.0,4.074607056715871
244,181,4.0,4.280759797814594
244,183,4.0,4.14474890201044
244,186,3.0,4.195299324008281
244,191,5.0,4.006283884327704
244,196,5.0,3.950224446996427
244,204,4.0,4.110421485597125
244,208,5.0,3.9657294176443747
244,209,4.0,4.122760322934935
244,216,4.0,4.043085968842356
244,217,5.0,3.9417314659376443
244,220,2.0,4.293534978058884
244,226,1.0,3.999816438908688
244,232,4.0,4.127485156283861
244,237,5.0,4.197074107899922
244,238,5.0,3.9264179050646577
244,240,3.0,3.99808873296006
244,255,2.0,4.098921042366898
244,258,5.0,4.2157529806127965
244,265,4.0,4.029353875329933
244,278,3.0,4.197074107899922
244,287,3.0,4.036898655666446
244,290,3.0,3.948205217645081
244,294,4.0,3.9046520530061275
244,301,2.0,4.080106568669442
244,310,3.0,4.125049429213945
244,324,4.0,3.8499948490714786
244,365,2.0,4.104682367919474
244,367,1.0,4.116295986655709
244,369,4.0,4.0315199160273645
244,380,4.0,4.164324789758979
244,381,4.0,4.177292315566626
244,409,4.0,4.347493294044645
244,411,4.0,4.3282569316499595
244,428,4.0,3.862452961124055
244,456,3.0,4.028325333878017
244,475,4.0,4.11643162397384
244,508,4.0,3.996793042200392
244,509,5.0,3.964367233673106
244,550,1.0,4.073884437496088
244,554,3.0,4.196642789621466
244,559,4.0,4.0614040734559085
244,566,4.0,4.10057408666555
244,584,5.0,4.21232564966654
244,596,4.0,4.138558528520887
244,628,4.0,4.140956037000948
244,631,4.0,4.360552695493536
244,652,5.0,4.015748667235119
244,662,3.0,4.150731235924236
244,673,3.0,3.8470300725441824
244,676,4.0,4.233456221078642
244,685,2.0,4.115958341257713
244,707,4.0,3.937562198467554
244,712,3.0,4.117415824291733
244,723,3.0,4.369932603948501
244,724,4.0,4.204035195253262
244,738,4.0,4.286622898835135
244,739,3.0,4.0718574300510095
244,743,5.0,4.1396943962181485
244,747,4.0,4.181911628012395
244,756,2.0,4.065677060527444
244,762,3.0,4.038896993142999
244,764,5.0,4.207751178150681
244,790,4.0,4.027861579922086
244,815,4.0,4.264002266632033
244,818,2.0,4.0354113933413664
244,866,5.0,4.378948353585496
244,886,5.0,4.070236009257913
244,926,2.0,4.127954545132327
244,950,1.0,4.104682367919474
244,953,4.0,4.171400556333885
244,955,4.0,4.327057092800613
244,1017,4.0,4.013866603196437
244,1039,4.0,4.11643162397384
244,1045,5.0,4.1480859476898155
244,1047,2.0,4.127954545132327
244,1048,4.0,4.5548528622873805
244,1054,3.0,4.035544672027355
244,1074,4.0,4.136836730572014
244,1098,5.0,4.023587126169372
244,1107,2.0,4.104682367919474
244,1178,3.0,3.9798128798988692
244,1209,3.0,3.9798128798988692
244,1225,2.0,4.116295986655709
245,50,4.0,3.7824515269722765
245,94,2.0,3.843968238101338
245,112,4.0,4.001650564626813
245,181,4.0,3.781176740080988
245,222,4.0,3.9698303623194064
245,240,1.0,3.609428865392676
245,411,3.0,3.7967458236488305
245,473,2.0,3.8663680042170636
245,1028,5.0,3.479901772238466
246,1,4.0,3.455555813836454
246,3,2.0,3.2078747265596466
246,8,3.0,3.5393294448800456
246,17,2.0,3.660714471881219
246,29,1.0,3.710487188255477
246,55,4.0,3.701851822239139
246,68,5.0,3.7937567573750197
246,80,2.0,3.391194037757921
246,82,2.0,3.758453479300164
246,83,4.0,3.412692522242396
246,94,2.0,3.4200122047693524
246,98,4.0,3.3474868508562916
246,99,3.0,3.2678386413919953
246,100,4.0,3.5282382373205077
246,101,2.0,3.765208841039554
246,109,5.0,3.4089141397470226
246,117,3.0,3.8944602511887463
246,121,4.0,3.6291431670835634
246,145,1.0,3.851909719866716
246,151,5.0,3.2983773404558447
246,161,3.0,3.4093306693684804
246,176,4.0,3.7363220768987864
246,184,4.0,3.8964143960535234
246,195,3.0,3.781754297596396
246,196,3.0,3.145452102843033
246,201,5.0,3.6237382158299165
246,202,3.0,3.358496059605338
246,215,2.0,3.152802331651876
246,230,3.0,3.531632286741553
246,231,1.0,3.6703547178275318
246,232,3.0,3.4192663259976657
246,236,4.0,3.338858548649681
246,239,3.0,3.6044650307327477
246,260,5.0,3.707849064904253
246,265,4.0,3.4566205354067767
246,284,1.0,3.377650669185976
246,289,2.0,3.374404936249578
246,294,2.0,3.1012741230771037
246,356,2.0,3.523825087296676
246,368,1.0,3.209877856815419
246,369,3.0,3.2081965299941793
246,385,1.0,3.7504632902505093
246,402,3.0,3.6193284728482444
246,403,4.0,3.743159404109967
246,406,3.0,3.4655258018405295
246,409,2.0,3.4703759403715737
246,410,1.0,3.2709583090741083
246,416,3.0,3.2329499193883344
246,423,3.0,3.412110025772657
246,425,5.0,3.156870140764115
246,426,3.0,3.8463166295069473
246,451,2.0,3.3582060393920634
246,469,3.0,3.1071924960714865
246,470,4.0,3.1101478677335472
246,541,3.0,3.4694435006574103
246,547,4.0,3.235511897530367
246,561,1.0,3.2704925401051743
246,568,4.0,3.7317582589034295
246,578,2.0,3.60460081553636
246,585,1.0,3.150998567470336
246,588,4.0,3.3722759504576545
246,596,3.0,3.450543717160235
246,628,1.0,3.3376980626578767
246,665,4.0,3.801284387650835
246,675,4.0,3.090033055579131
246,719,4.0,3.293987565936768
246,720,1.0,3.867235159648161
246,721,4.0,3.248081613113062
246,728,1.0,3.618398483448251
246,743,1.0,3.4799575070278417
246,790,3.0,3.1843734619762007
246,802,1.0,3.7000268430811047
246,816,4.0,3.1750911713706356
246,840,4.0,3.505150864222921
246,849,1.0,3.4196463578832876
246,895,5.0,3.397607579180521
246,919,4.0,3.597564664413836
246,930,2.0,3.643053537751203
246,932,1.0,3.455422728717813
246,1073,4.0,3.12526296036499
246,1101,5.0,3.1955795279480452
246,1218,3.0,3.260400217410247
246,1222,3.0,3.232683961755177
246,1232,1.0,3.0582082123580596
247,1,4.0,4.022142271319733
247,28,5.0,4.1515801095455345
247,50,5.0,4.480507033424795
247,111,5.0,4.043031376776351
247,151,4.0,3.9766404607485337
247,251,4.0,3.931330115501307
247,257,4.0,4.681109765066873
247,271,2.0,4.659551584668978
247,272,4.0,4.175738257798852
247,736,5.0,4.075354264151358
247,751,3.0,4.305004080023128
248,11,5.0,3.4923861439547914
248,55,4.0,3.881074770380877
248,96,4.0,3.909324027494507
248,100,4.0,3.6952351721949657
248,114,5.0,3.2761993574059263
248,117,5.0,3.8669585128596644
248,127,5.0,3.763024177824324
248,153,3.0,3.3000760274714365
248,168,4.0,3.277834332393476
248,174,3.0,3.4519817836974807
248,179,3.0,3.6008169224496878
248,181,4.0,4.105627300367532
248,183,5.0,4.159312354935156
248,185,3.0,3.504848859528016
248,186,5.0,3.6408638586167337
248,194,4.0,3.4452673164179535
248,198,5.0,3.2597814003524155
248,210,3.0,3.504056496189602
248,234,4.0,3.517046996855296
248,235,3.0,4.071610133889089
248,249,4.0,3.27565704001679
248,257,3.0,4.048081973093987
248,282,2.0,3.4311455200398493
248,290,3.0,3.2992111405809528
248,294,3.0,3.27937997805425
248,324,4.0,3.282103289030696
248,405,4.0,3.5749223300629196
248,474,2.0,3.5526430439414884
248,475,5.0,3.365550226759939
248,484,2.0,3.4450565279673246
248,515,5.0,3.7450831160323403
248,589,4.0,3.2964596763398366
248,678,3.0,3.604684734468206
248,854,5.0,3.3150369750416107
248,928,3.0,3.607553841672617
249,9,5.0,4.378740474448042
249,11,5.0,4.654883066573105
249,13,4.0,4.392548843808379
249,22,5.0,4.88269761655382
249,23,4.0,4.504750745361807
249,24,4.0,4.771664588516691
249,28,4.0,4.831663599047844
249,39,4.0,4.954683261059305
249,42,5.0,4.42771396814628
249,55,5.0,5.0
249,58,5.0,4.434190844064076
249,68,5.0,4.999294242543991
249,79,5.0,4.85799383828704
249,83,5.0,4.617989681323199
249,86,4.0,4.494992784291319
249,88,4.0,4.528178197876456
249,98,5.0,4.636531941147591
249,100,5.0,5.0
249,108,3.0,4.393849012697332
249,121,3.0,4.887136999880128
249,124,5.0,4.644323057925453
249,137,4.0,4.516363387528265
249,161,3.0,4.573033055632018
249,168,4.0,4.270197771436693
249,169,5.0,4.535743195595404
249,172,3.0,5.0
249,174,4.0,4.479007513131242
249,176,4.0,4.968944520628208
249,182,5.0,4.585928483577423
249,186,4.0,4.64303568387932
249,188,4.0,4.68132228584728
249,198,5.0,4.309157280071435
249,202,4.0,4.5701774925336505
249,212,4.0,4.406700858211472
249,216,4.0,4.414950346567685
249,218,3.0,4.338438319176544
249,222,4.0,4.959339664063948
249,235,4.0,4.981366770196874
249,239,3.0,4.9839085543349135
249,240,4.0,4.490789474365274
249,241,5.0,4.853594525864624
249,245,2.0,5.0
249,249,4.0,4.352621593783869
249,255,3.0,4.511985877482434
249,271,4.0,4.987519782431173
249,300,4.0,4.681986515353927
249,333,4.0,4.720206126577132
249,357,4.0,4.294652468605004
249,411,3.0,4.956636926810733
249,431,5.0,4.575704348373736
249,455,4.0,4.4576892950210105
249,456,3.0,4.547575596334932
249,469,4.0,4.374051606993626
249,472,3.0,4.838704352217412
249,476,3.0,4.574096360969889
249,479,5.0,4.467919500141189
249,591,5.0,4.7399110194435
249,597,2.0,4.897339020787542
249,628,3.0,4.795855954430472
249,634,5.0,4.339081495338119
249,684,4.0,4.799377454127644
249,686,5.0,4.712912430104531
249,708,4.0,4.404459283400369
249,723,4.0,4.707512583248428
249,746,5.0,4.318584889689109
249,748,3.0,5.0
249,826,1.0,4.613383054954353
249,919,5.0,4.760201260034473
249,930,2.0,4.869915836049682
249,993,3.0,4.729249345038167
249,1016,3.0,4.958700762694384
249,1103,5.0,4.533281675535099
250,1,4.0,4.371558531835662
250,2,4.0,4.4498563613505375
250,7,4.0,4.4311307567995435
250,23,4.0,4.133818473886063
250,44,4.0,4.235720898230664
250,56,4.0,4.141147011590257
250,64,5.0,4.104021075015933
250,69,5.0,4.256729810281012
250,71,5.0,4.444334240226216
250,89,4.0,4.170449921167584
250,92,5.0,4.293161584597924
250,96,2.0,4.361026237655334
250,111,4.0,4.2133679092949965
250,117,3.0,4.604463333751849
250,127,4.0,4.2762652492416
250,129,4.0,4.643978799664598
250,135,5.0,4.361211987816542
250,140,3.0,4.117003247540473
250,174,3.0,4.0346085763821495
250,184,1.0,4.553890417011755
250,195,2.0,4.569425445863546
250,196,4.0,3.934189295364463
250,200,5.0,4.0219066746518255
250,204,2.0,4.309319484287933
250,223,4.0,4.324417980614225
250,238,4.0,3.929705135406509
250,240,4.0,4.130649399835277
250,244,4.0,4.42099499786569
250,260,4.0,4.63331925861581
250,264,3.0,4.549962143904893
250,293,4.0,4.257012218388997
250,294,1.0,4.077966738670656
250,321,5.0,4.1554916114686185
250,324,2.0,4.121606516984458
250,328,3.0,4.534688654997006
250,338,4.0,4.222398342613444
250,357,4.0,4.0177674395670895
250,378,4.0,3.980131308778635
250,404,4.0,4.196930400166895
250,474,5.0,4.054967086971303
250,477,3.0,4.381912534682406
250,480,5.0,4.124295369573851
250,485,4.0,4.005631810470536
250,496,4.0,4.0201231871148195
250,582,4.0,4.338973276809137
250,596,5.0,4.406268220446443
250,628,4.0,4.298018131759786
250,678,2.0,4.5051522139433295
250,688,2.0,4.126393908351719
250,742,3.0,4.436016047339386
250,748,2.0,4.687163472105045
250,813,5.0,4.03804682194873
250,948,3.0,4.402327538719556
250,969,5.0,4.117435202959433
250,1014,4.0,4.083668838385846
250,1137,5.0,4.245698065970346
250,1161,4.0,4.321964529681477
251,12,4.0,4.128727285009927
251,15,4.0,3.885167981977615
251,50,5.0,4.353004386796666
251,55,3.0,4.402130938276553
251,100,4.0,4.403783655281947
251,109,4.0,4.07937323086613
251,121,4.0,4.328938835602691
251,132,5.0,4.143202082371236
251,144,5.0,4.166648508601301
251,148,2.0,4.44983833632827
251,172,5.0,4.479211652967589
251,181,4.0,4.351324220336212
251,183,5.0,4.307239702083235
251,222,4.0,4.386803400732313
251,237,5.0,4.2045792340397465
251,249,5.0,3.8986922391114387
251,252,3.0,4.400818098754962
251,257,3.0,4.465764045896159
251,258,3.0,4.192539125261662
251,265,3.0,4.17524877739666
251,288,4.0,4.287600403180312
251,295,4.0,4.435514808881634
251,298,5.0,4.374795777500967
251,418,4.0,3.9500393303240107
251,427,4.0,3.8380773327416273
251,476,2.0,4.166457793425458
251,520,5.0,4.016621702585258
251,596,3.0,4.13401925315343
251,612,5.0,3.81538078255589
251,748,2.0,4.630307691012494
251,866,2.0,4.350754012947567
251,1014,5.0,3.8871232132209967
251,1028,3.0,4.041380099531844
252,7,4.0,4.848285098768989
252,9,5.0,4.73739847364558
252,100,5.0,5.0
252,129,4.0,5.0
252,268,5.0,4.890225645400278
252,275,5.0,4.89963318641876
252,277,4.0,4.820102272732779
252,300,4.0,4.653619162981521
252,740,3.0,5.0
252,742,4.0,5.0
253,50,4.0,4.587923806600867
253,64,5.0,4.191702890617338
253,79,5.0,4.667211648787342
253,83,4.0,4.394949446178219
253,87,5.0,4.0964081771107095
253,89,4.0,4.1409437698851566
253,95,4.0,4.4693407093934825
253,97,4.0,4.323068785368851
253,98,5.0,4.395427673907172
253,117,5.0,4.817555558474477
253,127,5.0,4.535756904527465
253,173,5.0,4.651997849692002
253,175,2.0,4.102517439210666
253,183,5.0,4.613137647003504
253,188,4.0,4.453328156276941
253,198,5.0,4.096373753213809
253,203,4.0,4.031047099507907
253,210,4.0,4.304412324064691
253,216,4.0,4.182642193249096
253,237,4.0,4.314137600636676
253,243,2.0,4.4240227492846715
253,259,2.0,4.351239532870579
253,282,4.0,4.286504372985838
253,294,4.0,4.147272082146726
253,298,3.0,4.634498662603118
253,333,2.0,4.510351299650353
253,448,2.0,4.138475292103708
253,465,5.0,4.495297056545074
253,483,5.0,4.329684657464897
253,487,4.0,4.191243200782231
253,496,5.0,4.105381219531228
253,510,5.0,4.414757378721665
253,527,5.0,4.068532547312639
253,566,4.0,4.463062410355691
253,568,4.0,4.703851917085361
253,647,3.0,4.213799665859356
253,705,5.0,4.1396206806365665
253,742,4.0,4.501803942216388
253,746,3.0,4.05020199467695
253,747,3.0,4.259746196598524
253,806,4.0,4.462520721780157
254,15,3.0,3.4362383296011627
254,35,2.0,3.965113218668177
254,50,5.0,3.897126812825509
254,75,1.0,3.2369827488750436
254,90,1.0,3.463977842533409
254,97,5.0,3.5690093179932894
254,98,4.0,3.4420830417560992
254,99,3.0,3.719846250188019
254,103,2.0,3.8950598120076227
254,121,3.0,3.6572444891905245
254,125,3.0,3.486293338244749
254,132,4.0,4.060736954163739
254,136,4.0,3.2293274565909402
254,140,4.0,3.74664383714157
254,141,3.0,3.8815020659458024
254,162,3.0,3.2183309025638924
254,164,4.0,4.006371044326357
254,174,5.0,3.470862233460978
254,176,3.0,3.7284340089247037
254,183,4.0,3.7862256565805756
254,186,3.0,3.719424624484758
254,188,3.0,3.5348853146349932
254,199,4.0,3.4037882655821843
254,211,3.0,3.32519215790106
254,214,1.0,3.472830492606222
254,219,1.0,3.2876142366696506
254,222,4.0,3.8473183901623162
254,229,4.0,3.662390839498075
254,230,4.0,3.6781682686404795
254,234,4.0,3.466267655738344
254,238,3.0,3.231075804830013
254,240,1.0,3.4207373001695967
254,243,2.0,3.9766597284841207
254,257,3.0,3.9890214665786408
254,258,4.0,3.624743237519635
254,259,2.0,3.8612577061021205
254,286,1.0,3.60798636731038
254,357,3.0,3.3814261276603967
254,378,3.0,3.2724624052004456
254,379,1.0,3.2625320698464
254,380,4.0,3.8436779133320385
254,384,1.0,3.2685902373255717
254,418,3.0,3.905281652871038
254,419,4.0,3.81026259726888
254,429,4.0,3.5136996149716424
254,436,2.0,3.289465856559367
254,443,3.0,3.3307110744869473
254,448,3.0,3.329127250280305
254,472,3.0,3.801418672644317
254,501,3.0,3.9010278570452392
254,504,3.0,3.294499291151393
254,561,3.0,3.5213474940152496
254,573,2.0,3.5997421677671806
254,575,3.0,3.4588551641484493
254,577,1.0,3.6144872413012883
254,596,4.0,3.9089186327822016
254,610,2.0,3.2413854230104238
254,612,3.0,3.2228143375704694
254,621,3.0,3.2286229266899014
254,624,2.0,3.9560810619492592
254,625,3.0,3.763302143980552
254,649,1.0,3.407231497187401
254,655,4.0,3.6880787120261194
254,662,4.0,3.4754398524347994
254,679,2.0,3.502722422886661
254,699,3.0,3.3102699805496334
254,755,3.0,4.328697344396574
254,843,2.0,3.819593002437652
254,892,3.0,3.9866311177950626
254,951,4.0,4.046662389541261
254,967,3.0,3.2136902203773454
254,1116,3.0,3.409622362290879
254,1133,3.0,3.824302411418412
254,1444,3.0,3.777636794813054
255,53,3.0,2.9488915031160277
255,98,5.0,2.8634648771200997
255,185,4.0,2.9610690855773494
255,217,2.0,2.7325634304891584
255,218,3.0,2.6087993405833148
255,234,5.0,2.914833358787001
255,249,5.0,2.6556403576344647
255,258,4.0,3.1157679332479082
255,259,3.0,2.718138838457027
255,271,4.0,3.2765378456497904
255,288,4.0,3.2665567535360465
255,323,2.0,3.073571299278191
255,405,4.0,3.10186225017194
255,406,1.0,3.222673347048831
255,413,2.0,2.7370694717769313
255,436,4.0,2.677955910653894
255,441,2.0,2.832033839162691
255,444,3.0,2.9985046466601037
255,448,3.0,2.7932099051452126
255,452,3.0,2.892742404402238
255,455,2.0,2.775081451310273
255,472,1.0,3.2115413099145567
255,551,1.0,2.713289383761323
255,565,1.0,2.9708898219258795
255,569,1.0,2.8320955434997113
255,678,2.0,3.099981098746041
255,748,1.0,3.379803220834466
255,763,5.0,2.717849423496175
255,825,1.0,3.5504341120169185
255,833,4.0,2.9867189421179328
255,841,1.0,3.317457726801342
255,859,3.0,2.670380851544151
255,860,2.0,3.0163484191534566
255,879,3.0,3.331637755100308
255,976,1.0,3.499389288730844
255,984,1.0,2.7839227353309566
255,1034,1.0,3.2966130995827085
256,2,5.0,4.9536673526584805
256,4,5.0,4.809676379705838
256,7,4.0,4.58937013459363
256,9,4.0,4.27480712768376
256,12,5.0,4.602342816953632
256,25,5.0,4.596631675416104
256,29,4.0,4.790601719334995
256,49,4.0,4.425110953306898
256,51,4.0,4.523765096603181
256,77,3.0,4.729454823329539
256,86,5.0,4.395982156096702
256,97,4.0,4.425833505126261
256,120,1.0,4.598449459497887
256,121,5.0,4.680976211422128
256,125,5.0,4.698802798881601
256,127,4.0,4.63889678910242
256,161,5.0,4.533990305227906
256,172,3.0,4.883698620087844
256,181,4.0,4.741409334588123
256,188,5.0,4.516162295754277
256,195,5.0,4.788894925489387
256,202,3.0,4.503498603100153
256,220,3.0,4.649789632772542
256,226,5.0,4.537748980076111
256,227,4.0,4.57185881391237
256,235,3.0,4.756239928999285
256,237,4.0,4.557828065080128
256,276,3.0,4.417415653332663
256,278,5.0,4.557828065080128
256,280,5.0,4.573419132072003
256,291,5.0,4.415311241986199
256,294,3.0,4.207579530305893
256,368,1.0,4.362752913164359
256,370,3.0,4.6260315668943734
256,385,5.0,4.838363235038704
256,402,4.0,4.67644134964886
256,406,3.0,4.638919859609507
256,413,4.0,4.254746318875776
256,443,3.0,4.248349597114749
256,452,4.0,4.4223818588333295
256,472,4.0,4.814735572502646
256,473,5.0,4.472716030466612
256,476,4.0,4.485124968603403
256,487,5.0,4.317674832080214
256,550,5.0,4.557212262812839
256,552,3.0,4.391609123138003
256,566,5.0,4.668858061273152
256,576,3.0,4.763635023034822
256,642,4.0,4.551768335426274
256,662,2.0,4.425502279566343
256,685,5.0,4.719059718138425
256,692,5.0,4.717362352454116
256,716,5.0,4.4987169087890155
256,722,3.0,4.3583223186836015
256,724,4.0,4.490848809861783
256,728,4.0,4.541323434258115
256,742,5.0,4.774428555912452
256,748,4.0,4.9510752451209274
256,756,4.0,4.2792528143677755
256,761,4.0,4.691601715834583
256,765,4.0,4.464830735432213
256,771,2.0,4.7643716279152795
256,775,5.0,4.775303412236644
256,778,4.0,4.551131741555666
256,779,4.0,4.339312972966199
256,781,5.0,4.510730408602546
256,783,4.0,4.44927418156276
256,802,3.0,4.859805456289953
256,819,4.0,4.469965567115037
256,827,3.0,5.0
256,831,4.0,4.876057649961561
256,834,3.0,4.365729871714402
256,846,4.0,4.48253441253016
256,849,2.0,4.498927254698451
256,864,4.0,4.370124525590172
256,866,4.0,4.707582234796873
256,925,5.0,4.694446122522117
256,932,3.0,4.603970647961011
256,939,5.0,4.754517310745571
256,974,3.0,4.5564568547473865
256,982,3.0,4.8644817241223794
256,1028,4.0,4.436521167131612
256,1040,3.0,4.754051743052848
256,1057,2.0,4.596631675416104
256,1061,4.0,4.664266870011441
256,1086,5.0,4.373929457618043
256,1090,2.0,4.390394637333317
256,1119,3.0,4.350066723510232
256,1207,3.0,4.427052740952693
256,1210,5.0,4.606004587144428
256,1231,3.0,4.525589551690898
256,1289,4.0,4.286027926399719
257,50,5.0,4.788682565855774
257,59,5.0,4.674870831589356
257,100,5.0,4.847746042177443
257,116,3.0,4.353139266316703
257,130,2.0,4.497191975147324
257,137,4.0,4.6378960993070395
257,151,4.0,4.406217965290804
257,165,4.0,4.4398965501188785
257,221,3.0,4.5842713616986845
257,224,4.0,4.694160588914942
257,237,2.0,4.8634202508507105
257,258,3.0,4.833223945190053
257,276,5.0,4.663594470474797
257,288,3.0,4.592884210093397
257,289,4.0,4.792743589378718
257,301,3.0,4.598070081493567
257,305,4.0,4.636608536031815
257,307,4.0,4.706408003186705
257,345,4.0,4.607627073027711
257,405,3.0,4.622948879055672
257,462,4.0,4.542487196853541
257,531,5.0,5.0
257,949,3.0,4.671086292873861
257,1008,5.0,4.5364550505469765
257,1260,2.0,4.448167127545441
257,1462,5.0,4.89069992944451
258,243,3.0,4.038702414807496
258,272,5.0,4.022497276731855
258,288,1.0,3.8621307206898967
258,289,2.0,3.848231738290985
258,310,5.0,4.21379327117882
258,311,4.0,4.37113575521143
258,313,5.0,4.439175558600515
258,315,3.0,3.852847445906698
258,323,4.0,4.143290671767212
258,332,5.0,4.207080736977306
258,690,4.0,4.091960226485224
258,748,5.0,4.560813205995325
258,751,5.0,4.344807170059974
258,873,5.0,4.1173542762633994
258,893,1.0,3.9902944915076546
259,12,5.0,4.182605771341038
259,98,4.0,4.209743680508502
259,108,4.0,3.9652493284280927
259,117,4.0,4.652703144007216
259,176,4.0,4.6182954171005735
259,180,5.0,4.163663661365141
259,200,4.0,4.0957696714497
259,210,4.0,4.081851069615841
259,235,2.0,4.627891523098475
259,255,4.0,4.1339026585119445
259,269,3.0,4.28050680017636
259,313,5.0,4.51818088443693
259,317,5.0,3.959280407625384
259,357,5.0,3.9105563661598906
259,405,3.0,4.299898085972821
259,750,4.0,4.058433554409735
259,762,2.0,4.050752453440498
259,772,4.0,3.9991466869402474
259,959,4.0,3.921707220619051
260,272,3.0,4.6033275709633115
260,300,3.0,4.836601636996193
260,313,5.0,4.937928497205387
260,319,2.0,4.349025507214329
260,322,4.0,4.871697482890604
260,326,5.0,4.680358095650982
260,362,5.0,4.442708884756036
260,538,1.0,4.61395959493892
260,682,4.0,4.929789480603627
260,990,5.0,4.681944029516913
260,1025,5.0,5.0
260,1105,5.0,4.646323633119749
261,117,4.0,4.670837011954141
261,259,4.0,4.7480661184862
261,294,4.0,4.403873945824934
261,304,3.0,4.505584818589332
261,322,4.0,4.482970240208722
261,339,5.0,4.600660460972915
261,340,5.0,4.425283121233219
261,342,3.0,4.49659069674663
261,359,5.0,4.576277817668774
261,410,5.0,4.463758737782847
261,597,4.0,4.6315969391452745
261,748,3.0,4.805003892894442
261,875,5.0,4.7118105366810905
261,892,5.0,4.827512980637627
261,988,3.0,4.583271896488533
261,1025,5.0,5.0
261,1237,3.0,4.558509170516919
262,11,4.0,3.5024397935767615
262,15,3.0,3.4307287032828997
262,22,4.0,3.735225028863692
262,28,3.0,3.6573282283408175
262,44,2.0,3.6107689703897536
262,47,2.0,3.6692963010411512
262,50,2.0,3.838991394707988
262,64,5.0,3.5586085227083735
262,71,4.0,3.9354702434747777
262,77,2.0,3.8256459829637155
262,91,3.0,3.9306196902085357
262,96,4.0,3.5808099616692544
262,98,4.0,3.6021287348335047
262,111,4.0,3.705953822105383
262,121,3.0,3.6769571133068535
262,122,2.0,3.57674033622066
262,140,2.0,3.5501277414624965
262,143,3.0,3.3862270570172024
262,145,1.0,3.757375678546452
262,147,3.0,3.5991599684874203
262,174,3.0,3.4063764902406892
262,179,4.0,3.4422279342697237
262,185,3.0,3.657105386321268
262,191,4.0,3.468051537061909
262,195,2.0,3.7567357911864576
262,200,3.0,3.4420331877684918
262,217,3.0,3.5578841957491933
262,223,3.0,3.6095610273430974
262,237,3.0,3.694570128471844
262,238,4.0,3.348654114565559
262,252,3.0,3.745304480675313
262,258,4.0,3.711129870492854
262,270,3.0,3.7939003497206643
262,275,4.0,3.647590010695658
262,292,4.0,3.434453574813577
262,293,2.0,3.484413359651254
262,318,5.0,3.6445769355006794
262,332,3.0,3.6603511490012925
262,336,3.0,3.4834885829795756
262,358,3.0,3.8495641916828123
262,365,4.0,3.429928727458917
262,386,3.0,3.453440848590622
262,393,2.0,3.4913708614294667
262,405,2.0,3.5724910000088617
262,406,3.0,3.5877765832493784
262,419,3.0,3.6991350606089957
262,432,3.0,3.7478473388738305
262,447,3.0,3.308231165471705
262,491,3.0,3.4829042929544305
262,509,3.0,3.382434807211866
262,553,4.0,3.7394428332678284
262,568,3.0,3.9692889058659926
262,581,3.0,3.7151452015424815
262,588,4.0,3.7491748866457257
262,617,3.0,3.4060983694529674
262,625,3.0,3.668829040168266
262,628,2.0,3.6170345755750115
262,709,5.0,3.6350574954748676
262,736,3.0,3.8444660375625106
262,754,3.0,3.484875828418515
262,755,3.0,3.9712018947050827
262,762,2.0,3.449600315053375
262,778,4.0,3.7434155458273795
262,781,3.0,3.703324362373406
262,786,3.0,3.786424200265057
262,790,3.0,3.42394006110142
262,815,2.0,3.7495935133809346
262,821,3.0,3.7127251411337587
262,845,4.0,3.5360688520133263
262,923,4.0,3.3415655413506142
262,929,3.0,3.6725456520899855
262,931,2.0,3.596375887024534
262,949,4.0,3.5828208967672333
262,1048,2.0,4.182054287873781
262,1054,2.0,3.488390364801486
262,1147,4.0,3.449808332379211
262,1220,4.0,3.3738606761719545
262,1278,4.0,3.6603563435211104
263,22,5.0,4.769657522294922
263,64,5.0,4.327440176398996
263,69,5.0,4.542863536362492
263,79,4.0,4.642624719987867
263,82,4.0,4.758007267475508
263,86,4.0,4.364399329547085
263,95,5.0,4.558553794734904
263,96,4.0,4.627573364463748
263,97,4.0,4.435880940876887
263,99,3.0,4.357215182484471
263,117,3.0,4.793566090885059
263,125,4.0,4.473069927951055
263,127,4.0,4.518958094373255
263,134,5.0,4.194147105918822
263,143,5.0,4.2080448455506705
263,144,4.0,4.383843338937284
263,153,3.0,4.194227743702022
263,162,5.0,4.2266372025672485
263,163,5.0,4.206427931366544
263,168,5.0,4.10757597025302
263,176,5.0,4.885063373114432
263,177,4.0,4.368495062748019
263,183,4.0,4.792330160185624
263,186,4.0,4.532292557200909
263,188,5.0,4.556465223174786
263,195,5.0,4.799968336735923
263,197,4.0,4.4586901744405125
263,205,5.0,4.4489922806182465
263,210,3.0,4.3389696898700905
263,215,4.0,4.198107921865585
263,237,2.0,4.378285108628835
263,245,4.0,5.0
263,265,4.0,4.41033476344232
263,269,4.0,4.446937692514976
263,272,5.0,4.314971176209479
263,294,2.0,4.211786714188737
263,318,5.0,4.513840740403435
263,328,4.0,4.702884331530389
263,333,2.0,4.628708390963544
263,416,5.0,4.372358322941267
263,419,5.0,4.387028638934469
263,423,5.0,4.550152471435744
263,432,2.0,4.445815270701046
263,483,5.0,4.553681223648223
263,486,4.0,4.334063582377477
263,495,5.0,4.306484294307119
263,510,4.0,4.535726691381324
263,514,3.0,4.292801851079955
263,521,3.0,4.467207469844441
263,523,5.0,4.230154887242727
263,526,5.0,4.550501814081684
263,528,4.0,4.481480296466154
263,568,4.0,4.700470723753419
263,614,3.0,4.230815274831198
263,648,5.0,4.360574682498549
263,661,5.0,4.114288956480706
263,678,2.0,4.625542165230513
263,886,2.0,4.519723652202017
263,892,3.0,4.548903691218371
263,921,3.0,4.408627354971311
263,1444,3.0,4.38547401071496
263,1451,4.0,4.131508220895381
263,1473,5.0,4.532217763290257
264,4,4.0,4.895634457335573
264,12,5.0,4.61672836721525
264,25,4.0,4.756233050591451
264,33,3.0,4.771089896556591
264,42,5.0,4.524786622363611
264,56,5.0,4.507032898946466
264,70,4.0,4.680838357970259
264,153,5.0,4.417684583610251
264,168,5.0,4.345135822252987
264,175,5.0,4.449217257299042
264,179,5.0,4.417785099171752
264,183,5.0,4.780636284077097
264,200,5.0,4.542267491316959
264,203,2.0,4.296621674778485
264,208,5.0,4.588022827606691
264,210,5.0,4.3533776017067565
264,216,5.0,4.442424858413329
264,219,5.0,4.42083434636692
264,230,4.0,4.486852925986077
264,238,5.0,4.422768467815574
264,283,5.0,4.761605993903096
264,294,3.0,4.376201176610789
264,320,4.0,4.3097526000705075
264,345,4.0,4.639958933741357
264,381,4.0,4.653914849465665
264,382,4.0,4.64283034721332
264,401,5.0,4.542796900906475
264,433,5.0,4.405579847871602
264,436,3.0,4.425920334305091
264,443,5.0,4.453971438619943
264,448,2.0,4.552319989169061
264,451,4.0,4.717577326274478
264,475,5.0,4.535455067350547
264,504,5.0,4.420024104890472
264,516,5.0,4.360369838621154
264,524,3.0,4.491322106513977
264,558,5.0,4.538206160918344
264,559,5.0,4.560315927592411
264,602,4.0,4.470013566496956
264,606,5.0,4.31650703071702
264,654,5.0,4.491662981243607
264,655,4.0,4.667360614215896
264,659,5.0,4.541933870804488
264,671,4.0,4.345148705600956
264,672,3.0,4.43112435032099
264,683,2.0,4.441115400758361
264,709,5.0,4.637156288458697
264,721,5.0,4.591369041937991
264,745,5.0,4.434692167546721
264,762,3.0,4.469740462833067
264,792,5.0,4.4427819961052535
264,813,4.0,4.450015186270286
264,844,1.0,4.501629320973706
264,1069,5.0,4.741525932587146
264,1103,5.0,4.738695886937304
264,1225,3.0,4.591369041937991
264,1270,2.0,4.456230107228182
265,7,2.0,3.9874706887711358
265,15,3.0,3.7724893430147617
265,118,4.0,4.482573856960311
265,125,4.0,4.26417874151562
265,151,2.0,3.8567232430849008
265,181,2.0,4.158390476809003
265,257,4.0,4.2732503259448835
265,258,4.0,4.123935723218325
265,279,2.0,3.7361384388712504
265,300,5.0,4.201146064698905
265,328,4.0,4.286064506901607
265,409,3.0,4.280698809406492
265,410,4.0,4.089860603261173
265,471,4.0,4.215018756237527
265,472,3.0,4.287895545146286
265,477,3.0,4.141484417331892
265,591,5.0,4.306766240423422
265,742,5.0,4.336071314695747
265,934,3.0,4.083158852946138
266,124,4.0,3.7362880823716336
266,272,4.0,3.3897316829079496
266,283,3.0,4.051833680172107
266,313,4.0,3.785474795722562
266,508,4.0,3.5185329988613447
266,676,3.0,3.8255060460127033
266,874,2.0,3.396221525002068
267,3,4.0,4.26065721698579
267,7,5.0,4.630437290509503
267,17,4.0,4.6730949910175195
267,22,4.0,4.7720859485973355
267,24,5.0,4.663313465863441
267,28,4.0,4.653803605544887
267,50,5.0,4.880865106286098
267,54,3.0,4.81547415686844
267,55,4.0,4.827089691037924
267,67,3.0,4.1760405433946834
267,80,4.0,4.527679885061044
267,88,4.0,4.381427746362149
267,94,3.0,4.301798595670773
267,114,5.0,4.099405474671355
267,121,3.0,4.690445987073401
267,145,4.0,4.940657158632812
267,147,3.0,4.507599341353199
267,168,4.0,4.068321538213405
267,172,5.0,5.0
267,175,5.0,4.293493647466615
267,177,5.0,4.347564229410223
267,187,5.0,4.535653462488971
267,204,4.0,4.497526024457848
267,214,4.0,4.298396169338376
267,216,4.0,4.2215317717872445
267,222,4.0,4.781689451819787
267,226,3.0,4.485597722919888
267,227,3.0,4.603563900724464
267,228,5.0,4.6343226576044785
267,238,4.0,4.125756112282403
267,240,4.0,4.236134931338854
267,250,5.0,4.657814486342128
267,273,4.0,4.768703329644953
267,294,3.0,4.089866142918574
267,324,3.0,4.069573311068637
267,367,4.0,4.261929184835725
267,384,3.0,4.123036851548433
267,386,3.0,4.186958786763881
267,393,3.0,4.211717662877152
267,403,4.0,4.816521115906556
267,410,4.0,4.21916142719821
267,423,3.0,4.413580751754224
267,433,5.0,4.176571680374772
267,449,3.0,4.65342547687408
267,450,2.0,4.614797254670693
267,464,5.0,4.143141841497661
267,470,4.0,4.1972225774770875
267,474,5.0,4.255318689243747
267,475,5.0,4.182102873328975
267,479,4.0,4.230172362777215
267,480,4.0,4.268974813311472
267,484,5.0,4.2140282812707595
267,518,5.0,4.125896514926722
267,545,2.0,4.3656312668039865
267,546,3.0,4.494486878607834
267,552,3.0,4.4248389054495725
267,559,3.0,4.279597074634013
267,568,4.0,4.813958479068511
267,575,3.0,4.204741490201383
267,578,3.0,4.731226338347297
267,597,3.0,4.627617970242602
267,622,3.0,4.194483553314293
267,642,4.0,4.4807594710822825
267,647,5.0,4.289517890016584
267,654,5.0,4.297466635276764
267,684,4.0,4.719716617564106
267,685,3.0,4.489489503020614
267,693,4.0,4.225226939946553
267,727,4.0,4.335315369930493
267,739,4.0,4.306848495952391
267,771,3.0,4.798778468959682
267,780,4.0,4.170152340632233
267,824,4.0,4.231989669505812
267,840,4.0,4.534387255453754
267,943,4.0,4.196014875485173
267,980,3.0,4.15139828712619
267,1073,5.0,4.198190094990643
267,1401,4.0,4.187677144279205
267,1471,2.0,4.2510989807327055
268,1,3.0,3.350355368782144
268,2,2.0,3.8113065241758353
268,7,4.0,3.544980819258057
268,16,3.0,3.234555806751067
268,17,3.0,3.6684994172347665
268,21,3.0,3.7243274534507704
268,31,4.0,3.3777846032156806
268,38,1.0,3.607435048204362
268,40,3.0,3.108626151004436
268,42,4.0,3.2778527857289914
268,52,3.0,3.220202106347362
268,55,4.0,3.741303735033642
268,62,3.0,3.9200060351234223
268,63,1.0,3.3775776827832202
268,67,3.0,3.1394221482864295
268,68,4.0,3.8618824288708655
268,73,3.0,3.6932266183822025
268,82,3.0,3.7696505598016046
268,83,4.0,3.4213048199022924
268,91,3.0,3.456562592831578
268,94,2.0,3.3104300354809078
268,97,4.0,3.3177220330877906
268,98,4.0,3.3254830312933352
268,99,3.0,3.1647720031456874
268,101,2.0,3.6995906695563576
268,105,2.0,3.1373088154734674
268,108,3.0,3.105356598360943
268,114,5.0,3.0620485608129755
268,121,2.0,3.5977341275767856
268,122,2.0,3.238762225275359
268,123,3.0,3.4678585915372686
268,129,2.0,3.647518251485231
268,134,5.0,3.013333617191067
268,135,4.0,3.4601685457154585
268,139,2.0,3.2483033884811077
268,141,3.0,3.391831372178943
268,145,1.0,3.821528894308104
268,147,4.0,3.4821068837020643
268,153,5.0,3.1195171101828296
268,154,4.0,3.070686958630965
268,161,3.0,3.4276722155206945
268,163,2.0,3.1311617037699633
268,168,4.0,3.044499103710474
268,169,5.0,3.33709550732644
268,181,4.0,3.7430984650291728
268,182,4.0,3.2709130886377897
268,183,4.0,3.753556500005689
268,189,4.0,3.3254229098636188
268,194,4.0,3.3122866173711722
268,198,4.0,3.086185754045258
268,205,5.0,3.1652047014422866
268,206,3.0,3.5837804029113083
268,209,4.0,3.321677600342471
268,211,4.0,3.089217475025999
268,217,2.0,3.1982728377159595
268,228,4.0,3.599190290580631
268,231,4.0,3.7116494260645068
268,232,3.0,3.462533444613835
268,233,3.0,3.312239862647998
268,238,3.0,3.0967205738461443
268,244,4.0,3.459953558510156
268,246,5.0,3.269284126618964
268,248,3.0,3.2259874883255764
268,250,4.0,3.622402360569047
268,252,3.0,3.7353835991851283
268,258,2.0,3.530164155508789
268,264,3.0,3.488622897339125
268,265,3.0,3.442323595998846
268,267,3.0,2.9329608938547485
268,269,4.0,3.3021137752477
268,298,3.0,3.722526180141892
268,302,5.0,3.3890744431538766
268,325,3.0,3.413501110988188
268,333,4.0,3.431755706299181
268,357,4.0,3.043312274460761
268,364,3.0,3.1120960981268273
268,370,2.0,3.3181998028161828
268,374,2.0,3.299693064466212
268,382,3.0,3.3357560043003605
268,385,3.0,3.8134725845328674
268,386,2.0,3.1368614058858117
268,395,2.0,3.1526832237047553
268,403,4.0,3.716022763769854
268,404,4.0,3.149836610317761
268,421,3.0,3.1873147371680908
268,425,4.0,3.141604247139329
268,432,3.0,3.2319763639543355
268,433,4.0,3.128859514109504
268,436,3.0,3.0962265464979133
268,453,1.0,3.28149101537469
268,470,3.0,3.1411491342346864
268,472,1.0,3.6413361977856558
268,474,5.0,3.17711956258901
268,477,3.0,3.3290785112194694
268,483,5.0,3.28146616676153
268,484,4.0,3.198454056039784
268,527,4.0,3.0713402787534294
268,540,1.0,3.2494684111916383
268,546,4.0,3.4784059107885077
268,552,2.0,3.3490638726357025
268,554,3.0,3.6107598420273543
268,558,3.0,3.389883733527634
268,566,3.0,3.5878306256535164
268,568,3.0,3.802226282115682
268,569,3.0,3.363402765992222
268,580,3.0,3.2797407921418045
268,582,5.0,3.4568415481614707
268,583,4.0,3.3255667901075805
268,665,2.0,3.7714571889989914
268,672,2.0,3.1457970637759587
268,679,4.0,3.3621813023749088
268,684,3.0,3.668905954695154
268,699,3.0,3.169512498033534
268,715,1.0,3.4541748547299576
268,717,1.0,3.5123048414107796
268,721,3.0,3.2247624052078
268,732,3.0,3.4213048199022924
268,735,3.0,3.1941062721641895
268,746,3.0,3.0722322257989787
268,761,1.0,3.5190448604043016
268,762,2.0,3.123694303247802
268,768,3.0,3.348347097713603
268,781,3.0,3.337265931938416
268,790,2.0,3.161342261492254
268,800,1.0,3.2836349123120345
268,810,2.0,3.523064505763729
268,823,2.0,3.3652172307937502
268,824,2.0,3.2124295214147405
268,825,3.0,3.9254086016872174
268,826,1.0,3.2904713403254493
268,926,2.0,3.2180196498407527
268,928,1.0,3.4090147647127864
268,930,2.0,3.64544715521172
268,946,3.0,3.210404957272135
268,949,2.0,3.2158034941833336
268,955,3.0,3.3529514448293622
268,978,2.0,3.277714377970148
268,998,1.0,3.2041511913975
268,1002,1.0,3.2906131418500935
268,1035,2.0,3.167887360681347
268,1041,1.0,3.334669752448671
268,1059,3.0,3.0591392883788195
268,1065,4.0,3.086979660629253
268,1079,3.0,3.276407388418687
268,1090,2.0,3.2177423881644995
268,1095,2.0,3.1003614420751453
268,1157,1.0,3.2249000531201446
268,1249,2.0,3.192007974321575
268,1477,2.0,3.3268286524940756
269,5,2.0,3.5027571892210236
269,7,3.0,3.428846237811472
269,9,4.0,3.1066703069017962
269,13,4.0,3.1210918783893957
269,15,2.0,3.111090228044973
269,22,1.0,3.5233646510782504
269,44,3.0,3.302545812694774
269,47,4.0,3.3434001960081168
269,50,3.0,3.458587951115341
269,55,4.0,3.744934151484192
269,63,1.0,3.3164190755417247
269,64,4.0,3.2301405958101137
269,70,1.0,3.349407156254242
269,72,2.0,3.5163630066094456
269,76,3.0,3.2258703218973155
269,82,2.0,3.3492741679301683
269,93,3.0,3.33235053717136
269,98,4.0,3.3577757220063393
269,100,5.0,3.5098858294990314
269,106,1.0,3.4249460853403626
269,120,1.0,3.3807211116910367
269,127,4.0,3.3643292709927817
269,131,5.0,3.2140209478207025
269,136,4.0,3.003303914840718
269,137,4.0,3.1706810424429106
269,139,1.0,3.190253138230728
269,142,1.0,3.187954267508662
269,143,3.0,3.0335284627131403
269,152,4.0,3.2598402282094363
269,153,3.0,3.1243069068524676
269,156,5.0,3.1823390867052
269,161,1.0,3.2260389387513984
269,168,4.0,3.0197052292148485
269,171,5.0,3.3926516386216288
269,172,3.0,3.6799385437034906
269,174,1.0,3.090365299111263
269,175,5.0,3.091254797915554
269,176,2.0,3.424851982542334
269,177,5.0,3.1428335055881993
269,179,4.0,3.1462511830158566
269,180,3.0,3.312256642256741
269,183,3.0,3.4724901291457035
269,188,2.0,3.2898322483092475
269,194,5.0,3.2801914638980336
269,195,3.0,3.474917413275543
269,198,4.0,3.0212101640612277
269,205,3.0,3.1936459661343135
269,209,4.0,3.34334544111165
269,210,1.0,3.098478922707475
269,211,4.0,3.0498655360056888
269,213,5.0,3.308007479979504
269,214,3.0,3.231908531000992
269,216,1.0,3.2074341242959563
269,217,2.0,3.1569938756760987
269,234,1.0,3.1457088159721733
269,235,3.0,3.483449974356584
269,238,5.0,3.016041480144906
269,246,5.0,3.3060208040330674
269,252,1.0,3.367564379758756
269,254,1.0,3.215837385261624
269,272,3.0,3.0371413168893135
269,276,5.0,3.2495682279875244
269,285,5.0,3.1024703667722235
269,293,3.0,3.1519765984911476
269,316,4.0,3.2570493978816777
269,340,5.0,3.035147144427313
269,346,2.0,3.16071153506251
269,367,3.0,3.2021097479880876
269,387,3.0,3.1990876047000514
269,396,4.0,3.3598704874003205
269,401,3.0,3.182862977038912
269,405,1.0,3.248297394457726
269,411,1.0,3.5432806398301913
269,412,3.0,3.2356975461148667
269,414,3.0,3.0473967186119406
269,423,4.0,3.2677183474449145
269,427,5.0,3.0216562311237323
269,433,3.0,3.1078066241263915
269,435,3.0,3.145560907768367
269,436,3.0,3.058361605210726
269,444,3.0,3.264282186725542
269,447,3.0,2.9974993964008902
269,474,4.0,3.0614765855412185
269,475,5.0,3.200208180417333
269,478,4.0,3.330730809747009
269,482,3.0,3.1466200641678337
269,483,4.0,3.3446919748439194
269,484,3.0,3.170171874419982
269,486,3.0,3.3148488711869466
269,492,4.0,2.9908714876802573
269,497,3.0,2.9955388301813906
269,498,4.0,3.4133630290441666
269,499,4.0,2.986949136869431
269,504,4.0,3.1327730236994134
269,505,3.0,3.0723827380786943
269,506,5.0,2.9908714876802573
269,507,4.0,3.0711256797327273
269,512,5.0,3.3921685792997733
269,514,4.0,3.197163436256851
269,522,5.0,3.2931603066889226
269,525,4.0,3.181060907493382
269,527,5.0,3.075161824259141
269,529,5.0,3.0220994028136756
269,531,5.0,3.4623369106303796
269,568,2.0,3.5579341573714256
269,597,1.0,3.346592694668251
269,608,4.0,3.267521966985274
269,614,3.0,3.017831695446258
269,616,4.0,3.142244862818381
269,627,1.0,3.0409394658248887
269,636,3.0,3.3647246189740847
269,640,5.0,3.081058734665956
269,642,3.0,3.454819661382132
269,645,4.0,3.0063926037534863
269,654,4.0,3.261982439161021
269,655,4.0,3.3310366629773984
269,658,2.0,3.0804373798147666
269,664,5.0,3.1102387902468203
269,665,1.0,3.42638424800389
269,674,2.0,2.992365796111268
269,705,2.0,3.089175961519315
269,716,4.0,3.337301318744644
269,729,2.0,3.208719124778929
269,741,5.0,3.536255407919097
269,756,1.0,3.1212843194903046
269,761,2.0,3.2674871326815307
269,763,1.0,3.1210057176111534
269,771,1.0,3.3938383527447344
269,793,4.0,3.2192766120157366
269,805,2.0,3.23134706404596
269,809,1.0,3.3660476818165947
269,843,3.0,3.186237621583575
269,845,1.0,3.1695287506597003
269,856,5.0,3.3198936210053107
269,886,3.0,3.26211211348859
269,902,5.0,3.4609579986155614
269,919,4.0,3.3046625455406278
269,922,5.0,3.0607946887270763
269,923,4.0,3.0669541388785095
269,959,5.0,3.0957154646824177
269,961,5.0,3.1600090909128373
269,985,3.0,3.0229345826619043
269,998,5.0,3.1404281109347107
269,1014,3.0,3.018604106829313
269,1020,4.0,3.101441641436285
269,1028,2.0,3.295017935710866
269,1065,5.0,3.061025202825011
269,1071,2.0,3.1602084228198803
269,1091,2.0,3.1794041745370154
269,1101,4.0,3.219709093395395
269,1133,1.0,3.121287057592684
269,1154,3.0,3.052340330319742
269,1165,1.0,3.3452599512693215
269,1168,2.0,3.0976403804866894
269,1438,3.0,3.2096952851845675
269,1480,1.0,3.215043357970316
270,13,4.0,4.505038653470334
270,17,2.0,4.962736642544737
270,25,5.0,4.765919022536023
270,53,4.0,4.694712013833214
270,66,4.0,4.81028640800378
270,70,5.0,4.702075961975897
270,77,2.0,5.0
270,83,4.0,4.847657934665863
270,97,4.0,4.625259880395149
270,98,5.0,4.730377146232686
270,148,4.0,4.822732131695007
270,155,5.0,4.522267252692077
270,156,5.0,4.620785124831598
270,159,4.0,4.63209503001285
270,173,5.0,4.908842201767277
270,176,4.0,4.944697069231045
270,181,4.0,4.926054933588752
270,217,5.0,4.638302574638626
270,218,5.0,4.425113153125907
270,222,5.0,4.866366270439311
270,230,3.0,4.68549422155673
270,237,1.0,4.794885467438013
270,241,5.0,4.9116089719383265
270,253,5.0,4.846859929805245
270,258,3.0,4.902113056332066
270,275,5.0,4.765042839243217
270,281,5.0,4.868241325682579
270,282,3.0,4.703929811316739
270,286,5.0,4.924492828028774
270,288,5.0,4.930835212605489
270,295,5.0,4.86160069077769
270,306,5.0,4.571607823998468
270,327,5.0,4.704503622320046
270,370,5.0,4.823073501523249
270,379,5.0,4.468072679728575
270,387,5.0,4.657989130063464
270,402,5.0,4.933222728262124
270,441,5.0,4.681353997207615
270,452,4.0,4.654261194333365
270,466,5.0,4.470078286159888
270,471,5.0,4.806821527919262
270,509,3.0,4.434863816292663
270,551,4.0,4.555565053377386
270,553,1.0,4.837533430163321
270,558,5.0,4.765396914268438
270,569,4.0,4.853139512034165
270,596,5.0,4.624698291179613
270,671,4.0,4.446346346124758
270,684,4.0,4.958742906222356
270,703,4.0,4.509487945629572
270,707,5.0,4.413102404852916
270,714,4.0,4.874497091670776
270,716,4.0,4.761736923052332
270,736,5.0,4.909359760013331
270,740,5.0,4.800074814413629
270,741,5.0,5.0
270,747,5.0,4.68005854207709
270,778,5.0,4.7758956343725805
270,781,5.0,4.717820408912181
270,800,5.0,4.755781626752533
270,872,5.0,4.5233153721575174
270,1014,4.0,4.43454540424255
270,1119,5.0,4.658085708108066
270,1148,5.0,4.49320952751985
270,1210,5.0,4.855835287704133
270,1471,4.0,4.581445045953959
271,1,3.0,3.954579413524251
271,8,4.0,4.142691148842758
271,11,4.0,3.9652424253079612
271,13,4.0,3.813285033979086
271,15,3.0,3.828039515585276
271,22,5.0,4.322936533506687
271,25,3.0,4.094902090259866
271,31,4.0,4.126013869972483
271,38,2.0,4.14238920958642
271,44,4.0,4.039045825537576
271,50,5.0,4.252629276492364
271,52,4.0,3.9114444034461835
271,54,3.0,4.341084723307583
271,56,3.0,3.949432529345793
271,58,3.0,3.9296323580933787
271,64,5.0,3.955363812257648
271,65,3.0,3.957925184949488
271,70,5.0,3.9933436216005163
271,83,4.0,4.108859360191191
271,95,4.0,4.0278364806562035
271,111,4.0,4.029826018702256
271,117,3.0,4.4589192152181605
271,121,2.0,4.181940306411294
271,132,5.0,4.100339403189251
271,133,4.0,4.039671156645637
271,134,3.0,3.733263533974228
271,141,4.0,3.9839619031614544
271,170,5.0,4.040880012546944
271,172,5.0,4.433657531142633
271,180,5.0,4.030919845245173
271,185,3.0,3.972453501999746
271,187,5.0,4.1055564730064615
271,191,5.0,3.9417492963957432
271,192,5.0,3.752292099949236
271,197,4.0,4.0974425130839185
271,199,4.0,3.967754451397673
271,200,5.0,3.809206258881225
271,204,4.0,3.9741784910525215
271,211,5.0,3.7922221950106056
271,220,3.0,4.138870250457032
271,221,3.0,3.888427335186277
271,224,4.0,3.9889375613549882
271,237,4.0,4.071293674356049
271,241,3.0,4.259873484574807
271,242,4.0,3.9543506001081665
271,248,4.0,3.8501286222275057
271,258,3.0,4.124712197833066
271,265,5.0,4.008563054583374
271,272,3.0,3.811350142463326
271,274,3.0,4.106329860197364
271,275,4.0,4.03301773017785
271,283,4.0,4.210238285335886
271,284,3.0,4.047815267638102
271,289,4.0,4.097847477278851
271,294,2.0,3.7437670382688286
271,300,2.0,3.988759630720303
271,310,3.0,4.008934906383684
271,311,3.0,4.2127892913220455
271,312,2.0,4.063070142966487
271,317,3.0,3.966557743228815
271,318,5.0,4.0360400798367815
271,328,2.0,4.181954201346553
271,338,1.0,3.8335731582903714
271,345,3.0,3.9704636421363935
271,346,4.0,3.9153753392511854
271,356,4.0,4.329857862723836
271,378,4.0,3.8087790716537415
271,384,3.0,3.7230922907188857
271,402,4.0,4.154435175155975
271,410,2.0,3.9543506001081665
271,411,1.0,4.239707499975055
271,414,4.0,3.756216479247678
271,419,3.0,3.880537527130343
271,423,4.0,3.9767862441147477
271,425,2.0,3.767332238084295
271,430,5.0,3.8626376746033166
271,435,4.0,3.915577623831824
271,451,3.0,3.9737943435781102
271,471,3.0,4.225267898461145
271,482,5.0,3.8727731410849433
271,485,4.0,3.776051525806176
271,490,4.0,4.0109390884857525
271,510,4.0,4.139103438421547
271,514,4.0,3.8650313820226803
271,516,4.0,3.7502734335327714
271,517,3.0,4.198722736391921
271,518,4.0,3.803668101148076
271,528,3.0,4.019414511238192
271,530,4.0,3.868041706290798
271,549,4.0,4.142699241421499
271,582,3.0,4.274473477561471
271,605,4.0,3.6786897085464734
271,624,2.0,3.916727104926793
271,630,2.0,3.9065144310203594
271,642,5.0,4.111624651822961
271,644,3.0,3.760938472647586
271,657,4.0,3.928340874526197
271,661,4.0,3.710962618300292
271,705,4.0,3.7966112684902775
271,709,3.0,3.9284370233836707
271,713,4.0,3.914047350044234
271,714,3.0,4.1415634328729665
271,732,4.0,4.108859360191191
271,739,4.0,3.9312858546808824
271,742,3.0,4.222840911680379
271,744,4.0,4.083879513878833
271,750,4.0,3.866726124680384
271,823,3.0,4.024072040374459
271,866,4.0,4.173738401903363
271,882,3.0,3.809306461305128
271,951,2.0,4.037287352984729
271,1028,2.0,3.9664579161416325
271,1091,4.0,3.9034433231563903
271,1101,4.0,3.997590489901982
271,1133,3.0,3.888389753031828
271,1139,3.0,4.197754830140947
271,1266,2.0,3.753904423866007
272,8,4.0,4.705879694712753
272,11,4.0,4.628889044518171
272,12,5.0,4.686248964261957
272,22,5.0,4.985062022014363
272,48,4.0,4.564869643418358
272,127,5.0,4.882464348805174
272,172,4.0,5.0
272,178,5.0,4.457569793244746
272,201,3.0,4.8966248763591
272,288,4.0,4.6806845321579935
272,317,4.0,4.553816398220022
272,357,5.0,4.530392646176302
272,469,5.0,4.511815390275552
272,474,5.0,4.678823541983335
272,483,5.0,4.789957465846605
272,498,4.0,4.929222494134452
272,521,5.0,4.711852888467848
272,772,2.0,4.510018099561149
272,1101,5.0,4.610631807623479
272,1393,2.0,4.7949863835876805
273,303,4.0,4.007733578138186
273,305,4.0,4.066189920184599
273,311,4.0,4.226449999653419
273,319,4.0,3.796098445915332
273,321,4.0,3.6908993374608845
273,328,3.0,4.12163261847479
273,345,3.0,4.0793160310790855
273,690,4.0,3.9952658962189274
273,900,3.0,4.140360743869859
273,902,5.0,3.892282696947004
274,1,4.0,4.442221373264916
274,25,5.0,4.665210852357676
274,50,5.0,4.502220065296488
274,83,5.0,4.424259541492837
274,88,4.0,4.340413341230614
274,111,4.0,4.555284766836612
274,117,4.0,4.828775475629848
274,118,4.0,4.746533236825791
274,148,2.0,4.597795379436539
274,150,5.0,4.712195792513514
274,164,5.0,4.479684127806658
274,181,5.0,4.500940391963683
274,208,4.0,4.216634001860037
274,243,2.0,4.404303601704401
274,255,2.0,4.3872023909825115
274,275,5.0,4.459701508565651
274,277,4.0,4.299304131914337
274,288,4.0,4.587987262446303
274,294,3.0,4.164572240704004
274,319,5.0,4.709225058776989
274,405,4.0,4.495224293816925
274,411,3.0,4.691387733672253
274,471,4.0,4.797888617571594
274,476,4.0,4.529902820385382
274,478,5.0,4.378764025599521
274,496,5.0,4.20432965269622
274,546,3.0,4.545448080852811
274,713,5.0,4.299304131914337
274,742,4.0,4.77068827375523
274,748,5.0,4.6692367602033
274,815,3.0,4.716840214813255
274,845,5.0,4.4801747511981445
275,28,4.0,3.5050913935479167
275,69,3.0,3.367843629606405
275,89,3.0,3.4724884900122452
275,95,3.0,3.9301045758552196
275,98,4.0,3.331733920526016
275,101,4.0,4.0319108668648305
275,102,3.0,3.7104346025618753
275,117,3.0,3.864124586034529
275,118,3.0,3.778508691852643
275,142,2.0,3.644432229895414
275,144,4.0,3.3618405866022045
275,173,3.0,3.743835856420082
275,176,4.0,3.9042628507728083
275,183,3.0,3.822646447878474
275,186,3.0,3.5698193650115444
275,191,4.0,3.2356206227215445
275,202,3.0,3.3172983846930113
275,208,3.0,3.1830845717859875
275,222,4.0,4.015823618474745
275,226,3.0,3.3477823696334674
275,252,2.0,3.866628701680795
275,258,3.0,3.688608871206025
275,265,4.0,3.387296948808096
275,300,4.0,3.3976539587311883
275,304,3.0,3.572242071933836
275,405,2.0,3.5924037258143358
275,418,3.0,3.807813268726148
275,423,4.0,3.631608101170369
275,435,3.0,3.338435221674678
275,449,3.0,3.8602070664778987
275,451,3.0,3.369996809456758
275,496,3.0,3.228412318218776
275,501,3.0,3.8035992053188616
275,520,4.0,3.444810042020895
275,523,4.0,3.1827579021523142
275,588,3.0,3.7948714870079265
275,597,3.0,3.5157998734895424
275,627,3.0,3.1543609204809258
275,630,3.0,3.348381381201727
275,636,3.0,3.951022189451864
275,662,3.0,3.2389144973622024
275,746,4.0,3.1113670618406735
275,930,3.0,3.6468335691880434
275,946,3.0,3.7654903151135803
275,969,2.0,3.5497687069496395
275,1066,3.0,3.7921889320950126
275,1091,2.0,3.7931239758180784
276,2,4.0,4.253142344290072
276,4,4.0,4.187688324765791
276,5,3.0,4.087529559756625
276,8,4.0,4.025265181938017
276,11,5.0,3.8470828007068003
276,14,4.0,3.848857008997309
276,22,5.0,4.113017400688374
276,34,2.0,3.912840422284622
276,38,3.0,4.163068083246809
276,40,3.0,3.606114450207964
276,41,3.0,3.6639085049807716
276,43,1.0,3.9713340147083223
276,46,3.0,3.7198607223870925
276,54,3.0,4.232792175824284
276,56,5.0,3.786770177192619
276,57,3.0,3.7198607223870925
276,58,4.0,3.7198607223870925
276,63,3.0,3.8869424789327867
276,64,5.0,3.744431996703964
276,66,3.0,3.936163077881405
276,68,4.0,4.281551595300284
276,69,4.0,3.8942115791162277
276,70,4.0,3.827325562805388
276,74,3.0,3.6819641077386853
276,76,4.0,3.807677546126176
276,77,3.0,4.0557302850663515
276,78,4.0,3.950207963872066
276,81,4.0,3.912504094124171
276,85,3.0,3.872243206453943
276,91,5.0,3.976808474694592
276,94,2.0,3.802140408915843
276,101,4.0,4.180746764660753
276,104,1.0,3.661133008992283
276,117,4.0,4.3547453138033925
276,118,3.0,4.263048878087298
276,121,4.0,4.094210093941431
276,124,5.0,3.785094865841161
276,125,4.0,3.9205263564195154
276,127,5.0,3.9939245655789244
276,135,5.0,3.9704005704627736
276,139,4.0,3.75887961947458
276,141,4.0,3.946937770870016
276,142,3.0,3.7987910247700833
276,145,3.0,4.3032413126292655
276,147,4.0,3.9685070916960576
276,154,4.0,3.568416123836018
276,156,5.0,3.7969713745916542
276,157,5.0,3.713877450803471
276,164,4.0,4.3892713517171735
276,168,5.0,3.521458067230853
276,169,5.0,3.825709989253545
276,171,4.0,4.002350164704763
276,176,5.0,4.212183990945104
276,180,5.0,3.678614306692302
276,181,5.0,4.204012790127526
276,186,5.0,3.9653704632814337
276,188,4.0,3.8615779710485714
276,196,4.0,3.547632194161631
276,198,5.0,3.5592799719000814
276,203,4.0,3.5833944961108606
276,204,5.0,3.9570233136145587
276,206,5.0,4.109633675750836
276,207,4.0,3.9310099826366507
276,209,4.0,3.7920158003118134
276,210,4.0,3.7655866342306243
276,214,5.0,3.6981776101469226
276,223,5.0,3.880766374422173
276,226,4.0,3.8680831728784444
276,227,4.0,3.9744312172041028
276,228,4.0,3.990740560238045
276,229,3.0,3.955488720574471
276,230,4.0,3.971312275088234
276,231,3.0,4.132423291117611
276,232,3.0,3.872013092789719
276,234,5.0,3.8053429217130352
276,238,5.0,3.5519162540863443
276,246,4.0,3.792217450980035
276,249,4.0,3.5996120153990168
276,250,4.0,4.128905317898628
276,262,4.0,3.6550168600124753
276,265,4.0,3.874342577212987
276,268,4.0,3.792217450980035
276,270,4.0,4.2444033705703035
276,272,5.0,3.629834242148747
276,273,4.0,4.187195051765147
276,276,4.0,3.7468492553756265
276,282,4.0,3.774300552711756
276,288,4.0,3.902987690847044
276,290,4.0,3.653833524052171
276,291,3.0,3.7551032803840694
276,294,4.0,3.6024821051063762
276,301,4.0,3.749305987003657
276,302,5.0,3.876303952042632
276,307,4.0,4.040341173599766
276,315,4.0,3.7581041938476623
276,317,4.0,3.715443896187464
276,318,5.0,3.7766736031269468
276,322,3.0,3.758943393162288
276,324,4.0,3.594930890468303
276,333,4.0,3.9498872629003823
276,340,5.0,3.6230577904061985
276,347,4.0,3.812735838705234
276,357,5.0,3.5545642640986728
276,364,3.0,3.616247500680837
276,366,3.0,3.650404062950093
276,379,3.0,3.5875774235066187
276,383,2.0,3.9754359134381447
276,384,3.0,3.567859064767446
276,386,3.0,3.6239395790592868
276,401,3.0,3.729106761704446
276,403,4.0,4.149376727162793
276,404,4.0,3.6910016356447235
276,406,2.0,3.8916552883108197
276,408,5.0,4.002099403141531
276,409,3.0,3.9855240864079184
276,417,4.0,3.7320539984322085
276,418,4.0,3.769879095649433
276,419,5.0,3.76566636012518
276,420,4.0,3.7305954021368706
276,423,5.0,3.887077994717379
276,427,5.0,3.515979854997288
276,429,5.0,3.8810830604972844
276,432,5.0,3.771651173922658
276,436,4.0,3.607720505835914
276,448,4.0,3.645275661244472
276,449,2.0,3.991373624901838
276,450,1.0,3.969113452425534
276,456,2.0,3.8344191295231034
276,463,4.0,3.6979505110414284
276,470,3.0,3.6173424912651826
276,471,4.0,3.873046340525998
276,474,5.0,3.6749039944382194
276,496,4.0,3.574992706892949
276,544,3.0,3.876901265232707
276,547,4.0,3.7242652221009793
276,549,3.0,3.8722377977331996
276,550,4.0,3.8889274002966285
276,551,3.0,3.6230685238911393
276,559,4.0,3.785147421053173
276,561,2.0,3.76710856147073
276,562,3.0,4.103807314099484
276,563,3.0,3.637565875786432
276,564,3.0,3.830908991128002
276,566,4.0,4.0133195670189075
276,568,4.0,4.216158729336843
276,569,4.0,3.875233628231713
276,571,2.0,3.977672414988914
276,576,3.0,4.155361289945631
276,577,2.0,4.115668395468912
276,578,4.0,4.124025382141742
276,581,4.0,3.9518905231886707
276,583,3.0,3.8326517400023414
276,588,4.0,3.780630181097038
276,595,2.0,3.8475902705570024
276,597,3.0,4.097949001541794
276,628,4.0,3.888674496710573
276,631,3.0,4.115354689143432
276,640,4.0,3.5840298428272104
276,649,4.0,3.8838317362372115
276,652,4.0,3.7114677115858816
276,665,3.0,4.260250302696235
276,669,1.0,3.5535648247484657
276,672,3.0,3.636806949060194
276,682,3.0,3.8017957923785715
276,684,4.0,4.1064266638306375
276,686,3.0,4.008642404218331
276,693,4.0,3.7160695380575506
276,697,2.0,3.7410821131647514
276,719,3.0,3.7812832347975402
276,727,3.0,3.8056617037261655
276,732,4.0,3.919391495318881
276,737,4.0,3.936400835160149
276,742,4.0,3.981507396650608
276,743,1.0,3.9598737178338146
276,746,4.0,3.561542898349482
276,747,4.0,3.7696429055563745
276,748,3.0,4.25393631830546
276,751,4.0,4.023927932153859
276,770,4.0,3.8978619277112427
276,773,3.0,3.6555646983489396
276,774,2.0,3.80909445436628
276,779,2.0,3.7297709112735005
276,780,3.0,3.635038400201681
276,786,3.0,3.9248176888155633
276,789,3.0,3.8174506400481283
276,796,1.0,3.937677539906681
276,801,3.0,3.905238017559417
276,803,2.0,3.935153439833886
276,806,4.0,3.951331250374909
276,809,2.0,3.9993358383431503
276,816,2.0,3.5966620860779663
276,831,3.0,4.2723684571932905
276,840,3.0,4.008262417571721
276,843,4.0,3.760580959344218
276,845,4.0,3.7141081345192095
276,853,5.0,3.8353840542576756
276,854,4.0,3.695960701471384
276,876,3.0,3.9382770638798656
276,879,3.0,4.146413361475066
276,922,4.0,3.641536739869316
276,930,2.0,4.107290691722481
276,939,3.0,4.036808589153499
276,941,3.0,3.936400835160149
276,969,4.0,3.6289336777482095
276,977,2.0,3.948356660497717
276,1013,3.0,4.224497574561459
276,1035,3.0,3.6644131273260414
276,1044,3.0,4.043892969524632
276,1073,3.0,3.6555646983489396
276,1081,3.0,3.7195361237815194
276,1089,2.0,3.9072526663423965
276,1091,3.0,3.8353325027123093
276,1095,1.0,3.6149203679246864
276,1110,3.0,4.242173538296317
276,1129,4.0,3.8699607153486384
276,1131,3.0,3.7204340640609104
276,1135,4.0,3.838693768004185
276,1157,2.0,3.7738976598504914
276,1172,4.0,3.667848459186412
276,1180,2.0,3.948133110721086
276,1210,2.0,4.076788774332776
276,1218,4.0,3.7562006384313698
276,1220,4.0,3.6405137038764925
276,1228,1.0,3.665073074720333
276,1239,1.0,4.089685978018786
276,1240,4.0,3.840897313655712
276,1253,1.0,3.7466771223797957
276,1274,1.0,3.9916914903511973
276,1314,3.0,4.136168344470024
276,1416,3.0,4.238550318111255
276,1471,2.0,3.715097251319104
276,1478,3.0,4.041185717131333
277,9,4.0,3.4630185409448706
277,15,4.0,3.4556168547822566
277,24,4.0,3.5601908649173364
277,25,4.0,3.880590330848755
277,93,4.0,3.542336284169162
277,117,4.0,4.0067779719782015
277,121,2.0,3.87234175751402
277,129,4.0,4.193677974456067
277,151,3.0,3.4681679712057667
277,181,3.0,3.7696005780042996
277,255,4.0,3.5522424271940043
277,257,3.0,3.81022089629373
277,273,5.0,3.6631269884951747
277,274,4.0,3.6298714147497533
277,279,4.0,3.4294057071804525
277,282,4.0,3.839358571144005
277,285,4.0,3.7173482851685495
277,286,5.0,4.001979631872671
277,302,4.0,3.6289740306126785
277,405,3.0,3.7640541947695416
277,591,4.0,3.9566034549972824
277,628,4.0,3.9567305288684915
277,748,3.0,3.803752354603904
277,872,3.0,3.4661333722624215
277,1011,3.0,3.6660343661935637
277,1197,4.0,3.8786990673851687
278,22,5.0,4.796739555771338
278,98,4.0,4.637647269755994
278,173,5.0,4.551848184295687
278,269,5.0,4.617733641950149
278,294,4.0,4.378492460307821
278,301,2.0,4.5413446763956475
278,306,5.0,4.481796395354159
278,311,4.0,4.876172146640636
278,347,4.0,4.560402234617815
278,525,5.0,4.424796911598007
278,603,5.0,4.362019448449986
279,1,3.0,3.7218416954004123
279,4,4.0,3.9703027808337796
279,13,3.0,3.5014471840904156
279,24,5.0,3.767607634889222
279,25,5.0,3.7357312780084166
279,40,4.0,3.4061671481497346
279,42,4.0,3.5399771834923266
279,50,3.0,3.893618886007227
279,52,3.0,3.445534244373413
279,59,4.0,3.4222798478846865
279,63,3.0,3.6742846386246324
279,65,1.0,3.5673338080805634
279,66,2.0,3.7998546297995928
279,67,4.0,3.4005769339417493
279,68,4.0,3.942481405784105
279,73,4.0,3.8098020593802673
279,79,3.0,3.8154389251372134
279,80,4.0,3.656204344445971
279,88,1.0,3.611654648747284
279,89,4.0,3.4645593917207527
279,90,3.0,3.6502399331568838
279,92,4.0,3.77488243112854
279,96,4.0,3.6712937711608444
279,101,3.0,3.8314911194505026
279,105,4.0,3.4849140631767037
279,108,4.0,3.4302515214457276
279,114,5.0,3.357716215329912
279,116,1.0,3.440634347604483
279,117,5.0,4.04314685179332
279,120,1.0,3.771722143097783
279,121,4.0,3.8138813190636225
279,122,1.0,3.6004299054335864
279,144,4.0,3.582961148350556
279,147,4.0,3.692341208827845
279,154,5.0,3.4036419692364395
279,163,5.0,3.4073278740524398
279,167,3.0,3.3614246442827005
279,168,5.0,3.3204943879478486
279,173,5.0,3.890981178228908
279,174,4.0,3.5102708625812324
279,175,5.0,3.452968770178107
279,184,5.0,4.00833072656844
279,195,4.0,3.8791756937334156
279,201,5.0,3.7351530782346076
279,202,4.0,3.6609678692923215
279,207,5.0,3.6457260147670683
279,208,5.0,3.4866670955355574
279,209,5.0,3.6140677596981914
279,214,3.0,3.471347653505124
279,216,3.0,3.454225773719159
279,224,4.0,3.533300623246398
279,226,4.0,3.547566937226435
279,227,4.0,3.671284103766192
279,228,4.0,3.701771338730925
279,233,5.0,3.476011189796341
279,235,3.0,3.950839743218349
279,236,5.0,3.67183730184525
279,238,4.0,3.358951508879244
279,240,4.0,3.49911465792698
279,248,4.0,3.5194165889764086
279,249,3.0,3.383911687435888
279,250,3.0,3.775878538363586
279,254,3.0,3.693271289393561
279,265,5.0,3.552948537701159
279,273,2.0,3.8700225545284566
279,275,3.0,3.5920494242716328
279,290,4.0,3.4442926648207157
279,319,4.0,3.7877152602167286
279,363,5.0,3.513841630005818
279,368,1.0,3.507980696640182
279,382,4.0,3.593616275162341
279,384,4.0,3.349140069234856
279,386,3.0,3.404767499891937
279,390,3.0,3.4224282739723657
279,391,5.0,3.729045283719751
279,393,1.0,3.4388072703377732
279,397,4.0,3.4410595179341663
279,399,4.0,3.9644007697628036
279,405,3.0,3.737623581329742
279,408,5.0,3.7649551510945805
279,411,3.0,3.910809783059345
279,412,3.0,3.611455315183288
279,415,3.0,3.584596406091433
279,418,3.0,3.5539606142073583
279,432,3.0,3.5558659844127845
279,433,4.0,3.432202484119926
279,434,4.0,3.38728540867404
279,464,4.0,3.3559055269402633
279,465,5.0,3.7786202918545877
279,469,4.0,3.3776145749036015
279,472,3.0,3.8319783244751946
279,487,3.0,3.474143418063436
279,489,2.0,3.4819436668457877
279,490,3.0,3.599016972963705
279,491,5.0,3.5482025469126826
279,501,3.0,3.551809761882298
279,509,3.0,3.321687011375073
279,530,3.0,3.392301788721106
279,534,1.0,3.4184493452062377
279,541,3.0,3.6959243506337405
279,556,3.0,3.4388577527435666
279,562,3.0,3.8104457342953024
279,571,4.0,3.729401189549703
279,577,1.0,3.827399300360882
279,578,4.0,3.7672868255359804
279,586,4.0,3.448621281662864
279,616,3.0,3.49536621286482
279,638,4.0,3.3328777406905536
279,652,4.0,3.487748328506105
279,654,5.0,3.464830173903819
279,662,2.0,3.5279071704141343
279,685,3.0,3.679784240853569
279,702,4.0,3.748058436470077
279,709,4.0,3.57505350228074
279,719,4.0,3.60066352755581
279,721,5.0,3.5943275772782677
279,725,4.0,3.4563790272093438
279,727,3.0,3.550560611329918
279,732,3.0,3.728352008936539
279,739,1.0,3.5357995348190845
279,740,3.0,3.6100199551041503
279,741,5.0,3.8009696493444967
279,746,5.0,3.3617913186683173
279,753,2.0,3.4072392915606518
279,762,3.0,3.4647728752503753
279,780,4.0,3.422212834441179
279,789,4.0,3.645890493155778
279,792,3.0,3.4500953958147376
279,804,4.0,3.462138982870192
279,810,2.0,3.66597936212949
279,820,4.0,3.82352973480246
279,827,1.0,3.9598588087040802
279,831,5.0,3.926331126461488
279,832,3.0,3.7545922146883193
279,841,4.0,3.8239767225864423
279,853,1.0,3.598405330885694
279,871,4.0,3.4289705682819656
279,919,3.0,3.7454650261256712
279,940,5.0,3.5399771834923266
279,952,3.0,3.525970392037154
279,982,3.0,3.815256068101032
279,992,4.0,3.6998941867819397
279,998,5.0,3.461674404652889
279,1000,4.0,3.545422175044519
279,1007,4.0,3.514947834590069
279,1011,3.0,3.411223669948057
279,1017,3.0,3.4426501639390588
279,1032,3.0,3.575628108848777
279,1035,3.0,3.4452397105867445
279,1047,4.0,3.6232579949049244
279,1048,1.0,4.0751385899595824
279,1052,4.0,3.5587103840048067
279,1093,4.0,3.4515216599396132
279,1095,1.0,3.4376422296795646
279,1108,1.0,3.4208986510129495
279,1110,3.0,3.9661509538517783
279,1113,3.0,3.3326192285808873
279,1118,3.0,3.4022792525475416
279,1120,3.0,3.5132048982715203
279,1133,2.0,3.4983194949018013
279,1142,1.0,3.4468360278904786
279,1151,2.0,3.4319766239104337
279,1162,3.0,3.524490033960354
279,1180,2.0,3.6887290456027584
279,1181,4.0,3.6471217809296466
279,1182,3.0,3.4500953958147376
279,1209,4.0,3.4500953958147376
279,1219,3.0,3.9184029641673366
279,1228,4.0,3.426299074101726
279,1230,3.0,3.430405475292547
279,1231,4.0,3.524271498918627
279,1239,1.0,3.827359704095573
279,1240,1.0,3.5676669506490053
279,1247,2.0,3.3639980751068306
279,1271,4.0,3.5552844126809884
279,1291,4.0,3.511122869861484
279,1312,3.0,3.790666067162841
279,1336,1.0,3.7974232032191795
279,1376,4.0,3.3875447017901363
279,1411,3.0,3.578516428093249
279,1413,5.0,3.4600196464740307
279,1428,3.0,3.508181828922009
279,1484,3.0,3.753314505217007
279,1487,1.0,3.630436504890583
279,1489,3.0,3.5399771834923266
279,1492,4.0,3.474274683350098
279,1493,1.0,3.488304187416088
279,1495,4.0,3.5041690263578804
279,1497,2.0,3.4224812909824274
279,1498,4.0,3.4609694303297416
279,1500,5.0,3.514947834590069
279,1501,1.0,3.3819832819482585
280,1,4.0,4.232435372129203
280,4,3.0,4.388408763398706
280,5,4.0,4.278817539217519
280,7,4.0,4.2461371652197375
280,11,5.0,4.041545844120287
280,38,3.0,4.294970849126584
280,40,5.0,3.8539751104130695
280,50,3.0,4.382796651582479
280,53,5.0,4.0666649882207855
280,54,2.0,4.4220122119401015
280,62,3.0,4.426168522395414
280,69,4.0,4.225883084504484
280,73,3.0,4.274009881007979
280,82,2.0,4.310262665816242
280,86,4.0,3.9895914556644607
280,92,3.0,4.284984875602283
280,95,5.0,4.3297591961125
280,96,4.0,4.166503868729083
280,99,2.0,3.9863755436874357
280,100,3.0,4.276047376515336
280,102,5.0,4.084390180730487
280,117,5.0,4.505299008073141
280,125,2.0,4.212560890360311
280,127,5.0,4.158124263569745
280,128,3.0,4.184336710755083
280,132,4.0,4.266004566748855
280,135,4.0,4.110550434678202
280,144,2.0,4.069391701976498
280,145,3.0,4.410372310209491
280,153,5.0,3.858038376076962
280,157,3.0,3.9829302552393706
280,159,4.0,3.9424049418165774
280,180,4.0,3.956213020832288
280,181,3.0,4.369433586180176
280,195,3.0,4.371644481290607
280,202,3.0,4.1302691164144925
280,204,3.0,4.102243097853922
280,210,2.0,3.9746500359384616
280,225,4.0,4.147287003415766
280,227,3.0,4.14124160152984
280,230,3.0,4.140300912356281
280,231,3.0,4.292300509776789
280,234,3.0,3.9883150489914656
280,237,3.0,4.087210277526125
280,265,4.0,4.10262339458832
280,274,5.0,4.306458007974568
280,282,3.0,4.012281348182202
280,286,4.0,4.283423792131872
280,288,5.0,4.098149997863935
280,316,5.0,4.0166160382787215
280,322,4.0,3.920462030552003
280,323,2.0,4.138495048475891
280,381,3.0,4.193558902668853
280,387,4.0,3.967138957677894
280,404,3.0,4.01554528025484
280,419,3.0,4.091761681850195
280,420,3.0,4.060160971496987
280,431,4.0,4.066674354321012
280,448,3.0,3.8457598510072164
280,449,3.0,4.159778709813328
280,465,3.0,4.3940689227681755
280,468,4.0,3.9279892301899175
280,472,2.0,4.289781139388827
280,476,5.0,4.02588309233192
280,483,4.0,4.0899171730205275
280,499,4.0,3.7473957983645687
280,508,3.0,3.893902295024982
280,538,5.0,4.19037172409623
280,540,3.0,3.9380931693990306
280,542,3.0,4.371999219244584
280,544,4.0,4.1345463218211975
280,554,1.0,4.224407347357804
280,559,3.0,3.9987180527134187
280,566,4.0,4.188321657991805
280,568,2.0,4.4678827224520745
280,571,3.0,4.1999020564552945
280,576,3.0,4.272807021591322
280,586,4.0,3.925508493308109
280,629,4.0,3.9082612400212664
280,631,5.0,4.396880442242482
280,655,3.0,4.138705412895427
280,663,4.0,3.8926397595016824
280,690,2.0,3.923160533051827
280,692,3.0,4.360567643784718
280,693,3.0,3.966482453693952
280,715,2.0,4.247579777811711
280,722,3.0,3.9985329715844324
280,723,5.0,4.257906966573601
280,735,2.0,3.9331416656074736
280,736,2.0,4.171318739627041
280,756,4.0,3.9272021278222105
280,780,4.0,3.8789363082926855
280,781,4.0,4.149398586624555
280,790,4.0,3.923448138237241
280,845,3.0,3.962128859902184
280,934,2.0,4.082976568774001
280,942,5.0,3.974419071620206
280,975,4.0,4.044987487698854
280,977,3.0,4.143347092748281
280,1015,3.0,4.177557529127899
280,1028,5.0,4.087508684334826
280,1047,3.0,3.9950258308288813
280,1049,2.0,3.918524815610993
280,1060,3.0,4.239558705968131
280,1168,5.0,3.8930934627321845
280,1181,2.0,4.1227784273533326
280,1313,5.0,3.9610187525805913
280,1401,5.0,3.864128396907568
280,1459,4.0,3.8380165981847285
280,1478,4.0,4.203262689702736
280,1479,3.0,3.9985329715844324
281,258,2.0,3.930998213376209
281,322,4.0,3.9064290232184815
281,332,4.0,3.9472474969482523
281,338,2.0,3.8882347347771766
281,538,4.0,3.97440643201982
281,682,3.0,3.8743747432413067
281,877,4.0,3.8336233537996636
281,938,2.0,3.8775677241006377
281,989,2.0,3.791995474767284
282,258,5.0,4.15092863179294
282,269,4.0,4.023639778186184
282,271,3.0,4.17367542847761
282,288,4.0,3.7027688985646714
282,294,4.0,3.7366300315483443
282,302,5.0,3.8393323561592543
282,305,4.0,3.909291718609814
282,307,3.0,3.986169835370625
282,325,1.0,3.73699156534047
282,327,5.0,3.874932006693352
282,338,3.0,3.9333149245498817
282,879,2.0,4.208267183929035
283,24,4.0,4.334881897765447
283,42,5.0,4.386711231355318
283,50,5.0,4.499271997409856
283,70,4.0,4.515737886935328
283,83,4.0,4.69847743797715
283,95,5.0,4.816857649405669
283,125,5.0,4.518427309170587
283,186,5.0,4.549497523956956
283,194,4.0,4.464638208739608
283,209,4.0,4.495069089227048
283,210,5.0,4.281819321742207
283,216,4.0,4.447515021874681
283,238,5.0,4.290709698360672
283,288,2.0,4.425978011918724
283,407,3.0,4.4414964273342585
283,432,5.0,4.582413605248157
283,455,4.0,4.336315402903067
283,588,4.0,4.579288240767356
283,627,4.0,4.117720207128932
283,659,5.0,4.392626597646048
283,676,3.0,4.46317805528365
283,709,5.0,4.434013600171411
283,845,4.0,4.463859529166119
283,1114,5.0,4.531036796720899
283,1487,2.0,4.582458210818606
284,258,4.0,4.354218312523661
284,259,2.0,4.174821843853068
284,269,4.0,4.386599899958672
284,286,4.0,4.036274439868548
284,300,3.0,4.233303471261503
284,304,4.0,3.786689945570094
284,305,4.0,4.245174155259145
284,313,3.0,4.487241476802795
284,322,3.0,4.243199677795065
284,324,3.0,4.12586434672793
284,328,4.0,4.3915933470252515
284,332,3.0,4.386689741345884
284,339,3.0,4.239874893921087
284,340,4.0,4.172005175528914
284,344,4.0,4.408830207524231
284,346,4.0,4.2709149330831915
284,682,3.0,4.182497582103678
284,887,4.0,4.149379283761128
284,906,3.0,4.239220343702028
285,150,5.0,4.1839960044871845
285,151,5.0,3.945317332304542
285,168,4.0,3.8543215080369637
285,191,4.0,4.051335899111808
285,216,3.0,4.014974710431806
285,237,4.0,4.17450228327509
285,269,4.0,4.202441669105639
285,276,4.0,4.038458042258925
285,288,5.0,4.295586199975198
285,313,5.0,4.437571889048548
285,455,4.0,4.023784424934796
285,514,3.0,3.977413060984637
285,538,5.0,4.148777209886096
285,628,2.0,4.305387321745119
285,682,4.0,4.242976987210741
285,902,4.0,4.315689749719266
286,1,4.0,4.384529880341994
286,7,4.0,4.428365648181275
286,11,5.0,4.187631799817747
286,13,2.0,4.145542459361403
286,20,4.0,4.290907359656037
286,25,3.0,4.402945750804878
286,29,2.0,4.53597059002238
286,34,5.0,4.421722390026905
286,44,3.0,4.203540462334886
286,50,4.0,4.483057963166309
286,53,2.0,4.166885060727284
286,55,4.0,4.587589219320926
286,56,2.0,4.135239151540256
286,57,5.0,4.119384960575302
286,66,4.0,4.511802588452855
286,73,5.0,4.442499239965625
286,77,3.0,4.393811052387729
286,83,5.0,4.440628042802573
286,85,5.0,4.31461468632499
286,88,4.0,4.31333224219968
286,89,4.0,4.105576598999731
286,91,4.0,4.42948767804929
286,96,4.0,4.291950015717677
286,99,4.0,4.1418444229218965
286,100,3.0,4.441256357791929
286,107,1.0,4.114541877147528
286,127,4.0,4.3083864558140075
286,133,4.0,4.2153472898379025
286,142,4.0,4.227382119587208
286,143,4.0,3.987564116206375
286,151,5.0,4.2077505018209616
286,153,5.0,4.096402169765525
286,154,4.0,4.020814337155007
286,155,4.0,4.071970446044258
286,158,3.0,4.114439650286664
286,161,2.0,4.249717448398122
286,164,3.0,4.614427396211681
286,167,5.0,4.033254830865087
286,168,4.0,3.962343829882229
286,171,4.0,4.393471003275241
286,175,5.0,4.08037862413512
286,191,4.0,4.105754424493999
286,195,4.0,4.450874769021146
286,196,4.0,4.006327179178755
286,208,4.0,4.160294175010049
286,214,1.0,4.140473573328298
286,228,3.0,4.260356127934244
286,229,1.0,4.220493156360588
286,231,3.0,4.438027087762085
286,234,3.0,4.14510165310676
286,237,2.0,4.306516420090018
286,248,5.0,4.1986282617259025
286,258,4.0,4.4180920435255135
286,268,4.0,4.274192772103322
286,269,5.0,4.34832457290971
286,272,5.0,4.084572722783422
286,275,4.0,4.28493752725786
286,277,4.0,4.167347055089228
286,288,5.0,4.286927422609512
286,289,5.0,4.342788083053774
286,290,3.0,4.123183919001483
286,298,4.0,4.445380514507787
286,309,5.0,4.071012880179107
286,325,1.0,4.391323490234713
286,329,4.0,4.257013018699297
286,341,5.0,4.116794560359928
286,354,4.0,4.3581491275984865
286,357,4.0,3.990027787663468
286,379,5.0,3.993422056066951
286,393,4.0,4.100383535810527
286,404,5.0,4.160131816453361
286,405,3.0,4.319474448457584
286,419,5.0,4.2429303783605725
286,421,1.0,4.21532443813084
286,423,4.0,4.253578018696796
286,425,2.0,4.0418766293881365
286,432,3.0,4.2380230544781865
286,465,5.0,4.455167957552404
286,472,3.0,4.451878534974327
286,477,3.0,4.381844564330695
286,512,2.0,4.3745032045748555
286,546,1.0,4.286367709594164
286,554,4.0,4.367837872448879
286,559,4.0,4.179597696879231
286,574,4.0,4.23591227455676
286,577,2.0,4.461661762925614
286,596,3.0,4.349629645398566
286,628,4.0,4.28785260970923
286,636,3.0,4.44057976625081
286,640,5.0,4.060487099302604
286,642,3.0,4.275201510361466
286,655,3.0,4.402536818601699
286,683,5.0,4.158427304222831
286,689,5.0,4.444928974517502
286,704,2.0,4.3374208299421095
286,709,4.0,4.255390044290586
286,710,4.0,4.002065186629855
286,721,3.0,4.238320496421661
286,732,5.0,4.440628042802573
286,738,5.0,4.464771677700308
286,746,4.0,4.012289169267555
286,766,3.0,4.041108433014186
286,771,2.0,4.440378989896218
286,778,5.0,4.412541234705963
286,790,1.0,4.15075910513213
286,792,3.0,4.102961627763678
286,815,3.0,4.387620218853192
286,824,1.0,4.221351941490503
286,881,5.0,4.287640901159576
286,949,4.0,4.218811819077277
286,952,2.0,4.1630317037048705
286,993,2.0,4.594881106650495
286,1014,5.0,4.062414402795319
286,1035,3.0,4.095853346523094
286,1039,5.0,4.208561840769382
286,1047,1.0,4.279230906315602
286,1091,4.0,4.261856953901589
286,1113,3.0,4.013264253490261
286,1118,1.0,4.079964640318792
286,1140,3.0,4.205061801395509
286,1182,2.0,4.102961627763678
286,1194,4.0,4.216497512753357
286,1202,3.0,4.095874294165804
286,1230,1.0,4.0757174552784745
286,1265,5.0,4.075004757078484
286,1286,5.0,4.262471691399145
286,1316,5.0,4.095020294636355
286,1411,2.0,4.219725314919628
286,1503,3.0,4.138256675854589
286,1504,4.0,4.11292125842768
287,1,5.0,4.139262332568274
287,11,5.0,4.137958788754368
287,28,5.0,4.383347059604181
287,39,5.0,4.417342326323238
287,56,5.0,4.103269426127066
287,92,4.0,4.27451761512714
287,98,4.0,4.175015267891129
287,111,3.0,4.288026694746503
287,117,5.0,4.653160523852985
287,156,5.0,4.053763790264638
287,201,5.0,4.311263107926637
287,208,4.0,4.119167806090891
287,218,5.0,3.9355443482555166
287,240,2.0,4.149908486728514
287,248,5.0,4.098812873971053
287,249,5.0,4.032377771575251
287,250,3.0,4.446962944029951
287,252,1.0,4.500573154803074
287,257,4.0,4.58213539089616
287,268,4.0,4.402984647231616
287,276,4.0,4.139939770000592
287,291,5.0,4.120044014794459
287,294,5.0,4.030328180633924
287,298,4.0,4.583792731005594
287,301,3.0,4.163473503682665
287,327,5.0,4.243049192977515
287,340,5.0,4.045829912339018
287,346,5.0,4.144038925285306
287,347,4.0,4.226633760127416
287,461,5.0,4.08035969283925
287,591,5.0,4.366211218172879
287,748,4.0,4.5533734047627625
287,926,4.0,4.30278898811213
287,1016,5.0,4.465298311838023
288,12,4.0,4.047785235199772
288,13,5.0,3.832291290120606
288,15,4.0,3.9032761680108283
288,50,4.0,4.3986950155933915
288,64,5.0,3.9455607982678793
288,69,5.0,4.205533560016747
288,97,4.0,4.067536980319505
288,127,5.0,4.191435840944458
288,132,3.0,4.187485313242691
288,157,4.0,4.342288975627454
288,177,3.0,3.9907749416081724
288,178,5.0,3.870992597423738
288,182,4.0,4.031239238390654
288,196,5.0,3.9915249909824193
288,200,4.0,3.8631057606406674
288,202,5.0,3.9673280256292114
288,230,2.0,4.065158096990357
288,237,4.0,4.131697377802
288,272,5.0,4.01483302525199
288,276,4.0,4.02699514330927
288,300,5.0,4.132847626460278
288,305,4.0,4.104737246887265
288,317,4.0,3.90588766838287
288,318,4.0,4.2002694806673535
288,340,5.0,4.0116961870670185
288,357,5.0,3.8819506362457195
288,527,3.0,3.970306844656466
288,593,2.0,3.922014973038305
288,742,3.0,4.234577654508128
288,887,5.0,3.989072474944603
288,900,5.0,4.098763967264035
288,1039,2.0,4.015180460515785
289,1,3.0,3.0184852275503804
289,7,4.0,3.084584953577529
289,24,4.0,3.153375898165742
289,147,3.0,3.1406565997777
289,282,3.0,3.0143211000102093
289,405,2.0,3.2553735112195485
289,410,2.0,3.027815196801367
289,471,4.0,3.1395617851625417
289,473,1.0,3.066903215693576
289,685,4.0,3.172169029761989
289,815,3.0,3.1335128202902243
289,849,4.0,2.8773388169601404
289,926,3.0,3.027815196801367
289,1016,5.0,3.3063663588978587
290,21,3.0,4.195074485786508
290,22,5.0,4.1090727043471205
290,43,3.0,3.825499388387968
290,50,5.0,4.335837616375446
290,54,3.0,4.076104964025354
290,71,5.0,4.048705455989455
290,82,4.0,4.278076292166451
290,88,4.0,3.738845694362717
290,91,2.0,4.032093585010447
290,98,4.0,3.7325913527283445
290,105,2.0,3.628305175931248
290,118,4.0,4.259768726094244
290,132,3.0,4.100340793112276
290,133,3.0,3.81462555651349
290,143,5.0,3.559288840103489
290,144,3.0,3.763941971687311
290,153,3.0,3.5785065381064967
290,158,5.0,3.6676293378839535
290,161,4.0,3.8620735450626524
290,162,3.0,3.520011658882075
290,164,4.0,4.4447892765034815
290,172,5.0,4.453825468133046
290,193,4.0,3.5998844062697932
290,196,4.0,3.5368174526987426
290,202,4.0,3.781913077655611
290,204,4.0,3.937826045407176
290,205,3.0,3.7711308982250795
290,208,3.0,3.6529731044117355
290,210,5.0,3.8059422293297422
290,216,4.0,3.6595157138496353
290,218,2.0,3.4878240765047055
290,222,4.0,4.266659835857877
290,227,2.0,4.0283949489355235
290,239,2.0,4.005374706731895
290,243,3.0,3.9258538588190475
290,274,4.0,3.855362818389667
290,380,3.0,4.229275764199583
290,393,3.0,3.5844317373418657
290,404,3.0,3.8287132790816907
290,418,3.0,3.922327339844991
290,423,5.0,4.000188095093927
290,429,4.0,3.8782487091953617
290,432,5.0,3.9248547937599456
290,436,2.0,3.5594610543488643
290,449,1.0,4.111107012353482
290,450,2.0,4.062264662881447
290,473,1.0,3.931571157469386
290,474,3.0,3.71955229659458
290,476,3.0,3.740080310520414
290,498,4.0,4.126290794970822
290,515,3.0,3.9350692854216662
290,520,3.0,3.8287461445496596
290,523,3.0,3.628946115261034
290,546,2.0,3.8806715358433443
290,550,3.0,3.769177173389483
290,568,3.0,4.103909631013934
290,588,4.0,3.8912012311891337
290,622,3.0,3.790937798675223
290,625,4.0,3.8303423577399114
290,685,3.0,3.876080467316915
290,699,3.0,3.586015554631798
290,739,3.0,3.7499213646598273
290,742,2.0,3.8726501894225143
290,755,4.0,4.508462385495065
290,818,3.0,3.6426680478881783
290,826,2.0,3.841512295804493
290,832,3.0,4.031621746286325
290,1013,2.0,4.187375497786242
290,1028,3.0,3.7260575351755363
290,1091,2.0,4.007666998169464
290,1336,3.0,4.059674673607631
291,4,4.0,4.449390190180403
291,7,5.0,4.295824525543813
291,15,5.0,3.9387845078388004
291,17,4.0,4.438697689522048
291,24,5.0,4.264487936159844
291,28,4.0,4.364826616771484
291,41,4.0,3.9691017869773737
291,46,4.0,4.004923729264799
291,48,5.0,3.8802338649825403
291,49,4.0,4.084721550178085
291,53,5.0,4.147815837369385
291,54,4.0,4.528434430890903
291,56,5.0,4.05353899810887
291,66,4.0,4.2273761101973095
291,70,4.0,4.112969098561475
291,72,4.0,4.316199688416013
291,77,4.0,4.362312596818654
291,80,4.0,4.133861995327872
291,89,3.0,3.968482376187163
291,92,4.0,4.279922745804305
291,99,4.0,3.971365185566275
291,101,4.0,4.337197205084985
291,106,4.0,4.364018798445276
291,118,2.0,4.5553552122116665
291,122,3.0,4.115441717751099
291,143,3.0,3.836136910984379
291,144,5.0,4.148564141431768
291,147,4.0,4.284294761818281
291,154,4.0,3.840513465874243
291,155,3.0,3.8731380447132455
291,156,5.0,4.033361382195761
291,159,4.0,3.9779049133223556
291,168,5.0,3.791255083665255
291,174,5.0,3.9910085382630984
291,175,2.0,3.9356628808014884
291,179,5.0,3.9795598656404354
291,181,5.0,4.3544246514585785
291,188,3.0,4.129259085220578
291,214,4.0,3.9569567712783646
291,218,4.0,3.895041325484549
291,226,5.0,4.124638110762401
291,237,4.0,4.133018166929188
291,244,2.0,4.221385003165538
291,250,4.0,4.250867644820146
291,273,3.0,4.446464589263605
291,284,4.0,4.165325536801696
291,294,5.0,3.8460032133199347
291,324,1.0,3.8095202947481877
291,356,4.0,4.38737355395144
291,365,3.0,4.021162847072007
291,366,3.0,3.9494699541238276
291,375,1.0,4.021162847072007
291,376,3.0,4.039933899550165
291,379,3.0,3.894220944206901
291,383,2.0,4.291518713530624
291,384,4.0,3.8418968518175842
291,385,4.0,4.443265683443432
291,395,3.0,3.8953984835574733
291,396,4.0,4.1799141139381675
291,401,4.0,4.033497758678127
291,410,5.0,4.121156893458529
291,418,4.0,4.051789246705473
291,421,4.0,4.052249422739437
291,428,5.0,3.8266894726481726
291,455,5.0,4.0206380909330655
291,460,5.0,4.044966081530601
291,466,5.0,3.871843717283253
291,470,3.0,3.8952889160809727
291,471,4.0,4.232381568539568
291,496,5.0,3.8534979900948927
291,501,4.0,4.049764250133202
291,540,3.0,4.011661851725637
291,551,2.0,3.9506304135078048
291,552,3.0,4.09781935901876
291,555,1.0,3.967559748937902
291,558,4.0,4.197541363682292
291,567,5.0,3.9284602411164307
291,571,2.0,4.282859730433648
291,572,3.0,4.245211962206338
291,574,1.0,4.157903786054284
291,578,4.0,4.265975203515466
291,588,4.0,4.044883651253733
291,619,3.0,4.232468602223155
291,627,4.0,3.8009600673098602
291,672,3.0,3.889838172530051
291,686,5.0,4.253181091308347
291,715,5.0,4.278323062416098
291,729,4.0,4.004923729264799
291,732,4.0,4.183340147313553
291,741,5.0,4.411519863848557
291,755,2.0,4.543781412475774
291,769,1.0,4.482261432332991
291,770,4.0,4.144236636454407
291,790,4.0,3.9954989313063263
291,794,4.0,4.18363004882374
291,816,3.0,3.9084188048210553
291,824,4.0,4.0706866132659485
291,834,3.0,4.032457919229179
291,1016,4.0,4.434003897892702
291,1017,4.0,3.98742306365009
291,1028,3.0,4.090017505796254
291,1042,4.0,4.07710485912814
291,1046,4.0,4.032274076230777
291,1078,4.0,3.9916533686241555
291,1083,3.0,4.177293953014961
291,1098,4.0,4.014554663092377
291,1109,4.0,4.1736131709000555
291,1139,3.0,4.446464589263605
291,1157,3.0,4.033942074903236
291,1178,4.0,3.9549901874332996
291,1188,4.0,4.148913117489649
291,1206,3.0,3.9234028017568594
291,1210,4.0,4.307081391073252
291,1213,3.0,4.238330715872667
291,1215,1.0,4.2886508501544816
291,1219,4.0,4.386585584725391
291,1239,2.0,4.312917123969189
291,1244,4.0,3.9726082677501195
291,1253,3.0,4.0866093993121195
291,1273,2.0,4.194966300972476
291,1376,3.0,3.8480032792433208
291,1471,3.0,4.071084409247047
291,1505,4.0,4.029099562349937
292,9,4.0,4.328251916312
292,10,5.0,4.560443206242589
292,11,5.0,4.480326003625339
292,28,4.0,4.711004316215085
292,56,5.0,4.409587050718617
292,79,5.0,4.728067364591272
292,83,5.0,4.493819215374098
292,86,4.0,4.419945648868981
292,100,5.0,4.722561606561723
292,111,4.0,4.52287952760088
292,118,3.0,4.887392606635149
292,124,4.0,4.4861153318949905
292,125,2.0,4.635646423357255
292,127,5.0,4.651943999911475
292,132,4.0,4.623873000549154
292,135,4.0,4.683585186262832
292,144,5.0,4.527939768568627
292,151,5.0,4.410916563616216
292,168,5.0,4.210251043309736
292,173,5.0,4.8131055092902795
292,174,5.0,4.430482984738064
292,176,5.0,4.9710842538638955
292,183,5.0,4.928203356322489
292,190,5.0,4.445447365423725
292,194,4.0,4.49356993788574
292,195,5.0,5.0
292,207,5.0,4.5883502538250704
292,222,3.0,4.861526631629787
292,223,5.0,4.568702603039163
292,226,4.0,4.474233454520296
292,234,5.0,4.4253918322695815
292,252,3.0,4.927280717823563
292,265,4.0,4.526845060233937
292,276,5.0,4.457384573899089
292,285,4.0,4.325340289710874
292,288,3.0,4.51191750997188
292,300,4.0,4.590251277512206
292,320,5.0,4.285200074473042
292,324,3.0,4.295255337884468
292,328,3.0,4.763674565418752
292,343,2.0,4.744094180926156
292,405,3.0,4.624431360065686
292,408,4.0,4.666489523600102
292,423,5.0,4.591265857393444
292,429,5.0,4.661898702185752
292,475,5.0,4.415992278914038
292,479,4.0,4.41746433846608
292,484,5.0,4.349073591362075
292,488,5.0,4.221581157655014
292,510,4.0,4.67287345939187
292,511,5.0,4.413046784647419
292,515,4.0,4.6286876942564765
292,525,5.0,4.356504615628689
292,535,3.0,4.526543511978001
292,589,4.0,4.305502350397787
292,628,3.0,4.5129716574403105
292,653,4.0,4.44676674152673
292,654,5.0,4.415035413856236
292,657,5.0,4.418160224460348
292,659,5.0,4.417971743783638
292,661,5.0,4.209223923987733
292,705,4.0,4.33760986532127
292,855,5.0,4.8346411486594
292,919,5.0,4.744412740990403
292,1010,4.0,4.415992278914038
292,1014,3.0,4.270765709881652
292,1039,4.0,4.415992278914038
292,1050,4.0,4.452118084131822
293,2,3.0,3.7898360267262277
293,5,3.0,3.784947289514339
293,8,3.0,3.7344284358484527
293,12,4.0,3.5710164062705756
293,16,2.0,3.4660785682514588
293,22,3.0,3.830787178578821
293,23,4.0,3.4241591519819385
293,27,3.0,3.3855895553445556
293,31,2.0,3.6408103472163833
293,33,2.0,3.8528026311976924
293,36,1.0,3.6348902934620066
293,39,3.0,3.725053583565492
293,53,3.0,3.494013543905369
293,54,3.0,3.9043752852066236
293,55,4.0,4.000969694393097
293,56,4.0,3.46283587173037
293,64,5.0,3.4589438486708097
293,68,3.0,3.9519151986489067
293,69,3.0,3.657849142014058
293,71,4.0,3.612895860735348
293,76,3.0,3.485290573999166
293,79,3.0,3.7734642149866398
293,82,4.0,3.7348794573916284
293,87,4.0,3.300295772915366
293,91,2.0,3.6553367768997367
293,92,4.0,3.7180963032647942
293,99,3.0,3.3813889658658147
293,124,4.0,3.5130987969522938
293,125,2.0,3.714736538614391
293,132,4.0,3.647653433572424
293,134,5.0,3.2428938801193934
293,135,5.0,3.6058553132778384
293,137,3.0,3.4092989221781393
293,139,3.0,3.456269936892598
293,144,4.0,3.4866531779221606
293,147,2.0,3.6035657054056855
293,148,1.0,3.6336741847770946
293,151,4.0,3.4125798598949837
293,153,4.0,3.311710879630925
293,155,2.0,3.352906115525588
293,156,4.0,3.429971780559733
293,157,5.0,3.5144145510965124
293,158,2.0,3.348698515806125
293,164,4.0,3.9235271693633536
293,166,3.0,3.2546494988263444
293,167,3.0,3.2709908667178627
293,172,5.0,3.989030215884175
293,181,3.0,3.7977000522639455
293,183,4.0,3.769159474230725
293,188,3.0,3.606499371896014
293,194,4.0,3.5194251491109814
293,195,3.0,3.808523924905665
293,202,3.0,3.603964495022044
293,206,4.0,3.6603604234131772
293,208,3.0,3.385172265734408
293,209,3.0,3.548535706329173
293,210,3.0,3.399810869726888
293,215,4.0,3.3120450628334166
293,216,4.0,3.3925942917221876
293,226,1.0,3.5377771013490857
293,227,2.0,3.5547652842015185
293,228,3.0,3.5622865677532274
293,239,3.0,3.745536008068094
293,249,3.0,3.266365562678471
293,251,4.0,3.356026986371333
293,255,3.0,3.499736025208697
293,257,2.0,3.8473606699327068
293,264,3.0,3.6175480290433972
293,280,2.0,3.5917789888239255
293,282,2.0,3.5054584088768523
293,288,3.0,3.5435025205292723
293,293,4.0,3.4343083275512427
293,298,4.0,3.7533586866222244
293,300,2.0,3.5443582384877446
293,322,2.0,3.4179315094464218
293,325,2.0,3.717574251174317
293,328,2.0,3.727294499167715
293,346,3.0,3.4497171079760682
293,347,2.0,3.5339414691850166
293,366,2.0,3.361559036648615
293,380,2.0,3.6845390556269964
293,386,2.0,3.3022211457130046
293,401,1.0,3.4227834081269037
293,405,1.0,3.55176549843268
293,412,1.0,3.4716965355170673
293,414,4.0,3.2661835433155297
293,419,3.0,3.4548066817463234
293,421,3.0,3.4838117370434576
293,423,3.0,3.550602624911387
293,425,4.0,3.2957756113452046
293,426,1.0,3.8885845987317262
293,430,3.0,3.3636356007980273
293,435,4.0,3.4385392978522287
293,443,4.0,3.2953980883533696
293,445,4.0,3.2630074585080417
293,447,4.0,3.18176773808274
293,461,2.0,3.449950997608913
293,464,3.0,3.312445800580486
293,466,3.0,3.260473206613458
293,467,4.0,3.46140363249926
293,471,3.0,3.6600204817411592
293,474,5.0,3.3183395127989868
293,479,4.0,3.356288498254653
293,480,5.0,3.426987079586638
293,484,5.0,3.3349632964292484
293,485,3.0,3.305273680059137
293,496,5.0,3.3012770866364485
293,504,4.0,3.338574582107917
293,514,4.0,3.4372726509141045
293,521,3.0,3.4811384669771828
293,553,3.0,3.6715241343776124
293,554,1.0,3.611639513987868
293,559,2.0,3.473108757642586
293,566,3.0,3.5878461243051554
293,572,2.0,3.5790071285729597
293,583,3.0,3.464623627879474
293,603,5.0,3.3288249028874244
293,605,3.0,3.1697383849700227
293,616,3.0,3.3935904652640447
293,619,1.0,3.595929381611626
293,627,2.0,3.274321165456008
293,629,3.0,3.359626427877973
293,632,3.0,3.309461872651651
293,637,3.0,3.540041682133528
293,642,3.0,3.646352970387501
293,646,3.0,3.1899965328150133
293,647,5.0,3.485472806090552
293,649,4.0,3.581329227481197
293,653,5.0,3.408611354244461
293,654,5.0,3.4318561575821818
293,655,3.0,3.6169536486341856
293,657,4.0,3.4138544754046842
293,665,2.0,3.7586065701550506
293,679,2.0,3.4203796957074704
293,685,3.0,3.5695234770972126
293,705,5.0,3.309801787069304
293,708,3.0,3.3571049838893625
293,710,3.0,3.273799125089969
293,720,1.0,3.994838409461363
293,724,3.0,3.5817438664491004
293,729,2.0,3.431118935770673
293,739,2.0,3.536582051478239
293,747,2.0,3.4963670808444025
293,748,2.0,3.919018408376263
293,751,3.0,3.682008775328426
293,761,2.0,3.5949973552386663
293,770,3.0,3.522821405646187
293,779,1.0,3.3572698073788305
293,781,2.0,3.585905449011963
293,804,1.0,3.3506032040000022
293,843,3.0,3.4490292744705418
293,845,2.0,3.411743958686214
293,849,2.0,3.523020552913795
293,866,3.0,3.714936337768724
293,871,1.0,3.316338072403424
293,924,2.0,3.4779519406074657
293,931,1.0,3.582750019781807
293,943,2.0,3.320992327954297
293,977,2.0,3.589088517693571
293,1011,3.0,3.2918721699411195
293,1017,3.0,3.3606076390627817
293,1042,3.0,3.449128471491069
293,1046,1.0,3.360890369603169
293,1057,2.0,3.584893293713541
293,1098,2.0,3.3570258060807845
293,1101,3.0,3.4615830864681856
293,1132,3.0,3.581427291268733
293,1147,4.0,3.465678873823223
293,1161,2.0,3.6919383901523104
293,1217,1.0,3.3782142657638587
293,1220,2.0,3.3504207983820384
293,1226,3.0,3.4098078251068467
293,1267,3.0,3.435509608330798
294,7,4.0,3.8918266882112516
294,10,3.0,3.7611328688974166
294,24,4.0,4.0406018649336035
294,79,4.0,4.11897921576591
294,105,3.0,3.779181038070971
294,109,4.0,3.8934405719043945
294,118,3.0,4.417563155009286
294,120,2.0,4.031130129738047
294,125,3.0,4.028171596630513
294,127,5.0,4.023451728611016
294,147,4.0,4.115391211005232
294,222,4.0,4.1937390495794835
294,245,3.0,4.538411976454013
294,246,4.0,4.057434380541663
294,248,5.0,3.918182340001327
294,250,5.0,4.2242644076500895
294,260,4.0,4.360848521961678
294,264,2.0,4.144537152720206
294,271,5.0,4.341624081641736
294,282,3.0,3.8925480565064547
294,288,5.0,4.024095094702657
294,299,3.0,4.033552783712929
294,300,4.0,4.188654480020936
294,322,1.0,4.035989931331602
294,325,3.0,4.096694042399944
294,327,3.0,4.0966606572253
294,343,4.0,4.15666757461142
294,346,3.0,3.9877690275022615
294,350,4.0,4.124330645272367
294,355,4.0,4.047720811405984
294,358,2.0,4.538797904274101
294,406,2.0,4.011897085797673
294,411,3.0,4.141912954515312
294,471,4.0,4.018306633113439
294,475,5.0,3.862550079261576
294,483,4.0,3.8242561310565937
294,508,4.0,3.7569453571226124
294,539,4.0,3.950961394433429
294,544,4.0,3.841098483675127
294,547,3.0,3.725145437418983
294,603,5.0,3.7550391519832274
294,676,3.0,3.983616729065747
294,678,2.0,4.179394635049005
294,689,3.0,4.445458422551245
294,742,4.0,4.096694042399944
294,748,3.0,4.516847001092419
294,749,3.0,4.251801604408675
294,751,4.0,4.261749574892788
294,823,3.0,3.9390380875290387
294,825,3.0,4.4336218660998785
294,826,1.0,3.990651970449032
294,876,3.0,4.209504978283817
294,895,4.0,4.037986130195973
294,902,4.0,4.087560136557029
294,926,3.0,3.912555740999843
294,930,3.0,4.2488218501017325
294,931,3.0,3.981776391637842
294,979,3.0,4.047093321709266
294,1007,4.0,3.8131927132469667
294,1013,2.0,4.487832075654031
294,1016,4.0,4.51614691011718
294,1067,4.0,3.8131927132469667
294,1132,4.0,3.9140661350684636
294,1161,3.0,4.193851349888108
294,1199,2.0,3.7177976248415088
294,1245,3.0,3.8549622202948592
295,4,4.0,4.956009942468821
295,7,5.0,4.837244172059341
295,25,5.0,4.68399173802686
295,39,4.0,4.83903191936064
295,42,3.0,4.6277213030948
295,47,5.0,4.738997810482896
295,53,1.0,4.67742330815196
295,67,4.0,4.489702305549218
295,68,4.0,5.0
295,72,4.0,4.875605507280034
295,73,4.0,4.932960796670229
295,82,4.0,4.991515445613115
295,86,5.0,4.673786791654173
295,88,4.0,4.754832056001923
295,94,4.0,4.792385112211058
295,98,5.0,4.683006741551192
295,99,4.0,4.661081358417219
295,102,4.0,4.699269274394945
295,115,5.0,4.42356331051403
295,133,4.0,4.749529852096026
295,142,4.0,4.77007506767627
295,151,4.0,4.6762292600571
295,153,5.0,4.503014823603004
295,154,5.0,4.490140416876959
295,157,5.0,4.700507547134763
295,159,4.0,4.504546008523947
295,162,4.0,4.398880696012208
295,164,5.0,5.0
295,172,4.0,5.0
295,173,5.0,5.0
295,174,4.0,4.577768460301586
295,183,1.0,4.910845519816895
295,190,4.0,4.626351666102622
295,191,5.0,4.589294988839527
295,194,4.0,4.62481309431697
295,210,4.0,4.639231722396933
295,215,5.0,4.478390673776439
295,218,5.0,4.4100573803573235
295,226,4.0,4.667681384771556
295,235,4.0,4.9466674768156
295,241,5.0,4.971533242867276
295,290,4.0,4.417408435078078
295,318,5.0,4.741330610505114
295,371,4.0,4.711121072182356
295,378,4.0,4.506189396393455
295,380,4.0,5.0
295,389,4.0,4.814483765525311
295,395,4.0,4.491042223605339
295,401,3.0,4.534417355915399
295,404,4.0,4.634788817661005
295,405,5.0,4.783070725315326
295,412,2.0,4.592454669618196
295,414,4.0,4.487750330028237
295,419,4.0,4.762239290818485
295,423,4.0,4.80533249692874
295,435,5.0,4.605008388367552
295,450,4.0,4.852962773287861
295,483,5.0,4.747175117330244
295,485,4.0,4.563201173703909
295,493,5.0,4.486771014142752
295,496,5.0,4.494344071612503
295,498,5.0,4.95685283492947
295,504,4.0,4.489260415645376
295,570,3.0,4.486213378527406
295,588,4.0,4.778754725445124
295,602,5.0,4.677639460597475
295,624,5.0,4.8319011840225885
295,642,4.0,4.750864031316177
295,648,4.0,4.738967494796759
295,655,5.0,4.866173186042588
295,704,5.0,4.861178530600863
295,722,4.0,4.5180279968028705
295,727,5.0,4.778457103893823
295,736,5.0,4.881759832671256
295,737,5.0,4.852108035936969
295,739,4.0,4.688221422506773
295,747,4.0,4.7012057463217385
295,812,4.0,4.890209122645202
295,843,4.0,4.69206401610962
295,946,2.0,4.664570915355759
295,961,5.0,4.602822665505026
295,966,5.0,4.52999545161482
295,997,3.0,4.446269408514679
295,1028,5.0,4.666532447457785
295,1039,4.0,4.557006477035362
295,1040,2.0,4.905235461521662
295,1115,5.0,4.962216088907622
295,1133,4.0,4.689458181959996
295,1135,4.0,4.798068232244133
295,1170,5.0,4.735780855583919
295,1188,3.0,4.746141103890126
295,1221,5.0,4.528883022905939
295,1401,5.0,4.5363441065554735
295,1446,4.0,4.472770032163706
295,1459,5.0,4.460210917314559
295,1503,2.0,4.61370570720138
296,10,2.0,4.713970432838817
296,14,4.0,4.6881277752835615
296,15,3.0,4.490367094778549
296,20,5.0,4.701830012589605
296,22,4.0,4.933672250745652
296,24,2.0,4.656122684020958
296,32,4.0,4.346804381345156
296,45,5.0,4.525575875633951
296,48,5.0,4.328621964689208
296,56,5.0,4.576816434644741
296,83,5.0,4.661651863234501
296,89,5.0,4.457713960638191
296,96,5.0,4.585182214606577
296,98,5.0,4.668776939847736
296,117,3.0,4.9821259987642925
296,121,5.0,4.792838717910289
296,124,5.0,4.790174649847329
296,134,5.0,4.39902212114687
296,151,2.0,4.531102937016064
296,172,5.0,5.0
296,179,4.0,4.457003217446489
296,204,5.0,4.578096153493847
296,210,3.0,4.450989268307506
296,222,5.0,4.75004826216224
296,228,4.0,4.582869517129296
296,238,4.0,4.375130545337149
296,240,1.0,4.532950601443586
296,242,4.0,4.6757422960191315
296,248,5.0,4.595621884980575
296,255,2.0,4.684502503304201
296,258,5.0,4.879871276133543
296,268,4.0,4.868204033057916
296,269,5.0,4.742603988301023
296,272,5.0,4.5710880757715735
296,274,4.0,4.724926220531275
296,275,4.0,4.709681091350899
296,277,5.0,4.556363325885416
296,279,4.0,4.408200082186717
296,281,2.0,4.665645743850429
296,284,4.0,4.737239213575714
296,286,5.0,4.999924850384191
296,292,5.0,4.660852869998227
296,298,1.0,4.79381187448175
296,309,1.0,4.599241702393865
296,427,5.0,4.417766087529553
296,429,5.0,4.656401010425997
296,435,5.0,4.493239504165037
296,455,1.0,4.563751168645929
296,475,4.0,4.723059640977281
296,482,5.0,4.5380189774526745
296,484,4.0,4.448920083430014
296,485,5.0,4.426782345612024
296,504,5.0,4.5499541597474975
296,508,5.0,4.556790001553338
296,510,5.0,4.694239228046698
296,544,4.0,4.750486804198689
296,652,4.0,4.540869834093465
296,654,5.0,4.5243446131002
296,685,4.0,4.707438739345742
296,705,5.0,4.437683095005294
296,750,5.0,4.660852869998227
296,815,3.0,4.855329625365172
296,845,5.0,4.650181206517869
296,846,2.0,4.7221209149217485
296,855,5.0,4.959308429306668
296,923,5.0,4.3895389434286525
296,948,1.0,4.803221595783403
296,950,4.0,4.556363325885416
296,961,5.0,4.510262410789508
296,963,5.0,4.595411021449181
296,1009,3.0,4.621757209857514
296,1073,5.0,4.369133790032433
296,1142,5.0,4.544253986645404
297,7,4.0,3.928441953060818
297,12,5.0,3.874797825119872
297,20,4.0,3.8296497761152453
297,22,4.0,4.055546002564458
297,24,4.0,3.919270538278405
297,25,4.0,3.8749101366681575
297,31,3.0,3.8881813304047013
297,47,2.0,3.782944125858156
297,50,5.0,4.125309664257178
297,56,5.0,3.7160361311022694
297,57,5.0,3.6553247291855935
297,70,5.0,3.8355492192120426
297,73,2.0,3.9630170744953768
297,79,3.0,4.041246272009949
297,86,5.0,3.686981181499193
297,89,4.0,3.690098373186488
297,95,3.0,3.942313081374503
297,97,5.0,3.7127433669172936
297,98,5.0,3.8005113942041233
297,102,1.0,3.773284379039662
297,108,4.0,3.6107911456824167
297,116,4.0,3.6003426475812095
297,118,3.0,4.161409141764153
297,128,4.0,3.895958099059449
297,129,4.0,4.247695481044337
297,133,4.0,3.81262639130686
297,135,4.0,3.8841973636153715
297,137,5.0,3.6781426024693613
297,143,5.0,3.550579105162381
297,157,2.0,3.749404156429212
297,173,4.0,4.085815172653083
297,175,4.0,3.652907702177329
297,176,4.0,4.073580117078064
297,182,3.0,3.70105592378676
297,183,4.0,4.061180361116408
297,194,3.0,3.779996555200753
297,195,1.0,4.084625662205786
297,197,3.0,3.8320457927353146
297,198,3.0,3.5395091762153137
297,201,4.0,3.910651920230279
297,202,3.0,3.8383125581990325
297,204,3.0,3.8536312567284607
297,209,4.0,3.7811330836180232
297,216,4.0,3.7005493777613525
297,218,3.0,3.535463669915874
297,222,4.0,4.047331669509497
297,223,5.0,3.8780495067285714
297,231,3.0,3.9890561089925853
297,233,2.0,3.6464270765960074
297,234,3.0,3.7475417394306167
297,235,2.0,4.067704179694779
297,238,5.0,3.5363588350010478
297,245,3.0,4.328145856802529
297,250,1.0,3.997999207869818
297,257,3.0,4.183136959293254
297,267,3.0,3.4086021505376345
297,269,4.0,3.938604830088078
297,272,5.0,3.665367982783387
297,273,4.0,4.086004145635139
297,275,5.0,3.824131048002646
297,277,3.0,3.674428477003454
297,282,3.0,3.759417897865759
297,286,5.0,4.038571685283571
297,293,3.0,3.7733559232932494
297,300,3.0,3.930627503061868
297,301,4.0,3.8354181251648125
297,307,4.0,4.060372374288908
297,326,2.0,3.902006867293044
297,423,3.0,3.8171706464423307
297,432,4.0,3.7512489456471
297,435,3.0,3.706667316037429
297,443,2.0,3.6333549734002855
297,448,3.0,3.6536846147424504
297,471,3.0,3.903434689373119
297,475,5.0,3.718069656006441
297,480,4.0,3.7238663918116073
297,515,5.0,3.8842231908280413
297,574,1.0,3.903253653268396
297,588,4.0,3.72851077023537
297,596,3.0,3.8466239838391036
297,625,3.0,3.734831918347545
297,628,4.0,3.8483979066406557
297,629,3.0,3.661394733999631
297,652,3.0,3.680121763868033
297,678,3.0,4.000499929899626
297,687,2.0,3.846925386781356
297,692,3.0,4.07131979763936
297,699,4.0,3.6054337816693947
297,705,2.0,3.618014608197577
297,716,3.0,3.840328305796184
297,736,4.0,3.8768784179167066
297,742,3.0,3.9841764186200668
297,748,2.0,4.3237499491259355
297,864,3.0,3.667863644884923
297,1007,4.0,3.6708013128230386
297,1014,3.0,3.6331299459985886
297,1016,3.0,4.196852355269302
297,1217,1.0,3.679267254851194
297,1296,4.0,3.8416385698288558
298,8,5.0,4.807592953556321
298,28,4.0,4.739519546413611
298,69,4.0,4.732626412208555
298,71,5.0,4.750755600873091
298,91,2.0,4.772334400865149
298,98,4.0,4.6100561600351835
298,99,3.0,4.516818857558799
298,144,4.0,4.542792297661195
298,151,3.0,4.559877293669494
298,152,3.0,4.589636075497071
298,172,4.0,5.0
298,178,5.0,4.331711817286962
298,181,4.0,4.919825717559228
298,185,3.0,4.557857173618876
298,195,4.0,4.780259979851559
298,197,4.0,4.712416715348777
298,200,3.0,4.404070196948741
298,202,3.0,4.6150700046837665
298,203,3.0,4.264377169741267
298,213,3.0,4.592293514693829
298,237,5.0,4.6362347467613505
298,252,4.0,4.772969043728649
298,261,4.0,4.55004506526337
298,274,3.0,4.699138046444823
298,281,3.0,4.678334113897898
298,286,4.0,4.908810214453815
298,311,3.0,4.795530288700336
298,317,4.0,4.442536772458523
298,418,4.0,4.62296689078926
298,432,4.0,4.6251239631658
298,465,4.0,4.814071582975005
298,473,3.0,4.646488560448505
298,474,4.0,4.402424571373767
298,477,4.0,4.704659857351599
298,486,3.0,4.577581530988772
298,496,5.0,4.37488019062655
298,498,5.0,4.854652763131439
298,502,5.0,4.5811806029668976
298,503,4.0,4.493243234348607
298,507,4.0,4.374030943751793
298,596,3.0,4.714306388452126
298,625,4.0,4.554321628172632
298,651,5.0,4.875981816803649
298,652,3.0,4.530086154937484
298,660,3.0,4.3158474415589145
298,842,4.0,4.669268941757266
298,993,4.0,4.923046574547905
298,1142,4.0,4.394161518721429
298,1346,3.0,4.34897743220783
299,13,4.0,3.7578245758854734
299,14,4.0,4.056012451907514
299,17,1.0,4.08264026931459
299,24,3.0,3.883229521866138
299,26,4.0,3.8686421248322302
299,32,3.0,3.7250434090985363
299,50,4.0,4.121414449152469
299,52,4.0,3.824437246694317
299,56,4.0,3.873862173155164
299,59,5.0,3.7918446461499435
299,67,2.0,3.706638827541584
299,70,3.0,4.056651489055009
299,71,3.0,4.0652762076944216
299,73,2.0,4.080369532143857
299,86,4.0,3.8748371037056195
299,95,3.0,4.12714721086055
299,100,3.0,4.150227914888863
299,101,2.0,4.008400383477786
299,111,3.0,4.017169631395884
299,115,3.0,3.684837417976607
299,127,5.0,4.009104548197318
299,134,4.0,3.6397063509726912
299,135,4.0,3.965121056219921
299,136,4.0,3.6127485073613816
299,137,4.0,3.773320607073087
299,143,3.0,3.667240088093604
299,144,4.0,3.797599999828601
299,150,5.0,4.117344474033722
299,151,4.0,3.817543039899661
299,168,4.0,3.638365432690069
299,170,5.0,4.112279079211153
299,173,5.0,4.158732778299859
299,174,4.0,3.7023194932074457
299,175,5.0,3.7807373718358583
299,176,4.0,4.065644994263853
299,181,3.0,4.0996502703337185
299,182,3.0,3.9189509906790243
299,186,3.0,4.007862294492066
299,198,4.0,3.667685617792242
299,208,4.0,3.79464558480326
299,210,4.0,3.699324705923957
299,216,5.0,3.84538403375522
299,222,2.0,3.9547924708631323
299,229,3.0,3.839392447746049
299,235,1.0,4.1037781436007865
299,238,4.0,3.6732718640011774
299,240,2.0,3.78461867458492
299,257,2.0,4.1660218074927045
299,270,4.0,4.191564197336492
299,271,3.0,4.050702238681447
299,276,4.0,3.9191910633237175
299,278,3.0,3.9955513453816303
299,285,5.0,3.71488875639524
299,286,4.0,4.18340756065542
299,294,2.0,3.723532457292677
299,297,3.0,3.783657487567128
299,303,3.0,3.783657487567128
299,305,3.0,3.857268173893143
299,318,4.0,3.9105526495017635
299,333,4.0,4.004028467571509
299,343,3.0,3.9484809385451127
299,347,4.0,4.0193706869769725
299,367,4.0,3.8330198250935092
299,378,3.0,3.7092407810137513
299,387,2.0,3.8438253649629406
299,393,2.0,3.7802540385489474
299,418,4.0,3.930460567216738
299,423,3.0,3.9417285349199203
299,433,5.0,3.726636720834791
299,462,5.0,3.781861603282133
299,475,4.0,3.79684058066249
299,479,4.0,3.739701085799253
299,482,4.0,3.82570317247522
299,485,4.0,3.74943079452363
299,496,3.0,3.6866612995932257
299,501,3.0,3.9087286249677518
299,509,4.0,3.655289685616221
299,511,4.0,3.675117098155681
299,516,4.0,3.655336199069992
299,522,3.0,3.9971947688343965
299,543,5.0,3.941701595685641
299,546,3.0,3.8537762295923836
299,553,3.0,4.093102254326477
299,577,3.0,4.115929979798862
299,582,2.0,4.2420445113380225
299,588,4.0,3.9380573342241467
299,602,3.0,3.8715577927645377
299,607,4.0,3.845588646975889
299,615,4.0,3.6738790996650206
299,641,4.0,3.8005108090430144
299,645,4.0,3.6718375559598453
299,655,3.0,4.016538661324735
299,662,4.0,3.9994825532848854
299,702,4.0,4.204280070882081
299,710,4.0,3.72284212555811
299,715,4.0,4.143833967025349
299,724,3.0,4.006313806774893
299,739,3.0,4.044500530952527
299,742,4.0,4.043382785176141
299,752,3.0,3.879526713089553
299,778,4.0,4.126808888015405
299,847,4.0,3.8008027118223593
299,889,3.0,3.826114895978103
299,916,3.0,3.973444498739358
299,919,3.0,3.9425450029265083
299,921,3.0,4.007098349653575
299,936,4.0,4.404248946198322
299,950,2.0,3.7902542668338333
299,954,3.0,3.69559443039366
299,955,4.0,4.13062573375138
299,959,2.0,3.7659583517441266
299,971,2.0,3.9865538851408493
299,998,2.0,3.7870583534877644
299,1018,3.0,3.6489878077553226
299,1020,4.0,3.7329705761511716
299,1021,3.0,3.6420271991396884
299,1039,4.0,3.79684058066249
299,1047,2.0,3.8395680235697136
299,1073,4.0,3.6950328020515033
299,1074,3.0,3.996106241798899
299,1119,4.0,3.901330586234769
299,1132,1.0,4.000594660164873
299,1141,4.0,3.83707542936777
299,1214,2.0,3.6488833097834075
299,1227,1.0,3.8527154177327834
299,1322,3.0,3.7300600561090675
300,100,3.0,4.148172846210748
300,243,4.0,4.265690626760458
300,257,4.0,4.420181880654994
300,261,3.0,4.241302753831228
300,322,4.0,4.136577224313535
300,328,3.0,4.2860012001809
300,872,5.0,4.11835402043302
300,948,4.0,4.332353485965917
301,1,4.0,4.099849286895115
301,2,2.0,4.436903813549785
301,7,4.0,4.19924110825033
301,8,4.0,4.20210518552582
301,9,3.0,3.7788505522784095
301,11,4.0,3.9593526769888006
301,22,4.0,4.314820887630987
301,25,3.0,4.0438046058372885
301,31,3.0,4.0609148858974065
301,33,4.0,4.364300872820403
301,53,1.0,4.035799271194623
301,54,3.0,4.377936871827465
301,56,4.0,3.9034456304898884
301,58,4.0,3.841764976282336
301,66,4.0,4.06686449022553
301,67,2.0,3.752472878673432
301,77,3.0,4.175384137574702
301,79,5.0,4.322392027545199
301,88,4.0,3.9535437060529888
301,89,2.0,3.933200495203438
301,95,5.0,4.271661575773797
301,96,5.0,4.1998943737538275
301,98,4.0,4.002294762920119
301,99,4.0,3.921366419322799
301,105,3.0,3.8070476581128565
301,120,2.0,4.082654489626668
301,123,4.0,4.160811766490679
301,138,2.0,3.9437456917170026
301,151,2.0,3.988339894407985
301,152,3.0,4.0584542279606985
301,153,3.0,3.7992611465085595
301,154,4.0,3.7428813612845016
301,159,3.0,3.883777737454186
301,160,2.0,3.750371626577133
301,161,3.0,4.090912174641659
301,164,3.0,4.586468094667159
301,168,4.0,3.690136692411885
301,172,5.0,4.559170278062515
301,173,4.0,4.360491697607242
301,174,5.0,3.9624735314023893
301,176,4.0,4.43192684915093
301,179,3.0,3.936183309648755
301,180,3.0,3.8911091108554627
301,182,5.0,3.948296264583096
301,184,4.0,4.5162827050012995
301,187,4.0,4.12534224700893
301,191,3.0,3.843520619330574
301,194,4.0,3.9762787092239784
301,199,4.0,3.8777759726424756
301,201,4.0,4.209775540811252
301,202,5.0,3.997360375890082
301,204,5.0,4.088183353363041
301,215,5.0,3.723239814613392
301,216,4.0,3.803657694744084
301,222,4.0,4.3612794214563175
301,227,3.0,4.149714068227755
301,229,3.0,4.138933759911377
301,230,4.0,4.17296647999655
301,231,2.0,4.3563795404199475
301,239,2.0,4.260820904487015
301,241,3.0,4.358864552098473
301,252,3.0,4.398664505197286
301,269,5.0,3.991455106645024
301,273,1.0,4.334343098937851
301,276,1.0,3.8772405369170255
301,281,4.0,4.223840520437932
301,300,4.0,4.104102077886607
301,333,4.0,4.050573742582956
301,357,5.0,3.719642366823706
301,380,4.0,4.318534368574708
301,384,5.0,3.716637848859033
301,385,3.0,4.412031595371213
301,395,1.0,3.751086082883876
301,401,4.0,3.8862603676150234
301,407,2.0,3.8825043836639805
301,410,4.0,3.9081032242560987
301,411,1.0,4.326653267174095
301,419,3.0,3.995884138212362
301,423,1.0,4.0502215035610485
301,427,4.0,3.6869926178290013
301,443,4.0,3.7933430042667426
301,456,3.0,3.994088327361328
301,470,4.0,3.7693898873211644
301,483,4.0,3.988366971359008
301,496,5.0,3.7454131243174444
301,511,4.0,3.8508794746740866
301,514,3.0,3.864129366864947
301,515,3.0,4.11607649377828
301,519,4.0,3.7616906546723055
301,523,4.0,3.826836485379874
301,552,3.0,3.98717257761483
301,554,3.0,4.22753231139568
301,566,3.0,4.199393775494932
301,582,2.0,4.124118616224862
301,597,3.0,4.28072979088425
301,604,4.0,3.7065193171136555
301,606,3.0,3.718102983605941
301,610,3.0,3.6895467746695965
301,631,1.0,4.358960027209976
301,651,5.0,4.206736236724639
301,660,4.0,3.7040114966489046
301,673,4.0,3.83354354000937
301,684,3.0,4.256386526427998
301,686,4.0,4.163750118022948
301,692,3.0,4.19811849197301
301,710,3.0,3.7053930604328587
301,719,4.0,3.972179917745126
301,732,4.0,4.0505399519936445
301,737,2.0,4.068282830454642
301,743,2.0,4.138805267603999
301,756,4.0,3.777981197140461
301,771,2.0,4.357834362086876
301,772,3.0,3.8328010829190844
301,790,4.0,3.8023912453365787
301,831,4.0,4.4349204331958685
301,849,4.0,4.051108206021296
301,864,4.0,3.828634599541745
301,871,4.0,3.783049105037979
301,1012,4.0,3.9520965910368173
301,1028,5.0,3.928198466040347
301,1035,4.0,3.7925351665223626
301,1091,3.0,4.085332069508533
301,1112,4.0,3.841764976282336
301,1228,4.0,3.8179171064456465
302,245,2.0,3.2922622497291263
302,258,3.0,3.201036188344581
302,270,2.0,3.2998470611633
302,299,2.0,2.9406932481919275
302,303,2.0,2.8611767002036017
302,307,4.0,3.0111049183392478
302,309,2.0,2.9826749068502627
302,322,2.0,3.0547698990144263
302,323,2.0,3.0671914473809103
302,328,3.0,3.245402069663862
302,879,2.0,3.3071846590568663
303,9,5.0,3.623166471677264
303,15,3.0,3.62617424225298
303,24,3.0,3.9331782919905915
303,26,4.0,3.783812922336081
303,31,3.0,3.856379071749806
303,38,1.0,4.047464338658261
303,42,5.0,3.730294961488358
303,43,3.0,3.9134780630968478
303,44,4.0,3.792567495810889
303,49,2.0,3.798487068544398
303,55,4.0,4.181347164786838
303,62,2.0,4.1395865073466105
303,65,4.0,3.758402107538576
303,67,5.0,3.5741075201092998
303,68,4.0,4.175154339366556
303,69,5.0,3.8765751682274727
303,79,5.0,4.036598386753873
303,80,4.0,3.802006574488824
303,87,3.0,3.5462171418046116
303,91,5.0,3.969235752880642
303,94,3.0,3.7883143775754538
303,96,5.0,3.8921234682585224
303,99,4.0,3.667974543347338
303,118,2.0,4.157346664177838
303,120,2.0,3.9466477502365023
303,122,4.0,3.795138339259528
303,125,2.0,3.948366546677514
303,129,5.0,4.177169238230776
303,134,5.0,3.49671901305332
303,139,3.0,3.746437458814168
303,141,3.0,3.8285945320272083
303,145,1.0,4.095314987846791
303,152,4.0,3.8258201811874786
303,153,5.0,3.5923103005446357
303,158,3.0,3.5940135386785395
303,159,3.0,3.653480489036244
303,160,4.0,3.5130638990504193
303,161,5.0,3.7635952121717717
303,164,4.0,4.180531065273161
303,167,3.0,3.514428477436044
303,172,5.0,4.168448623949825
303,176,5.0,4.017063868272937
303,179,5.0,3.6730182651151964
303,181,5.0,4.021724671667418
303,182,5.0,3.6893272560308477
303,183,5.0,4.040220947487696
303,184,5.0,4.176058848541014
303,185,5.0,3.7435619957176547
303,186,4.0,3.89386705802162
303,194,5.0,3.7712378419793304
303,200,4.0,3.565956939264686
303,201,5.0,3.9169609325635726
303,202,5.0,3.843568658504051
303,203,5.0,3.5104655996932204
303,208,5.0,3.664520326357136
303,209,5.0,3.808828547792899
303,210,4.0,3.6635104053142675
303,218,4.0,3.5648407839598573
303,219,5.0,3.5338876710691984
303,226,4.0,3.761738972808231
303,229,3.0,3.8218288759289276
303,231,4.0,3.990713129793784
303,232,4.0,3.799025733061346
303,233,4.0,3.6412263143565426
303,234,5.0,3.693951103972335
303,235,4.0,4.0953334092236595
303,237,5.0,3.817879837433895
303,245,3.0,4.228305268240714
303,248,2.0,3.702278846574113
303,249,4.0,3.569538384865149
303,252,3.0,4.061105231884682
303,257,4.0,4.175130506000594
303,260,3.0,4.067900578557236
303,262,5.0,3.603347530829656
303,268,5.0,3.785997337096265
303,273,3.0,4.080519847001355
303,276,4.0,3.73843545312812
303,277,3.0,3.7190303695229137
303,286,5.0,3.963456797292415
303,288,4.0,3.866202987673762
303,291,3.0,3.6936873979965954
303,294,4.0,3.5786107096201603
303,300,1.0,3.8347858606796827
303,302,4.0,3.7973469470781436
303,318,5.0,3.727270436182063
303,323,1.0,3.841739319163746
303,325,1.0,3.9835007762485697
303,326,2.0,3.81284906011481
303,327,1.0,3.8272626769691898
303,330,3.0,3.646530497989958
303,358,2.0,4.237178108773357
303,364,2.0,3.59864782112909
303,366,3.0,3.641740953171052
303,367,4.0,3.775473723864815
303,369,1.0,3.708048494657219
303,373,2.0,4.050675800286774
303,376,2.0,3.730294961488358
303,384,3.0,3.532619637536216
303,391,1.0,3.886759708947599
303,393,4.0,3.616335332442659
303,396,4.0,3.8612641724863397
303,397,1.0,3.6203238752499844
303,398,1.0,4.028063121171403
303,404,4.0,3.6662387695501786
303,408,4.0,3.987365488085023
303,410,4.0,3.8043229691403333
303,411,4.0,4.105563895189567
303,416,3.0,3.660878486933641
303,418,4.0,3.7600593582535287
303,421,4.0,3.7396474465149336
303,426,3.0,4.133982944624979
303,430,4.0,3.6155310149807334
303,433,4.0,3.5800593760066493
303,435,5.0,3.6912994677883475
303,436,4.0,3.5443724804356385
303,449,4.0,3.854313747297853
303,450,3.0,3.8266206571562824
303,451,5.0,3.8107920082661466
303,452,2.0,3.653144320597029
303,460,4.0,3.740659549586572
303,462,3.0,3.596563644526152
303,473,4.0,3.8208631035650957
303,476,3.0,3.811593819450404
303,480,4.0,3.7011235818732744
303,483,5.0,3.731761127053111
303,506,4.0,3.4747126616765422
303,507,5.0,3.54482313137536
303,531,4.0,3.948366546677514
303,541,3.0,3.851045658312633
303,545,2.0,3.856988747227563
303,549,3.0,3.8608456987354094
303,551,2.0,3.5923147934978874
303,558,4.0,3.8218352457748153
303,568,4.0,4.108931125710386
303,574,1.0,3.8030752123352087
303,576,3.0,3.9836372365216866
303,578,2.0,3.9308584336319536
303,582,4.0,3.955459029616182
303,591,4.0,3.887115684391269
303,651,5.0,3.879190996033575
303,654,5.0,3.707955876039364
303,685,1.0,3.8895851956926952
303,693,4.0,3.7190303695229137
303,697,3.0,3.7316135347346613
303,700,3.0,3.6734035062327375
303,705,5.0,3.5714960414806622
303,716,2.0,3.8166177855511516
303,722,2.0,3.775473723864815
303,729,3.0,3.6741467073799234
303,735,4.0,3.6521312760029794
303,738,2.0,3.9408452761914052
303,739,5.0,3.733941011377682
303,742,4.0,3.9835007762485697
303,748,2.0,4.153244892606418
303,755,2.0,4.224678190314213
303,759,1.0,3.6979943785530214
303,763,4.0,3.6950113522051664
303,765,3.0,3.835502769888914
303,778,4.0,3.9115833790457746
303,779,1.0,3.6430855087295644
303,785,3.0,4.3260144362541455
303,792,5.0,3.6409210646364207
303,809,2.0,3.9152917569035512
303,815,3.0,3.8717636672766615
303,820,3.0,4.011764909066236
303,825,3.0,4.2878291948598495
303,840,2.0,3.95618920070321
303,842,2.0,3.8451102081502024
303,844,3.0,3.702488307905393
303,849,3.0,3.724394527772049
303,867,3.0,3.773207768050441
303,919,4.0,3.945638148532224
303,926,2.0,3.8043229691403333
303,940,2.0,3.730294961488358
303,948,2.0,3.9155027743351116
303,998,3.0,3.6644889145822295
303,1007,5.0,3.698740006175451
303,1011,2.0,3.6016861692324675
303,1012,4.0,3.810909312122705
303,1014,3.0,3.5791560471986124
303,1016,3.0,4.101323581624161
303,1021,4.0,3.478545530219275
303,1037,3.0,3.8086671195028248
303,1047,2.0,3.8043229691403333
303,1048,4.0,4.236679696173572
303,1071,2.0,3.7138263934834757
303,1088,2.0,3.6222902695765495
303,1090,1.0,3.645664957219175
303,1095,2.0,3.6233809189345463
303,1098,4.0,3.6950113522051664
303,1109,4.0,3.8136354350429906
303,1118,3.0,3.5580650926806974
303,1160,2.0,3.608658490735432
303,1178,2.0,3.6409210646364207
303,1187,4.0,3.464834328105835
303,1188,4.0,3.78720900974431
303,1199,3.0,3.7115859157759292
303,1210,1.0,3.95822868615148
303,1222,3.0,3.6686111960927823
303,1224,2.0,3.803899002861838
303,1226,4.0,3.693838623434765
303,1239,1.0,3.997765115652238
303,1258,2.0,3.7992996991845964
303,1267,3.0,3.7190303695229137
303,1286,4.0,3.746251657925136
303,1303,3.0,3.8488910802755925
303,1315,3.0,3.7457665936341504
303,1508,1.0,4.064042277334769
304,237,5.0,3.8435828011987754
304,259,1.0,3.9642672519523647
304,271,4.0,3.995376902682356
304,275,4.0,3.781506282477623
304,288,3.0,3.978788925231278
304,298,5.0,4.036879164585697
304,310,3.0,3.988528762726321
304,322,4.0,3.9290251860927445
304,343,3.0,3.9234137392878212
304,681,2.0,3.8970719369325604
304,682,3.0,3.9591241993101343
304,742,3.0,3.9171114259941593
304,893,3.0,3.830339385620763
305,7,4.0,3.993791921592207
305,11,1.0,3.778147162748616
305,14,4.0,3.944395164269582
305,15,1.0,3.6166287545346187
305,50,5.0,4.130988685100831
305,52,2.0,3.7577569496026375
305,56,1.0,3.7660129840665757
305,61,4.0,3.739936055660259
305,71,3.0,3.851839849951043
305,76,1.0,3.78080027041251
305,79,3.0,4.126499397832684
305,81,3.0,4.0008916000062715
305,83,3.0,4.054753760687824
305,87,1.0,3.670479291936323
305,98,4.0,3.8859850170532244
305,100,3.0,4.005906631136793
305,117,2.0,4.159392619966811
305,129,3.0,4.189717841206561
305,131,3.0,3.7298007300972964
305,134,5.0,3.5736912457019208
305,151,4.0,3.694783267696044
305,154,4.0,3.6291982866092507
305,156,4.0,3.7071528643514093
305,169,5.0,3.840542614602847
305,174,3.0,3.6619542136408594
305,175,4.0,3.648313679546148
305,178,4.0,3.5735935780694428
305,183,4.0,4.068200114739465
305,186,4.0,3.9227861124242795
305,187,4.0,3.8949305949093196
305,188,2.0,3.8963615222817096
305,189,5.0,3.7972546036979637
305,190,3.0,3.8163238434538123
305,192,2.0,3.5975542438367825
305,201,3.0,3.8752828626513995
305,203,4.0,3.546055164879323
305,204,2.0,3.8596971927025145
305,207,5.0,3.932623920157209
305,209,5.0,3.8897817852171803
305,210,3.0,3.7238523432150776
305,212,3.0,3.715889343388937
305,214,2.0,3.792695036044955
305,216,5.0,3.7343589261025896
305,237,2.0,3.858038112825813
305,238,3.0,3.5823511175561964
305,239,3.0,3.9877805286781762
305,245,1.0,4.294240521562102
305,246,3.0,3.883318905914191
305,249,3.0,3.6182319172843
305,257,2.0,4.136724600943138
305,258,4.0,4.050782290023159
305,268,3.0,3.883318905914191
305,272,3.0,3.668929819864674
305,289,4.0,3.848583310213969
305,298,4.0,4.057940844952116
305,302,4.0,3.8587990445365525
305,305,3.0,3.845776216240248
305,338,3.0,3.7455119484466497
305,347,3.0,3.862447034804361
305,357,5.0,3.5511676709982196
305,385,1.0,4.161731993980572
305,403,2.0,4.025114882548916
305,405,3.0,3.8544008373110517
305,423,4.0,3.806242067629557
305,425,4.0,3.6189557459262582
305,427,5.0,3.5666369613565903
305,451,3.0,3.847864867931702
305,471,4.0,3.9727924106824943
305,482,2.0,3.713050111960186
305,483,5.0,3.9367841000137025
305,511,4.0,3.649646887512884
305,512,4.0,3.936951790528626
305,527,5.0,3.6261241647343847
305,529,5.0,3.557483644783367
305,530,5.0,3.6130083824237964
305,550,3.0,3.7904953928494267
305,557,4.0,3.7417042475316693
305,602,3.0,3.7562557985677016
305,610,3.0,3.5372648691061017
305,638,5.0,3.6306764862838583
305,654,4.0,3.8066744664419327
305,655,4.0,3.9211325939450017
305,660,4.0,3.587110322363325
305,679,3.0,3.689743176145007
305,733,3.0,4.083006042842113
305,778,4.0,3.9323733147979834
305,806,3.0,3.90711141824183
305,856,5.0,3.805944190279866
305,921,5.0,3.9229693571681143
305,923,5.0,3.5966948261676093
305,943,2.0,3.6609383139555045
305,947,4.0,3.8027736979009954
305,960,1.0,3.820397709519197
305,1101,4.0,3.839265032078961
305,1104,4.0,3.708263034907511
305,1411,3.0,3.777125983769293
305,1456,4.0,3.77597621819677
306,13,4.0,3.573659723977264
306,14,5.0,3.6696377307886956
306,25,3.0,3.853334931416201
306,100,4.0,3.8429368605461955
306,116,5.0,3.5315166609906576
306,150,5.0,3.8866358001499846
306,235,4.0,3.855674993344457
306,242,5.0,3.785742868174737
306,269,5.0,3.7480280457513526
306,275,4.0,3.772460839526861
306,287,4.0,3.7212272787942364
306,306,5.0,3.58220865696493
306,319,4.0,3.965832494426219
306,476,3.0,3.743322873436154
306,744,4.0,3.813573903743642
306,864,3.0,3.672933178609003
306,1009,4.0,3.7150298506782367
307,21,4.0,4.317399080106874
307,22,3.0,4.277192168158695
307,24,4.0,4.200140191459791
307,71,5.0,4.157292529532045
307,81,5.0,4.123022961138907
307,82,4.0,4.528248722651156
307,89,5.0,4.099354157543418
307,91,4.0,4.15463396569025
307,94,3.0,4.012852677428348
307,100,3.0,4.074009809424189
307,101,3.0,4.4451856097691635
307,114,5.0,3.7797057928307387
307,143,3.0,3.8093123351183187
307,145,4.0,4.488432675353642
307,153,5.0,3.830923296092827
307,154,5.0,3.8322868300200654
307,169,5.0,4.002139946256573
307,173,5.0,4.380599790827912
307,174,4.0,3.9786379252702586
307,175,4.0,4.103950389694711
307,183,3.0,4.423478735606014
307,186,5.0,4.213568314107814
307,189,4.0,3.9887731739713885
307,193,3.0,3.9001344746099145
307,195,3.0,4.510511992335922
307,197,4.0,4.037609698691888
307,214,5.0,4.010913435920178
307,229,5.0,4.381705743965862
307,239,3.0,4.343890466040418
307,258,5.0,4.410789921403476
307,265,3.0,4.0116476386640185
307,313,5.0,4.279843916820297
307,393,3.0,3.831135498493316
307,402,2.0,4.187390185846261
307,403,3.0,4.4842914555276865
307,408,5.0,4.104603928510059
307,423,5.0,4.1871543128461495
307,427,3.0,3.7385597022234878
307,428,4.0,3.7634631920902395
307,431,4.0,4.16464454119717
307,449,4.0,4.435503168931873
307,450,2.0,4.496242393282066
307,462,4.0,3.8519582288626717
307,463,5.0,3.896506876373399
307,474,5.0,3.9868161081754896
307,509,3.0,3.9432013398267185
307,511,5.0,3.932670613615257
307,515,4.0,4.1111414810320115
307,527,5.0,3.789478884047956
307,634,3.0,3.7715325527429613
307,655,4.0,4.166152025773611
307,687,1.0,3.9882012149866353
307,746,4.0,3.834116066320762
307,949,4.0,3.940489632260381
307,1022,4.0,3.775939361014534
307,1110,4.0,4.4864905568856965
307,1140,2.0,3.9467320756029483
307,1411,4.0,4.285228031312647
308,1,4.0,4.360108434486126
308,4,5.0,4.566546293569288
308,5,4.0,4.501373488910798
308,12,5.0,4.313176778049564
308,25,4.0,4.300905128769784
308,28,3.0,4.429945385069046
308,44,4.0,4.262125255995656
308,45,4.0,4.212502373418232
308,54,2.0,4.575002603360131
308,55,3.0,4.708304216254878
308,58,3.0,4.1279659165154134
308,59,4.0,4.067914845729319
308,60,3.0,4.067510540820478
308,64,4.0,4.16805971288051
308,70,4.0,4.280178822062785
308,72,4.0,4.531002324225892
308,74,4.0,4.104631642705414
308,79,4.0,4.487904945321422
308,81,5.0,4.376376410220055
308,85,4.0,4.297199036936385
308,87,4.0,4.018218771020069
308,89,5.0,4.21162810104966
308,91,4.0,4.4892256326741995
308,95,4.0,4.524147921315934
308,98,3.0,4.3161168400580365
308,100,5.0,4.507579293235446
308,107,4.0,4.055517323830812
308,109,3.0,4.249690036655886
308,116,4.0,4.033941634930021
308,124,4.0,4.214354041729132
308,127,4.0,4.388366114862499
308,129,5.0,4.6434039763085115
308,133,3.0,4.2517811265243175
308,144,3.0,4.205875052109232
308,147,3.0,4.304542437754715
308,154,4.0,4.04511231587258
308,160,4.0,3.9982959852704787
308,161,3.0,4.279438262298555
308,163,4.0,4.06837263837996
308,164,4.0,4.695743388571906
308,165,3.0,4.021357677542109
308,166,3.0,3.9873717633997288
308,168,4.0,3.9599237936323917
308,170,3.0,4.320018349435967
308,174,4.0,4.1281155030180585
308,175,5.0,4.089475063112141
308,177,5.0,4.159584175907877
308,178,4.0,3.963210838011432
308,181,4.0,4.562341718217236
308,183,4.0,4.576980732955023
308,184,4.0,4.689166960175078
308,187,5.0,4.342194442229801
308,191,4.0,4.14890739514852
308,192,5.0,3.9868671497079937
308,193,3.0,4.061272668942722
308,197,3.0,4.318423357789115
308,199,4.0,4.170648226105445
308,204,4.0,4.322375361700396
308,205,3.0,4.159469576491806
308,215,3.0,4.018303533561988
308,219,3.0,4.025787327903946
308,226,3.0,4.213551517019244
308,233,3.0,4.090538893267666
308,234,3.0,4.179276463777444
308,238,5.0,4.004543629382997
308,264,2.0,4.337739814260884
308,265,3.0,4.24698562880687
308,283,3.0,4.363370618190983
308,284,4.0,4.298491135221435
308,291,3.0,4.126251676785094
308,295,3.0,4.313015322878283
308,298,5.0,4.477111858076531
308,309,1.0,4.025978243509897
308,313,3.0,4.48816184869759
308,319,4.0,4.427791876033368
308,322,2.0,4.129552278046903
308,378,3.0,4.023650166243757
308,385,4.0,4.605142592182291
308,393,4.0,4.073722514715419
308,402,4.0,4.4767632644368
308,417,3.0,4.226789650795558
308,425,4.0,4.045976815827418
308,427,4.0,3.9614379976259975
308,433,5.0,4.062965638555383
308,435,4.0,4.184986756481231
308,436,4.0,4.037613252599325
308,443,3.0,4.081365021619897
308,447,4.0,3.972702083096041
308,452,2.0,4.136081784749765
308,455,4.0,4.078444907319414
308,461,4.0,4.157821730380755
308,463,4.0,4.107186517190383
308,466,5.0,4.005859397097858
308,467,4.0,4.1839243801214305
308,475,4.0,4.129849303688376
308,477,4.0,4.340656740404282
308,481,4.0,4.342692428347718
308,483,3.0,4.279451746466343
308,484,3.0,4.1484844871802204
308,486,4.0,4.291367788736812
308,487,4.0,4.133079343752781
308,488,4.0,3.9817347843623154
308,490,4.0,4.306913213491647
308,492,3.0,3.965168585381825
308,493,3.0,4.0852165781575085
308,498,5.0,4.486579399440454
308,502,5.0,4.235549802947474
308,505,3.0,4.093485554463541
308,509,4.0,4.00108580690734
308,511,5.0,4.096548200585308
308,514,4.0,4.158235909161019
308,515,3.0,4.33947841062146
308,516,4.0,3.983192804076164
308,520,4.0,4.217610180884138
308,521,3.0,4.208608134840592
308,526,3.0,4.286109136487453
308,528,3.0,4.226675929033231
308,559,4.0,4.213312390240307
308,569,3.0,4.305689786246208
308,578,2.0,4.409787547284564
308,579,3.0,4.078286436335042
308,581,4.0,4.369478894764803
308,582,3.0,4.465869484548968
308,584,4.0,4.3656080194864595
308,589,4.0,4.03192031879711
308,607,3.0,4.163644885623939
308,609,4.0,3.980474511923334
308,610,4.0,4.00086916560957
308,611,4.0,4.207258031871661
308,616,2.0,4.183228143630215
308,618,4.0,3.9901473409443566
308,628,3.0,4.295467763945894
308,632,3.0,4.035349941182502
308,633,4.0,4.042976963155532
308,634,4.0,3.95960251272638
308,640,4.0,4.03756278335829
308,649,4.0,4.3161775591474
308,656,3.0,4.233048498266019
308,660,3.0,3.9997105059240625
308,664,5.0,4.047112571316979
308,673,4.0,4.148518234130704
308,675,4.0,3.957241818203911
308,686,4.0,4.377318436300836
308,692,3.0,4.556132324857563
308,693,3.0,4.122143445235431
308,705,5.0,4.090998372177156
308,729,3.0,4.1279659165154134
308,736,3.0,4.346437170145623
308,741,4.0,4.502583496176138
308,742,4.0,4.387388345995353
308,746,4.0,3.9677274577205393
308,747,3.0,4.225534775444526
308,755,3.0,4.709076718717898
308,802,3.0,4.537054702061423
308,805,4.0,4.2029635286706215
308,806,4.0,4.332353826598767
308,811,4.0,3.9689658405709007
308,822,4.0,4.0070896275743975
308,826,3.0,4.239749664857291
308,843,3.0,4.253123746688753
308,848,4.0,4.163203646364508
308,863,3.0,4.020613958670136
308,921,4.0,4.244914137439577
308,959,3.0,4.073098244848586
308,965,4.0,4.163156132678431
308,966,3.0,4.029598700772869
308,968,4.0,4.03620528317163
308,1006,4.0,4.170684423099706
308,1019,4.0,4.167707002356667
308,1021,4.0,3.958094902970199
308,1028,2.0,4.255029991974915
308,1046,4.0,4.083244020230617
308,1047,3.0,4.156156007726673
308,1073,3.0,4.035294359154496
308,1197,4.0,4.424113153481026
308,1211,3.0,4.271675982414095
308,1286,3.0,4.224123907263708
308,1404,4.0,4.044031762633977
308,1421,4.0,4.026740159943846
309,242,4.0,4.06484924106458
309,300,3.0,4.402379981269223
309,303,2.0,4.2208047223003256
309,306,2.0,4.102467847223102
309,324,3.0,4.143766645861874
309,326,5.0,4.41418614913427
309,333,3.0,4.4596089448935095
309,938,4.0,4.357612837387148
309,1393,2.0,4.545134917373942
310,14,5.0,3.0937482827034537
310,24,4.0,3.1897331952308288
310,116,5.0,3.045901245326337
310,181,4.0,3.5488740995095767
310,222,3.0,3.565991953320414
310,251,5.0,3.1330407480845133
310,257,5.0,3.547075461088959
310,258,3.0,3.50833169814938
310,274,3.0,3.1456931803567096
310,275,5.0,3.0818188524081385
310,304,5.0,3.1587834266158756
310,536,4.0,3.1606526705368214
310,740,4.0,3.173863605684149
310,748,3.0,3.325665926450663
310,832,1.0,3.145941721493939
310,845,5.0,3.1709738466578834
310,1022,5.0,3.2053064748036855
311,1,4.0,4.286558234563666
311,5,3.0,4.38804608756746
311,9,4.0,4.013471604466296
311,15,5.0,4.0292081368014
311,22,4.0,4.465881062063328
311,28,5.0,4.338994903460087
311,38,3.0,4.334946573501361
311,41,3.0,3.9933734079146905
311,43,4.0,4.324519991652607
311,44,3.0,4.199142718672234
311,50,5.0,4.478289095583097
311,58,3.0,4.097251008317375
311,62,3.0,4.491413394854818
311,68,1.0,4.612436013789239
311,70,4.0,4.232056671379037
311,71,4.0,4.367181712145657
311,73,4.0,4.393367590334872
311,82,5.0,4.4167781677780145
311,83,5.0,4.375119201619344
311,86,5.0,4.198534206688375
311,89,5.0,4.010103122577551
311,94,3.0,4.288700813406597
311,98,5.0,4.206961302550886
311,99,5.0,4.065772268886571
311,117,4.0,4.480447476979515
311,118,3.0,4.3653450048051585
311,125,4.0,4.268550174129218
311,132,4.0,4.407218927486763
311,134,5.0,3.8931612896968817
311,136,5.0,3.875620339573463
311,141,4.0,4.2667584553807645
311,143,3.0,3.938328113651312
311,161,4.0,4.20713549964764
311,168,4.0,3.844830925828411
311,172,5.0,4.651911862007376
311,174,5.0,4.035308611169553
311,178,5.0,3.9072189087838334
311,179,2.0,4.034725034025846
311,180,4.0,4.1343751785804805
311,181,4.0,4.459173106011981
311,183,5.0,4.350437457918063
311,187,4.0,4.228724773002254
311,188,4.0,4.25574280868667
311,193,5.0,3.976775816634677
311,195,4.0,4.415009725759518
311,199,4.0,4.138110196651906
311,200,4.0,4.006556969983096
311,203,5.0,3.8823103947288438
311,204,5.0,4.15665336059315
311,205,5.0,4.090744290339609
311,208,4.0,3.9869382108874882
311,211,3.0,3.9448173143263885
311,212,3.0,3.9985772948183143
311,213,4.0,4.23796248034012
311,226,4.0,4.117875888761187
311,229,5.0,4.218566883537023
311,232,3.0,4.179274997821587
311,233,4.0,3.9512092717265728
311,234,4.0,4.081911104392295
311,239,3.0,4.318634739546463
311,258,4.0,4.30790402441019
311,265,5.0,4.166313953859753
311,275,4.0,4.231722009188137
311,310,4.0,4.137346632811302
311,315,5.0,4.069855562603274
311,318,5.0,4.259704753320463
311,322,4.0,4.029946840387526
311,326,2.0,4.221255061403403
311,329,4.0,4.18599247781492
311,348,4.0,4.18599247781492
311,365,4.0,4.071023927486811
311,366,5.0,4.002232286937854
311,367,3.0,4.056278640016429
311,378,5.0,3.976068867761092
311,385,5.0,4.53550223426517
311,386,3.0,3.9928448639054235
311,387,4.0,4.1534943276741405
311,402,4.0,4.383172480540008
311,403,4.0,4.457537097880511
311,418,4.0,4.166851653396813
311,419,3.0,4.204521428621849
311,420,1.0,4.135089616831026
311,425,2.0,3.898572629960857
311,431,4.0,4.152951854681281
311,432,4.0,4.202970880006236
311,433,3.0,4.0057423629856235
311,451,3.0,4.2021838512327605
311,469,5.0,4.038468957683677
311,470,3.0,4.0281727658129185
311,471,4.0,4.219880910439449
311,480,4.0,4.030402067262004
311,482,4.0,4.011253644626809
311,484,4.0,3.9809211314825643
311,485,1.0,3.9748299451459586
311,491,4.0,4.097705093430424
311,493,4.0,4.0052673190428925
311,495,4.0,4.02340300703078
311,505,4.0,3.961388856525877
311,510,4.0,4.245014869281778
311,515,4.0,4.255183379822337
311,518,3.0,4.01039370137711
311,523,5.0,4.031182018460003
311,526,5.0,4.164879372480518
311,527,4.0,3.9325126434446873
311,528,4.0,4.180501926719843
311,553,3.0,4.3342106633005395
311,559,2.0,4.132103898705665
311,566,4.0,4.260457763373867
311,568,5.0,4.52724990261863
311,576,3.0,4.419408866658847
311,588,4.0,4.178704960355799
311,592,5.0,4.125023662274811
311,604,3.0,3.872411352341992
311,627,4.0,3.900712551130057
311,642,4.0,4.2388526228585395
311,654,3.0,4.023000115486484
311,661,3.0,3.8741321989526565
311,662,4.0,4.234896000068107
311,671,3.0,3.838981961657612
311,679,4.0,4.0678386803761475
311,692,4.0,4.4977960920483975
311,708,5.0,4.025828475065737
311,715,2.0,4.329520293910312
311,716,4.0,4.24642854343862
311,720,3.0,4.673862877284119
311,723,4.0,4.340867667855385
311,748,4.0,4.523916883196564
311,751,3.0,4.29042204693442
311,761,3.0,4.2104916187151495
311,775,3.0,4.555101923888221
311,778,4.0,4.295663399754108
311,785,3.0,4.763484755006052
311,845,4.0,3.929471626048444
311,849,3.0,4.155266813615194
311,921,4.0,4.268016783337549
311,941,4.0,4.307179370583992
311,946,4.0,4.147595741304534
311,951,3.0,4.38185142716232
311,965,3.0,4.0496375760815955
311,1035,4.0,4.028209950862053
311,1046,3.0,4.065407252111993
311,1093,5.0,3.9546242799338884
311,1116,3.0,4.003288528427896
311,1222,3.0,4.070536982772575
311,1232,4.0,3.8515273796288656
311,1479,3.0,4.056278640016429
312,4,3.0,5.0
312,8,5.0,5.0
312,28,4.0,4.952803115950679
312,52,5.0,4.785669143411351
312,57,5.0,4.736468597164387
312,96,5.0,4.898517703853043
312,98,4.0,4.938995472453866
312,100,4.0,4.980978013012708
312,114,5.0,4.614881040944689
312,121,3.0,4.999988278490889
312,131,5.0,4.814235672289523
312,132,5.0,5.0
312,133,5.0,5.0
312,134,5.0,4.650073809285275
312,136,5.0,4.629518169467404
312,144,1.0,4.7948182311377865
312,151,2.0,4.807044006910639
312,153,2.0,4.733337112160257
312,156,3.0,4.69702899829349
312,157,1.0,4.9430627334418
312,170,5.0,4.979904410710176
312,173,3.0,5.0
312,179,5.0,4.80778388620452
312,180,4.0,4.91554438184804
312,183,5.0,5.0
312,188,3.0,4.917296303875081
312,190,5.0,4.838107081641307
312,195,5.0,5.0
312,204,4.0,4.96371360303779
312,205,5.0,4.8663592198678165
312,209,3.0,4.923773023216439
312,228,3.0,4.932933333349705
312,234,5.0,4.740316490797849
312,238,3.0,4.6263589556877625
312,241,3.0,5.0
312,265,1.0,4.844940321960276
312,269,5.0,4.866894249480234
312,275,5.0,4.896540839730305
312,357,5.0,4.641891175604082
312,382,4.0,4.888232289160005
312,408,4.0,5.0
312,435,4.0,4.782369638883551
312,443,4.0,4.751456376693463
312,474,5.0,4.732556089560656
312,480,5.0,4.777691762080124
312,481,5.0,4.9570931354710055
312,482,5.0,4.739903518222578
312,483,5.0,5.0
312,485,4.0,4.770483985585588
312,489,5.0,5.0
312,494,5.0,4.731358065235224
312,495,4.0,4.744769811840615
312,496,5.0,4.67592283463951
312,498,5.0,5.0
312,503,5.0,4.819738421292696
312,513,5.0,4.97760010486922
312,516,3.0,4.623323038723741
312,520,5.0,4.9208965179723
312,528,5.0,4.929273130060006
312,543,5.0,4.90428563288884
312,557,5.0,4.797445480985361
312,573,5.0,4.9502400628329335
312,584,5.0,4.941212293983253
312,587,3.0,4.971345016036789
312,588,5.0,4.908918007227294
312,593,5.0,4.663124465017474
312,603,5.0,4.808040070929439
312,604,5.0,4.689159404317177
312,609,3.0,4.670732902505738
312,611,5.0,4.920058129042233
312,615,4.0,4.706890908370674
312,631,5.0,5.0
312,639,5.0,4.794959336724044
312,641,5.0,4.835812077167839
312,656,5.0,4.897644103848901
312,659,5.0,4.874383367500843
312,675,5.0,4.59767604523005
312,676,3.0,4.918360672552759
312,692,4.0,5.0
312,705,5.0,4.790610565055858
312,713,5.0,4.72387087767696
312,730,3.0,4.814668961054041
312,847,3.0,4.736662534602061
312,919,3.0,4.999296162250525
312,921,5.0,4.899270155204622
312,967,3.0,4.618056800346744
312,968,5.0,4.700998866229154
312,1021,3.0,4.626309148349162
312,1039,5.0,4.739148193700404
312,1116,3.0,4.821892914515308
312,1124,4.0,4.845903659797395
312,1203,5.0,4.9945658940355795
312,1299,4.0,4.849226855387993
313,22,3.0,4.3201833566049554
313,29,2.0,4.308683454292661
313,31,4.0,4.1257984731785164
313,44,3.0,4.004803054944631
313,56,2.0,3.8891098343334325
313,64,4.0,3.907242914270844
313,65,2.0,4.029311837688273
313,66,1.0,4.113376818835678
313,67,1.0,3.764693756201723
313,69,5.0,4.165831307614481
313,71,4.0,4.35279428940083
313,73,5.0,4.229745550749302
313,96,5.0,4.154938940249431
313,97,4.0,4.055147925605401
313,98,4.0,4.053786429727943
313,99,4.0,4.09296473423099
313,100,5.0,4.225473519627528
313,114,4.0,3.8096960272306237
313,117,4.0,4.511958827136883
313,131,4.0,3.991937888660813
313,132,5.0,4.370731756825424
313,134,5.0,3.774723590642475
313,135,5.0,4.153193724589763
313,136,5.0,3.7554426001161025
313,139,3.0,4.134338214447365
313,148,2.0,4.204978527286085
313,151,1.0,4.14822541955043
313,154,2.0,3.877361860036202
313,155,2.0,3.8848253925329796
313,156,3.0,3.915467624509559
313,161,4.0,4.1116726426807375
313,162,3.0,3.7592741558722564
313,163,2.0,3.8608275909416383
313,164,3.0,4.534617918789934
313,174,4.0,3.945884981648799
313,175,4.0,3.8647358792663766
313,180,5.0,4.034956313449864
313,182,4.0,3.9282197467446345
313,187,4.0,4.121115045732924
313,191,5.0,3.948853896629413
313,194,4.0,4.02460593795586
313,199,4.0,3.9817112664371264
313,200,3.0,3.9319163094761747
313,203,5.0,3.758739595976965
313,204,4.0,4.064870837842599
313,205,5.0,3.9919576531163727
313,208,3.0,3.910007860415712
313,218,2.0,3.7607185038216624
313,226,4.0,4.060518389919676
313,228,3.0,4.169721351593714
313,230,3.0,4.147275036404495
313,234,4.0,3.983080774366891
313,239,3.0,4.184645691288127
313,245,3.0,4.6472033656453595
313,265,4.0,4.083332381201552
313,318,4.0,4.095718316958642
313,403,3.0,4.314983310263056
313,405,3.0,4.15779869876658
313,414,3.0,3.7996402232074327
313,415,2.0,4.158424970991273
313,417,2.0,4.095043246177214
313,423,4.0,4.169171493266678
313,435,5.0,3.9841445287131654
313,436,4.0,3.8004529390999657
313,441,3.0,3.8990314545344873
313,448,3.0,3.851955787196764
313,471,4.0,4.1518453294116355
313,473,3.0,4.222054602901544
313,478,3.0,4.087199437641587
313,482,5.0,3.895512942011381
313,487,3.0,3.9152840967848284
313,488,5.0,3.8338642371819347
313,494,3.0,3.792979397491252
313,498,5.0,4.337808436870737
313,501,5.0,4.264463666223699
313,515,5.0,4.15282192821842
313,516,4.0,3.8048904221445334
313,521,4.0,4.018027254880066
313,526,4.0,4.1060985345384635
313,527,4.0,3.8171842228823003
313,542,3.0,4.4459860413476076
313,550,4.0,4.022420318112985
313,565,1.0,3.9233606417640106
313,566,4.0,4.149514378326062
313,578,3.0,4.222782779539698
313,586,2.0,3.843004084849459
313,604,4.0,3.783779173056791
313,608,4.0,4.126034007815352
313,609,3.0,3.7764242053784436
313,616,5.0,3.918531670650222
313,628,4.0,4.006219636171168
313,649,3.0,4.064031702033673
313,650,4.0,3.8605067229198493
313,657,4.0,4.076711560748951
313,659,4.0,3.997260183371419
313,665,4.0,4.3152269275483945
313,670,3.0,4.194216354061129
313,673,4.0,3.9939573538128528
313,674,2.0,3.7553383299982523
313,740,2.0,4.050640685058932
313,745,3.0,3.8890745057796208
313,831,3.0,4.401965031186658
313,843,3.0,4.14302134029273
313,849,3.0,4.045011815620169
313,946,3.0,4.154092262768205
313,969,4.0,4.007331165690772
313,1050,4.0,3.987519826419089
313,1066,2.0,4.226803802434326
313,1210,4.0,4.13645365797526
314,5,4.0,4.3698132104385925
314,7,4.0,4.209393922676704
314,9,4.0,4.002365953669366
314,24,1.0,4.188439200435367
314,28,5.0,4.2848715472089065
314,29,5.0,4.332119469388893
314,42,5.0,4.0227091333069644
314,54,4.0,4.434404186663556
314,64,5.0,3.972599164352837
314,68,4.0,4.351517106784057
314,71,5.0,4.292786228279239
314,73,4.0,4.1906660757295215
314,88,5.0,4.100927006066119
314,90,2.0,4.136885546105251
314,94,4.0,4.192823405345634
314,95,5.0,4.326425577367024
314,105,4.0,4.00278167211136
314,111,4.0,4.159822040957047
314,120,3.0,4.233870593166121
314,122,1.0,4.102172978943914
314,126,2.0,4.053987733806064
314,138,5.0,4.16723330398315
314,143,5.0,3.804942857915279
314,147,4.0,4.123682559124656
314,155,5.0,3.8765458638345915
314,204,5.0,3.9993524606538933
314,215,4.0,3.8403008813153097
314,218,4.0,3.8061999675665508
314,220,4.0,4.287686724774124
314,237,5.0,4.150778802165708
314,246,5.0,4.0329369112092985
314,255,5.0,4.109821805388273
314,268,5.0,4.0329369112092985
314,274,3.0,4.433835646124261
314,276,1.0,4.113761925881186
314,282,5.0,4.088890719063878
314,288,5.0,4.09496133086574
314,327,4.0,4.0276407278778805
314,328,4.0,4.1372615216910855
314,366,4.0,4.026181108260888
314,377,3.0,4.304267349452809
314,395,2.0,3.8807331059138983
314,399,3.0,4.289140671635953
314,402,4.0,4.213315390791278
314,406,3.0,4.0851038519017395
314,409,4.0,4.366877496409563
314,417,4.0,4.114277871135099
314,418,5.0,4.171510556642505
314,468,4.0,3.9265317748551976
314,535,4.0,4.14999064862725
314,578,4.0,3.9917460602859594
314,591,5.0,4.156268778085886
314,597,4.0,4.2235990994257016
314,620,3.0,4.176870718464484
314,623,5.0,4.208853447582223
314,672,5.0,3.7389491581946586
314,682,5.0,3.90014206951007
314,692,5.0,4.475424458563543
314,693,3.0,4.12559634928143
314,724,2.0,4.207140950598136
314,735,5.0,3.9313126729565755
314,739,5.0,4.022482651320362
314,743,1.0,4.100732462541541
314,763,5.0,4.0185886905289765
314,764,3.0,4.20975870314941
314,765,3.0,4.096141850031753
314,772,1.0,4.134998848289897
314,780,4.0,3.9064326277601396
314,781,3.0,4.2842311771536234
314,785,3.0,4.6419526633581505
314,791,4.0,4.1612035603826785
314,795,4.0,4.200446702077175
314,819,4.0,4.133909783309597
314,833,4.0,4.055767952104325
314,869,4.0,4.071656281096295
314,873,4.0,4.085747282826038
314,924,5.0,4.118374619258319
314,929,3.0,4.271915816097879
314,938,3.0,4.157484716277267
314,941,3.0,4.228729398284417
314,948,3.0,4.184112114527752
314,959,3.0,3.9146847627930406
314,983,4.0,4.1231035665090126
314,1028,3.0,4.1990484926078855
314,1032,4.0,4.174083000969238
314,1054,1.0,4.035325805212212
314,1057,2.0,4.23870041106375
314,1085,1.0,4.174831947720607
314,1089,1.0,4.02383880682293
314,1095,3.0,3.9626260764984167
314,1136,5.0,3.9693096484727013
314,1139,5.0,4.313800390718988
314,1150,4.0,4.097862668759793
314,1165,2.0,4.2135485506549974
314,1178,2.0,3.9365418216079853
314,1218,4.0,4.211148735399924
314,1220,5.0,4.0112074492799294
314,1221,3.0,3.8703936825894947
314,1263,2.0,4.069656780371675
314,1276,4.0,3.9824425911643644
314,1289,2.0,3.990299797152207
314,1503,3.0,4.1051973954572
314,1517,4.0,3.988665034650158
314,1518,4.0,4.015091226452942
314,1520,3.0,4.139602878567701
315,8,3.0,4.471079076332475
315,12,5.0,4.4456937609773215
315,13,4.0,4.216480543694049
315,17,1.0,4.5424695353172835
315,31,3.0,4.51494355942719
315,46,4.0,4.171625984709172
315,48,4.0,4.1182918836423585
315,55,5.0,4.680143531384696
315,98,4.0,4.35448822711783
315,100,5.0,4.615668550930377
315,127,5.0,4.436986508861791
315,156,5.0,4.3225968432416115
315,168,4.0,4.153044819171006
315,180,4.0,4.416070498976327
315,185,4.0,4.319470833986362
315,186,4.0,4.383778157604266
315,187,4.0,4.414811283586724
315,194,4.0,4.313653046386771
315,211,4.0,4.160719947868554
315,216,4.0,4.193236065882083
315,223,5.0,4.4011254795676145
315,230,4.0,4.395431737068395
315,234,3.0,4.224734762358617
315,238,5.0,4.139055101131236
315,269,5.0,4.432462554389107
315,273,3.0,4.564680629747352
315,285,5.0,4.19155036089651
315,302,5.0,4.5036152532298
315,305,5.0,4.295134108485167
315,340,4.0,4.185043188085618
315,431,2.0,4.306761059705006
315,504,3.0,4.259561047406257
315,508,4.0,4.192996019823163
315,531,5.0,4.4161998089941115
315,603,5.0,4.22936295029765
315,651,3.0,4.604130699624729
315,654,5.0,4.472557019433161
315,657,4.0,4.419212011561562
315,709,4.0,4.2922335937901455
315,732,3.0,4.384002730993862
315,746,3.0,4.209808109545176
315,792,5.0,4.136987169492844
316,9,4.0,3.296241538119323
316,14,4.0,3.6599819328173977
316,19,5.0,3.316319241388423
316,22,4.0,3.804443415076
316,50,1.0,3.7435414669039315
316,64,4.0,3.426423122189495
316,71,1.0,3.4258034240662445
316,98,5.0,3.6253215399051206
316,132,4.0,3.569032572760645
316,180,4.0,3.579242730884684
316,190,5.0,3.5213538936129587
316,197,4.0,3.6617529006950944
316,213,5.0,3.607635354206011
316,234,1.0,3.3671719746255224
316,265,3.0,3.4802368967379516
316,283,5.0,3.7813843348192218
316,289,2.0,3.5668460383524017
316,292,4.0,3.3851210756750367
316,306,4.0,3.4096699150905305
316,318,5.0,3.5228514608416504
316,357,4.0,3.241372849234299
316,463,5.0,3.323514530883448
316,483,4.0,3.6971515799231383
316,521,5.0,3.525478629675995
316,530,2.0,3.291031798396391
316,549,5.0,3.7455639651810575
316,588,1.0,3.3757771844944977
316,614,2.0,3.2754192000444164
316,735,4.0,3.3878082010598414
316,1039,5.0,3.4150760159963958
316,1084,4.0,3.183028699282873
317,245,4.0,4.5332558304312585
317,268,3.0,4.108721704627516
317,271,3.0,4.3861633626560295
317,300,4.0,4.268238368806838
317,323,2.0,4.18328638590314
317,326,3.0,4.087409375021001
317,328,4.0,4.424581419670438
317,331,4.0,4.372830601417294
317,350,5.0,4.268258009178945
317,351,3.0,3.8688112182874477
318,12,4.0,4.057535111476464
318,15,5.0,3.947526226436966
318,47,2.0,4.2251842137260835
318,49,3.0,4.229358255052915
318,50,2.0,4.1906039011372
318,63,3.0,4.242086629142889
318,64,4.0,4.03662609545962
318,66,4.0,4.330332416181904
318,69,5.0,4.285000952523045
318,72,4.0,4.389592994906755
318,88,4.0,4.182293862245435
318,105,1.0,3.99334704628534
318,127,5.0,4.189770433392462
318,137,4.0,3.9852976472086974
318,138,4.0,4.084424426985026
318,140,4.0,3.963495864865518
318,142,4.0,4.057619927647631
318,157,5.0,4.068042665418899
318,158,5.0,4.047948457935457
318,160,3.0,3.798428611112339
318,162,5.0,3.833291499955636
318,182,4.0,4.067854843851576
318,186,5.0,4.209625584989526
318,194,5.0,4.136448876817457
318,197,5.0,4.138988529470143
318,204,5.0,4.027472250594317
318,211,5.0,3.926718293510112
318,229,1.0,3.945555286566254
318,237,5.0,4.150178893289656
318,239,4.0,4.104915371992295
318,248,3.0,4.0651378589638405
318,257,5.0,4.280797445832629
318,285,4.0,3.952016088920834
318,286,3.0,4.308475150129096
318,305,2.0,4.031025091492063
318,312,4.0,4.249116713639983
318,315,5.0,3.944975132127293
318,326,4.0,4.172186744412894
318,356,4.0,4.3040682525228995
318,357,4.0,3.857363781818191
318,384,3.0,3.869854957987453
318,396,1.0,4.201187408202079
318,401,3.0,4.021357955338044
318,414,4.0,3.935383371225418
318,419,5.0,4.137364203586281
318,435,5.0,3.9712493894947225
318,474,4.0,3.825272538243882
318,476,4.0,4.116040961219271
318,481,4.0,4.24512065024666
318,485,5.0,3.9198884195392916
318,501,4.0,4.074664966882225
318,503,4.0,3.9361165333868517
318,508,4.0,3.9553915883954773
318,509,5.0,3.9161015547572404
318,517,3.0,4.351008076622033
318,524,3.0,3.981453933278145
318,575,2.0,4.002693563767399
318,610,5.0,3.8027649643637496
318,631,4.0,4.309987342279479
318,648,5.0,4.1637670884320155
318,655,4.0,4.228363286439903
318,657,5.0,3.8726066221635884
318,659,4.0,4.032271086755945
318,660,3.0,3.797861973198336
318,697,5.0,4.00677672340112
318,708,4.0,3.963713949161206
318,750,4.0,3.9912049522792286
318,768,2.0,4.115448601182401
318,792,2.0,3.994639886173745
318,795,2.0,4.161589887828012
318,796,3.0,4.363247734421597
318,815,3.0,4.206995917223991
318,865,2.0,4.031025091492063
318,934,4.0,4.111756512506769
318,1014,2.0,3.935431013977586
318,1023,2.0,4.012507079789364
318,1032,3.0,4.127979674819112
318,1521,3.0,4.19338073011749
319,267,4.0,3.25
319,302,4.0,3.8706759364483956
319,313,5.0,4.077331053769406
319,333,4.0,4.094109747856353
319,338,2.0,3.8810926361784204
319,879,5.0,4.042501851596596
319,880,4.0,3.7276001414525015
320,1,3.0,4.184742811275673
320,3,4.0,3.995143522315119
320,4,3.0,4.473519359656684
320,7,4.0,4.375793356878194
320,11,4.0,4.077226875133428
320,22,5.0,4.410444305989329
320,33,4.0,4.57808867177548
320,38,4.0,4.507856155721019
320,42,4.0,3.9642229820964436
320,50,4.0,4.631780819041626
320,54,4.0,4.5243001460306935
320,62,4.0,4.747583660047251
320,68,5.0,4.634658366101101
320,77,3.0,4.223618915903625
320,90,4.0,4.159702289224473
320,97,5.0,4.013447774169361
320,99,4.0,3.996039551757168
320,100,4.0,4.2668351491744865
320,117,4.0,4.745192462835083
320,118,1.0,4.670127935158043
320,123,4.0,4.26731015437646
320,129,4.0,4.392223276738778
320,148,4.0,4.412405396067638
320,156,5.0,4.056497590253768
320,159,4.0,4.024069210245916
320,161,4.0,4.239723249741074
320,173,5.0,4.476032171017457
320,174,4.0,4.1449073651787245
320,177,5.0,4.134069465663818
320,184,5.0,4.721793222070676
320,188,4.0,4.18958175213806
320,202,4.0,4.102273707471366
320,210,5.0,4.12316305649751
320,250,4.0,4.5155750194058735
320,252,2.0,4.613153384191651
320,276,2.0,3.967874093360965
320,278,3.0,4.050097580948766
320,284,4.0,4.116816519102185
320,291,4.0,4.0059888575477185
320,294,4.0,3.8632404418192974
320,369,4.0,3.9835309366711735
320,399,3.0,4.575766583394364
320,403,4.0,4.430855385133333
320,405,4.0,4.331589028341381
320,411,3.0,4.472867053294981
320,413,3.0,3.8917366088331145
320,431,5.0,4.266455593132433
320,433,4.0,3.8702916250616948
320,452,3.0,4.1487722240428635
320,456,3.0,4.157939959979463
320,472,3.0,4.475844898030906
320,501,3.0,4.0797301749571595
320,552,4.0,4.227692684900941
320,554,4.0,4.424182569906068
320,576,3.0,4.474821237872446
320,678,3.0,4.119925982783387
320,685,4.0,4.355289181285796
320,692,4.0,4.219242107474493
320,716,1.0,4.019225333544381
320,739,4.0,3.9915734727967007
320,742,4.0,4.2179292040788425
320,771,3.0,4.649764649607533
320,849,4.0,4.164547233491938
320,869,4.0,4.0337666828533365
320,892,3.0,4.1220996444375695
320,895,4.0,4.153015447586452
320,974,3.0,4.068333902128053
320,976,2.0,4.848685019431507
320,1011,3.0,3.9207986062599525
320,1041,3.0,4.089027289516772
320,1081,4.0,3.987763912428692
320,1090,3.0,3.9599032702910386
320,1157,4.0,4.032618837052266
320,1188,4.0,4.226723386499496
320,1210,4.0,4.4358203696293685
321,8,4.0,4.347563305813316
321,14,3.0,4.33446537096309
321,20,3.0,4.253061533656766
321,30,4.0,4.002302233882948
321,50,4.0,4.370513875400051
321,56,4.0,4.145256748467779
321,89,3.0,4.084195345350358
321,100,4.0,4.329167683253118
321,124,3.0,4.217693038226845
321,131,4.0,4.156988901747532
321,134,3.0,3.9537888929505103
321,135,4.0,4.2424594755872445
321,143,3.0,4.032406375554514
321,180,4.0,4.191964245850872
321,191,3.0,4.174770038638547
321,193,3.0,4.066904020738135
321,194,3.0,4.164681871277265
321,198,4.0,3.924555483105582
321,199,4.0,4.1889161076465715
321,205,5.0,4.226444019342448
321,207,3.0,4.292113036753804
321,213,4.0,4.266910332070703
321,215,3.0,4.075668076315572
321,216,4.0,4.052565860099979
321,224,3.0,4.089123413245086
321,276,3.0,4.1778038102394195
321,287,3.0,4.058567102297292
321,462,4.0,4.048176902392799
321,474,4.0,3.989023717888976
321,483,5.0,4.308655972753638
321,484,5.0,4.176122248946457
321,485,4.0,4.069948732273428
321,494,4.0,3.997556246004431
321,496,4.0,4.017116938695599
321,497,5.0,4.001525274359292
321,507,3.0,4.066744120531151
321,514,4.0,4.08434963027512
321,515,5.0,4.291049210471934
321,521,2.0,4.2245693197673315
321,523,3.0,4.082033579321823
321,527,3.0,3.990985820423389
321,607,4.0,4.127639907135895
321,614,3.0,3.982216183029379
321,615,5.0,3.990637035268512
321,631,4.0,4.488476918479207
321,647,3.0,4.262998487444257
321,663,2.0,3.983691623591198
321,709,4.0,4.105104081899553
321,730,3.0,4.18690165365196
321,736,4.0,4.412017405000078
321,855,3.0,4.54458978633515
321,1028,2.0,4.169301441162998
321,1194,5.0,4.23356667875048
322,1,2.0,4.431753196061143
322,12,4.0,4.702222772741564
322,32,5.0,4.3773638856396175
322,50,5.0,4.704259961395318
322,89,3.0,4.575169817693259
322,92,4.0,4.642422911825635
322,179,5.0,4.39378882084276
322,182,5.0,4.581205702066956
322,185,5.0,4.583588911822789
322,192,5.0,4.331807961564727
322,194,5.0,4.490085539037658
322,197,5.0,4.569196631594078
322,216,3.0,4.459253215551753
322,272,4.0,4.441991497136613
322,313,5.0,4.815184839791724
322,318,4.0,4.5208521026601804
322,479,5.0,4.695000329792188
322,489,3.0,4.762125253701125
322,508,4.0,4.401439407843661
322,514,4.0,4.374402701659583
322,521,5.0,4.559933766432836
322,591,3.0,4.6306053439833335
322,653,4.0,4.774600235461273
322,751,2.0,4.7465305353570315
323,7,2.0,4.218310536673533
323,9,4.0,3.8225624653037635
323,15,3.0,3.7997602240497255
323,22,5.0,4.230773149418572
323,56,5.0,3.940610001056562
323,79,4.0,4.167129981718821
323,100,4.0,4.382116244990728
323,117,3.0,4.416700373234403
323,127,5.0,4.1300349475487375
323,150,4.0,4.1794807701805
323,151,4.0,3.8825377144017152
323,172,5.0,4.411673643110391
323,180,5.0,3.919161063954539
323,199,4.0,3.902811912962707
323,203,5.0,3.7247096580387593
323,210,4.0,3.891802710588146
323,215,5.0,3.795758239499877
323,223,4.0,4.153992485448612
323,243,1.0,4.090474812107316
323,245,2.0,4.538746203370218
323,246,4.0,4.27268083831161
323,248,3.0,4.03341776604528
323,249,3.0,3.878083694675906
323,255,4.0,4.057203872753102
323,257,2.0,4.442796830241204
323,282,3.0,4.011992332616433
323,286,3.0,4.2146119593133236
323,289,2.0,4.142951661330844
323,298,4.0,4.428206948911241
323,300,2.0,4.213358706126208
323,327,4.0,4.221655991684034
323,328,3.0,4.348323284858552
323,332,3.0,4.404090017948478
323,333,4.0,4.3203992903484405
323,467,5.0,3.8424794227163797
323,508,4.0,3.8764755676040563
323,546,2.0,4.148153398622256
323,713,4.0,3.884280307290814
323,744,5.0,4.050242246953762
323,764,3.0,4.065544774042824
323,772,3.0,3.8894128516196864
323,875,3.0,4.198439057756599
323,886,3.0,4.186638160147413
323,1017,3.0,3.908375394013628
323,1050,5.0,3.9055171776907565
324,9,5.0,4.564526637457026
324,127,4.0,4.78466587470402
324,258,4.0,5.0
324,283,3.0,5.0
324,298,5.0,5.0
324,300,5.0,4.977398128939461
324,307,5.0,5.0
324,332,3.0,5.0
324,471,5.0,4.981490849120354
324,597,4.0,4.970290831598937
324,748,5.0,5.0
324,754,5.0,4.9290736150792
324,877,1.0,4.910034757981246
324,1033,4.0,4.644400840580774
324,1094,5.0,4.744550753651134
325,47,3.0,3.7928229790871164
325,86,3.0,3.6741523309418724
325,95,2.0,3.957354325459499
325,98,4.0,3.7128883186447754
325,99,5.0,3.671046979662033
325,100,4.0,3.851377244084999
325,107,2.0,3.534906127226126
325,109,2.0,3.7566790519668207
325,127,5.0,3.8228673452643416
325,133,3.0,3.7602347604121604
325,135,5.0,3.866207463290148
325,143,1.0,3.514460429585036
325,152,4.0,3.8397186434813855
325,154,3.0,3.5448132826331755
325,164,1.0,4.24113038315819
325,168,3.0,3.524928428374659
325,175,5.0,3.699521112043459
325,177,5.0,3.66064173269242
325,179,5.0,3.7538959518879262
325,180,4.0,3.7416275923619535
325,181,4.0,4.122447326671555
325,185,5.0,3.6768931740950856
325,187,3.0,3.8194209980030998
325,188,2.0,3.815065097751008
325,193,4.0,3.5496416230098498
325,197,4.0,3.742808725104833
325,234,3.0,3.686695016884778
325,240,1.0,3.6287455913439426
325,286,4.0,3.9171908448671453
325,305,2.0,3.634572971228621
325,313,2.0,3.924076643592175
325,325,1.0,3.771942004756373
325,340,3.0,3.52078065031832
325,345,3.0,3.7240649235854923
325,357,4.0,3.5200107243584418
325,402,2.0,3.8666042801609803
325,403,2.0,3.995794093530001
325,430,5.0,3.6723034430250068
325,432,5.0,3.776439347715147
325,435,3.0,3.6507104200805256
325,458,3.0,3.611365840269886
325,474,5.0,3.6670273039267713
325,475,4.0,3.5954224141856685
325,483,5.0,3.76883446926878
325,484,5.0,3.6399867120995535
325,485,3.0,3.523442239827089
325,492,4.0,3.4598712548441086
325,493,4.0,3.6143485826466257
325,504,3.0,3.5813632176415355
325,505,4.0,3.5163316704191256
325,506,5.0,3.4598712548441086
325,507,3.0,3.5533601475640464
325,510,4.0,3.763534750881575
325,514,4.0,3.6403699691798916
325,517,4.0,3.866889003660896
325,521,4.0,3.7693006136777862
325,525,5.0,3.629529588643637
325,526,3.0,3.855564884834253
325,542,2.0,3.9607168627901066
325,554,1.0,3.867043134280628
325,614,4.0,3.563776899481574
325,640,3.0,3.549728596812087
325,656,4.0,3.6433030409518667
325,835,5.0,3.8149551394470236
325,865,3.0,3.634572971228621
325,1411,4.0,3.8673602216422327
326,22,4.0,3.9469950896644765
326,48,3.0,3.33775686065957
326,50,5.0,4.095056053688646
326,54,3.0,3.950707061295308
326,67,2.0,3.3719776066290583
326,69,2.0,3.743341886348217
326,79,4.0,3.879938247582177
326,82,3.0,3.9789765987333947
326,86,2.0,3.544745579950034
326,88,2.0,3.5984018427679154
326,98,5.0,3.609367694537265
326,132,4.0,3.778190055154764
326,134,3.0,3.3786291444208856
326,141,3.0,3.771962662051144
326,144,5.0,3.6815291633173572
326,153,4.0,3.444095618874981
326,168,3.0,3.380653323024884
326,172,4.0,4.195585818739317
326,185,5.0,3.663253625140297
326,186,4.0,3.7487936966601194
326,197,1.0,3.6498333304340314
326,200,2.0,3.438839493469261
326,204,3.0,3.7559789316153567
326,205,4.0,3.527487132441421
326,210,3.0,3.5937736044256097
326,233,4.0,3.4558050931490816
326,234,3.0,3.569499811934877
326,241,3.0,3.9332634619468836
326,265,4.0,3.6927356371709603
326,282,2.0,3.4779112839221464
326,318,5.0,3.5814129878216363
326,386,5.0,3.3869266855073628
326,399,4.0,4.018298432801693
326,403,3.0,3.961289742082637
326,436,3.0,3.4188596274473584
326,443,5.0,3.4799233248375705
326,444,4.0,3.784012194516238
326,445,4.0,3.428582534617513
326,448,3.0,3.469347717960286
326,451,2.0,3.676105154800272
326,452,3.0,3.6087144389207495
326,468,3.0,3.4416712806475083
326,479,5.0,3.49132472977382
326,480,4.0,3.4812071453139795
326,496,5.0,3.3765563462617605
326,503,3.0,3.4989778513866474
326,508,3.0,3.397564275569029
326,525,5.0,3.5753953450547264
326,526,5.0,3.6935297123230546
326,527,5.0,3.387175113816614
326,528,3.0,3.6223457205494767
326,530,5.0,3.4639440210408603
326,554,3.0,3.783602549246763
326,559,3.0,3.513198441578255
326,563,3.0,3.402993816134316
326,564,3.0,3.5718165181658597
326,566,4.0,3.726099186515212
326,603,4.0,3.4720451679831843
326,612,2.0,3.3182522027363666
326,615,4.0,3.385809392129493
326,633,4.0,3.4276125133275412
326,646,2.0,3.3065043968337986
326,655,5.0,3.764643045429918
326,659,4.0,3.557855953437871
326,665,1.0,3.9717265486119793
326,670,3.0,3.8452534786262333
326,671,3.0,3.34675684127059
326,674,3.0,3.356110463209988
326,675,4.0,3.3341448731293966
326,679,3.0,3.5982801567782277
326,732,5.0,3.6988670834323214
326,944,2.0,3.8066023546141636
326,969,4.0,3.463815903812145
326,1231,3.0,3.6783930129082503
327,9,5.0,3.512553542933283
327,13,2.0,3.5543132265289303
327,14,4.0,3.7426941348977443
327,25,2.0,3.733060722363205
327,32,4.0,3.4671033068630046
327,50,3.0,3.9974509760444032
327,64,2.0,3.6028186288428192
327,81,4.0,3.8093563621367643
327,82,2.0,3.9353153132716487
327,89,4.0,3.575769857724376
327,90,3.0,3.815199135414515
327,93,4.0,3.7526885417737463
327,96,2.0,3.789454214695887
327,127,4.0,3.860244459606731
327,133,4.0,3.724443921527916
327,143,4.0,3.4245696771459895
327,144,4.0,3.698592723001353
327,153,4.0,3.5090720340532022
327,169,2.0,3.6703784857169133
327,173,4.0,3.963097511202813
327,179,2.0,3.5898154011436496
327,188,5.0,3.7736513792497597
327,191,4.0,3.5980102716799696
327,192,5.0,3.4205903150846866
327,195,4.0,3.971179156027465
327,196,4.0,3.468485123651255
327,197,4.0,3.735792063549489
327,198,4.0,3.4156083637581176
327,200,4.0,3.5037607787932092
327,203,3.0,3.4260582906525197
327,210,3.0,3.6191755872344578
327,215,4.0,3.5055466438225813
327,216,3.0,3.5647542808537866
327,219,4.0,3.443982727822361
327,226,3.0,3.6783236121363343
327,230,4.0,3.7143526019787343
327,233,3.0,3.564162662708668
327,234,5.0,3.6095177158139773
327,237,4.0,3.693045205563335
327,238,4.0,3.4327857619703717
327,239,3.0,3.9578352624134228
327,258,1.0,3.9404044139982664
327,264,2.0,3.83741410665216
327,265,2.0,3.704175252194753
327,274,2.0,3.893021540485829
327,281,3.0,3.848836142478601
327,288,4.0,3.6873016205732605
327,293,3.0,3.712730697479148
327,294,3.0,3.5195868369501886
327,300,2.0,3.7856157691309664
327,313,4.0,4.092625309348038
327,344,4.0,3.759917873917883
327,381,4.0,3.7472904872635358
327,382,3.0,3.7185598857104134
327,408,2.0,3.8390732160630554
327,410,2.0,3.599323191514279
327,411,3.0,3.975114308494277
327,418,3.0,3.563479866289992
327,419,4.0,3.598660515645752
327,421,2.0,3.6067000864351955
327,423,3.0,3.680554224357138
327,425,3.0,3.5012714750272753
327,431,3.0,3.6770414970991405
327,435,4.0,3.5901349336172474
327,451,4.0,3.6879007485359474
327,455,2.0,3.508471786495356
327,461,3.0,3.617615619460576
327,469,4.0,3.5279278382547488
327,474,3.0,3.496084348663839
327,476,2.0,3.6372107429768725
327,478,4.0,3.699699087126359
327,494,4.0,3.4481750748503193
327,497,4.0,3.4155922268244696
327,514,4.0,3.595329290884411
327,517,2.0,3.940567913831379
327,533,4.0,3.616234901115091
327,558,4.0,3.725727825640696
327,583,2.0,3.710739381576467
327,588,4.0,3.583987204409649
327,589,3.0,3.4172350958229547
327,603,4.0,3.5118038463117633
327,634,5.0,3.3909949459880075
327,645,4.0,3.3810743643581103
327,650,4.0,3.501828844440004
327,652,4.0,3.6114723772162285
327,655,4.0,3.7709103443864014
327,659,4.0,3.647496738295171
327,702,2.0,3.839255950999074
327,710,4.0,3.444881052993878
327,735,2.0,3.6071504862308865
327,753,4.0,3.512404528257693
327,805,4.0,3.6803821584226446
327,806,4.0,3.819760481348464
327,811,4.0,3.414027595106705
327,849,2.0,3.6621032177267177
327,886,2.0,3.7989440931158063
327,895,3.0,3.679859343223023
327,921,4.0,3.725215795474686
327,949,4.0,3.6614934918356132
327,962,3.0,3.529771370780533
327,1012,2.0,3.7815346643841345
327,1056,2.0,3.4648144303943074
327,1067,4.0,3.5224149922399843
327,1075,4.0,3.6281988078217573
327,1097,4.0,3.572891912464583
327,1098,4.0,3.5196989852771288
327,1100,4.0,3.7581903249798283
327,1131,4.0,3.568765877633627
327,1141,3.0,3.6273493366890084
328,4,3.0,4.185356989912813
328,7,4.0,4.0633656834881915
328,9,4.0,3.6314952945419066
328,10,4.0,3.8548419786401773
328,22,5.0,4.245624227895582
328,31,4.0,3.962764890910772
328,43,3.0,4.024746699929601
328,55,4.0,4.349363238985158
328,76,3.0,3.761274288292009
328,79,4.0,4.161089355209837
328,82,4.0,4.134719164958746
328,85,1.0,3.8333585214054353
328,98,4.0,3.85808239847546
328,100,5.0,4.080413864141756
328,132,5.0,3.9077162407555956
328,144,4.0,3.9013302050226053
328,148,3.0,3.988184417817028
328,157,5.0,3.8104794145094587
328,162,4.0,3.540717382614936
328,164,3.0,4.372819021634105
328,183,5.0,4.20237661081961
328,185,4.0,3.8344413556755295
328,188,5.0,3.9691357758214916
328,199,4.0,3.757118779008528
328,200,4.0,3.6785820499580693
328,203,5.0,3.530698494031484
328,205,4.0,3.746385639195745
328,211,4.0,3.5669930259862825
328,216,3.0,3.637015647995292
328,218,4.0,3.5489671467596198
328,222,3.0,4.124280620770282
328,223,4.0,3.8600074315025883
328,228,3.0,3.973120214837543
328,231,2.0,4.038045623189041
328,234,4.0,3.801417913548049
328,245,4.0,4.433417115161148
328,265,5.0,3.9391737307376937
328,271,3.0,4.255169058063402
328,282,3.0,3.759244449467108
328,284,3.0,3.7398910934972784
328,289,4.0,3.801736856239895
328,291,4.0,3.772234678100096
328,294,3.0,3.5710235728126527
328,322,3.0,3.784378714416207
328,331,4.0,4.017008246039451
328,332,3.0,4.0402142946032065
328,349,2.0,3.933494226396991
328,350,3.0,4.075730055182688
328,356,3.0,4.18039782071299
328,370,3.0,3.846124570016168
328,371,4.0,3.8530548756622727
328,402,3.0,4.021398986409927
328,403,3.0,4.182392562804188
328,423,4.0,3.8393145945197324
328,431,2.0,3.895472144068415
328,432,1.0,3.6555311655116722
328,443,4.0,3.6264636627892775
328,451,4.0,3.733613599234353
328,470,4.0,3.578188871994384
328,474,4.0,3.6713846522496967
328,480,3.0,3.67246277201666
328,482,3.0,3.6213181908852574
328,483,5.0,3.885057479211385
328,503,3.0,3.6945770358638876
328,504,3.0,3.6590087589427513
328,510,5.0,3.9841900549309237
328,511,4.0,3.6737930774761436
328,515,5.0,3.9895896034920746
328,519,5.0,3.55916910136985
328,521,4.0,3.7841081528017386
328,523,5.0,3.6159383981317337
328,528,5.0,3.83177674063135
328,531,4.0,3.9066332393226397
328,546,3.0,3.9301014971622195
328,550,3.0,3.8929890040859
328,554,3.0,4.033239244987071
328,556,3.0,3.641747718590713
328,568,3.0,4.3072084514302675
328,569,4.0,3.8875116140604513
328,570,3.0,3.599393747855636
328,579,3.0,3.5793790554066747
328,591,3.0,3.860175532030953
328,614,4.0,3.5451943383253295
328,623,3.0,3.7386840804931225
328,627,3.0,3.5229842749055558
328,628,3.0,3.8400443733572467
328,636,3.0,4.140677375208098
328,639,2.0,3.6721166133584493
328,655,4.0,3.872156037940856
328,661,5.0,3.48030109919616
328,679,2.0,3.790028282674903
328,690,3.0,3.785440395945148
328,693,2.0,3.707999758013957
328,696,3.0,3.864060128472813
328,726,4.0,3.818080810963914
328,736,3.0,3.8922170807595466
328,742,4.0,3.955422991824803
328,750,4.0,3.7192045321379754
328,754,4.0,3.831466346547227
328,879,3.0,4.266106987463081
328,905,3.0,3.7898914939343467
328,916,2.0,4.155979480629531
328,1015,3.0,3.8266393868087087
328,1041,3.0,3.7926571876380617
328,1042,3.0,3.7635880775480635
328,1106,2.0,3.8565819033607065
328,1109,3.0,3.9072349997650537
328,1126,3.0,3.746892171444298
328,1135,1.0,3.8296902457674986
328,1136,4.0,3.5999424299617586
328,1139,1.0,4.200411812690627
328,1248,3.0,3.72071811950019
328,1263,3.0,3.664506354487228
328,1277,3.0,3.965928239685863
329,12,4.0,3.7873963233068224
329,79,4.0,3.922045911934365
329,81,2.0,3.678247754723269
329,98,4.0,3.686458252195335
329,100,4.0,3.9440967383605914
329,124,5.0,3.6303335679314244
329,129,3.0,4.088865640297224
329,147,3.0,3.803489698817635
329,181,4.0,3.9524820183787295
329,245,3.0,4.339273065458151
329,250,3.0,3.9646716029856237
329,258,3.0,3.9268788174653784
329,269,4.0,3.84776098737786
329,272,5.0,3.6017881757674637
329,276,4.0,3.59314029775918
329,288,2.0,3.708661984935664
329,297,4.0,3.633733749224265
329,300,4.0,3.883980364216641
329,303,4.0,3.633733749224265
329,326,3.0,3.888880093911413
329,338,2.0,3.681426214218537
329,483,4.0,3.7154466040193626
329,512,4.0,3.6762467081808103
329,515,4.0,3.800914613985846
329,591,2.0,3.7175949346931367
329,655,4.0,3.6946077229467384
329,855,4.0,4.079879834281295
329,924,3.0,3.609160122178661
330,8,5.0,5.0
330,11,4.0,4.744204605642541
330,22,5.0,5.0
330,38,4.0,4.914728821135938
330,44,5.0,4.833187484715551
330,47,5.0,4.823744850137236
330,50,5.0,5.0
330,51,5.0,4.945676576980848
330,58,5.0,4.722077808626824
330,66,5.0,4.90635537297414
330,70,4.0,4.847936425254791
330,71,5.0,5.0
330,72,5.0,4.99709349939184
330,73,5.0,5.0
330,77,4.0,5.0
330,80,2.0,4.887544433129554
330,88,5.0,4.854813249173407
330,95,5.0,5.0
330,97,5.0,4.830245437998896
330,121,4.0,4.968702626081763
330,133,5.0,4.831756091421902
330,136,5.0,4.5740903608375545
330,153,5.0,4.623711338881908
330,161,4.0,4.825404944794434
330,172,5.0,5.0
330,174,5.0,4.745508962617581
330,181,5.0,5.0
330,193,5.0,4.6320411803975645
330,200,5.0,4.6274240294733255
330,204,5.0,4.781129024675845
330,208,5.0,4.688500445842335
330,213,5.0,4.812896504120525
330,215,5.0,4.663480337243513
330,235,5.0,5.0
330,255,4.0,4.8367138925230355
330,275,5.0,4.807627238350812
330,277,4.0,4.665861513673989
330,286,5.0,5.0
330,393,4.0,4.693555441615773
330,418,5.0,5.0
330,419,5.0,5.0
330,427,5.0,4.544307004759636
330,447,4.0,4.522683778549085
330,465,5.0,5.0
330,473,4.0,5.0
330,485,5.0,4.670021943593055
330,527,3.0,4.611544251873442
330,549,5.0,4.896736059066238
330,570,4.0,4.6059251562750845
330,575,4.0,4.742570334614432
330,584,3.0,5.0
330,588,5.0,5.0
330,596,5.0,5.0
330,603,5.0,4.634606406298696
330,692,5.0,5.0
330,747,3.0,4.807771818143186
330,763,5.0,4.701063527867384
330,823,3.0,4.790092518432557
330,845,5.0,4.735981409793905
330,1016,3.0,5.0
330,1028,4.0,4.781566722220717
330,1044,5.0,5.0
331,7,4.0,4.086068589764935
331,11,2.0,3.980892020832784
331,47,5.0,3.991425313351059
331,58,3.0,3.9703588570706256
331,59,5.0,3.886968242666013
331,64,4.0,3.9647660575244
331,69,5.0,4.069157398398145
331,81,5.0,3.999537208957311
331,100,4.0,4.258285596130893
331,133,3.0,4.086059566927596
331,180,5.0,4.036681589357761
331,182,4.0,3.960606069574956
331,190,3.0,3.986315938632689
331,215,3.0,3.7992293625902893
331,242,4.0,3.9862825331731453
331,277,4.0,3.982514239043167
331,305,5.0,3.983147589471295
331,454,3.0,3.9595492552377456
331,479,2.0,3.8548247811388987
331,486,3.0,3.8731770610397733
331,503,4.0,3.8967966720653378
331,514,3.0,3.8323204971012874
331,653,3.0,3.9060864549336465
331,702,3.0,4.011466122920345
331,705,2.0,3.799457547361391
331,811,4.0,3.821792120726186
331,868,4.0,3.9667529304189397
331,933,3.0,4.165657889643993
331,947,5.0,3.9190795955819704
331,1100,2.0,4.078301693943606
332,5,5.0,4.8064257699124795
332,7,4.0,4.720602208399436
332,22,5.0,4.829669851115832
332,44,3.0,4.527504184990362
332,53,3.0,4.592698372219003
332,54,4.0,4.997909451515048
332,82,5.0,4.878009729141731
332,95,5.0,4.502224641234588
332,97,5.0,4.482144313510174
332,98,5.0,4.579240453836674
332,120,4.0,4.611310530665471
332,127,5.0,4.6778133225201515
332,144,5.0,4.654026179389912
332,148,5.0,4.854338243564173
332,156,4.0,4.479384141075442
332,174,5.0,4.503575206412387
332,181,5.0,4.892696072456582
332,204,4.0,4.551964644072709
332,218,5.0,4.309466961386659
332,228,5.0,4.71940464702217
332,229,5.0,4.678247314735653
332,232,5.0,4.563419000703593
332,233,4.0,4.388870465368169
332,235,3.0,4.933095249448433
332,249,3.0,4.332790959560228
332,258,5.0,4.786152869058281
332,265,4.0,4.639590607712682
332,271,4.0,4.975018847018833
332,284,5.0,4.554182954525304
332,288,5.0,4.766981195924872
332,291,4.0,4.606318332838639
332,295,3.0,4.907566037058256
332,300,5.0,4.756429470285625
332,326,5.0,4.6410041799514605
332,332,4.0,4.765499363969335
332,342,4.0,4.552316540875802
332,354,5.0,4.459493006197375
332,409,3.0,4.679242818016027
332,410,4.0,4.5188453045956365
332,449,4.0,4.709908772047151
332,451,5.0,4.4203132015684075
332,546,4.0,4.821155847567073
332,566,4.0,4.739861632914313
332,595,4.0,4.6792823007355855
332,655,5.0,4.549632079405856
332,673,5.0,4.408169981530074
332,684,5.0,4.829006160887241
332,693,5.0,4.374373460763519
332,696,3.0,4.7180748083471755
332,717,3.0,4.933914790929991
332,728,4.0,4.639904716818484
332,770,3.0,4.668676837154456
332,831,3.0,5.0
332,866,2.0,4.676822435901796
332,871,3.0,4.362680088324711
332,879,4.0,4.986128636984681
332,928,5.0,4.749472326112206
332,934,2.0,4.553619043703662
332,975,3.0,4.613807063120043
332,978,4.0,4.650204312551966
332,1013,3.0,5.0
332,1016,5.0,5.0
332,1028,4.0,4.4219592479786725
332,1150,3.0,4.544821236522144
332,1188,5.0,4.571912394536027
332,1218,5.0,4.386479291154485
332,1244,4.0,4.556121312811047
333,66,5.0,4.089529895737823
333,79,3.0,4.287078429440436
333,88,5.0,4.016091634535648
333,98,4.0,4.076684388119063
333,180,1.0,4.011498460499578
333,276,4.0,3.9378458547531383
333,315,5.0,3.9877376474436628
333,316,5.0,4.183621216063785
333,739,5.0,4.011039049205189
333,748,4.0,4.554805410120775
333,873,3.0,4.1825990036835785
333,894,3.0,4.122683993440496
334,4,3.0,4.190713919668284
334,7,5.0,4.137968573689958
334,8,4.0,4.150382434576346
334,22,4.0,4.204075898637955
334,52,4.0,3.83913699626414
334,59,5.0,3.7795305649283755
334,69,1.0,4.086809917377279
334,70,3.0,3.965624479157505
334,72,3.0,4.12656796941317
334,77,3.0,4.169021943943576
334,86,4.0,3.884414083863402
334,93,4.0,3.942695234209163
334,100,5.0,4.249955539203418
334,117,3.0,4.314056779593461
334,132,3.0,4.105860354662481
334,135,4.0,4.053270367608942
334,153,4.0,3.726180185880038
334,160,4.0,3.703330372070722
334,168,5.0,3.662595472988502
334,170,3.0,4.033986746028966
334,173,4.0,4.2162611607638345
334,182,3.0,3.8799204714093145
334,183,4.0,4.125150594352329
334,191,4.0,3.890284774702484
334,200,4.0,3.753756971829124
334,204,4.0,3.9891358415209606
334,207,4.0,4.059710704952604
334,210,3.0,3.8104731071157047
334,216,3.0,3.831683148473828
334,222,4.0,4.110612490589089
334,223,5.0,4.056599155640076
334,224,2.0,3.914489826408616
334,227,1.0,3.947306337219082
334,229,2.0,3.9159747762366885
334,245,2.0,4.511738038916576
334,250,3.0,4.131137275685428
334,268,4.0,4.130872970283428
334,269,3.0,4.067128342375295
334,276,4.0,3.9350810245670322
334,282,4.0,3.9723234951625894
334,285,4.0,3.8013909003614357
334,289,3.0,4.086372229084176
334,293,3.0,3.9506899699535465
334,300,3.0,3.9994592148557384
334,302,5.0,4.046534615123661
334,306,4.0,3.8853606363080733
334,311,4.0,4.318682144516932
334,313,4.0,4.366695158993148
334,316,4.0,4.0273643068462235
334,317,3.0,3.8019772057065895
334,319,3.0,4.126245584657125
334,322,3.0,3.929779012931868
334,326,1.0,4.068494613546302
334,340,3.0,3.844076774156721
334,387,4.0,3.8468050687974253
334,396,4.0,3.9650679085890053
334,408,4.0,4.056078232915041
334,421,4.0,3.965101220144938
334,427,4.0,3.6872430336284006
334,436,3.0,3.700097362456244
334,443,3.0,3.7429092058342217
334,449,3.0,3.941625058401202
334,450,1.0,3.9539031533838824
334,461,3.0,3.849635625144928
334,474,3.0,3.759983898264429
334,475,4.0,3.914489826408616
334,476,3.0,3.919370285773745
334,481,5.0,4.014128429265963
334,502,3.0,3.904215353754069
334,505,4.0,3.7570848738300584
334,512,4.0,4.080494357861636
334,514,4.0,3.8583236023089227
334,515,4.0,4.021223404286232
334,525,5.0,3.8573311999388626
334,558,4.0,4.004603032908591
334,566,3.0,3.9680889121643346
334,577,2.0,4.047585392138297
334,603,5.0,3.774364849070399
334,608,4.0,3.977420924184979
334,620,2.0,4.059789965138353
334,628,4.0,4.037074528623168
334,631,4.0,4.301426934874695
334,635,2.0,3.753756971829124
334,652,5.0,3.8405449207894864
334,658,3.0,3.703991948164242
334,663,5.0,3.7491797630262043
334,684,4.0,4.014922601971913
334,693,3.0,3.836618836329282
334,708,4.0,3.796129301123737
334,709,4.0,3.920907021587591
334,716,3.0,4.035455818912417
334,742,2.0,4.169274498750996
334,792,4.0,3.7378027157175246
334,840,4.0,4.093320465925111
334,845,2.0,3.845783519338208
334,870,3.0,3.8710531183831636
334,888,2.0,3.8924929357230194
334,922,4.0,3.706270985174571
334,961,4.0,3.793598837478435
334,1006,3.0,3.864778652355673
334,1008,4.0,3.77620974163008
334,1010,5.0,3.914489826408616
334,1051,4.0,4.023283402455641
334,1073,4.0,3.7039700290348074
334,1108,4.0,3.7599237865423416
334,1133,4.0,3.8251280575355295
334,1137,4.0,4.086798827062953
334,1163,4.0,3.946588458859915
334,1172,3.0,3.7960813732698266
334,1207,2.0,3.7450086361648784
334,1241,2.0,4.241047508608994
334,1315,4.0,4.076935284486216
334,1404,4.0,3.720931022274364
334,1411,1.0,3.894777902360273
334,1524,4.0,3.7318324902072715
335,245,4.0,4.589255792100685
335,260,3.0,4.589678220182245
335,269,4.0,4.263676120606321
335,271,4.0,4.297700852911198
335,288,4.0,3.9283399210272285
335,324,1.0,4.1348163079646865
335,328,3.0,4.542531415622581
335,347,5.0,4.10872916063214
335,678,3.0,4.3973082272002335
336,13,3.0,3.393078359534171
336,49,4.0,3.603887080632923
336,66,3.0,3.76122803690008
336,67,4.0,3.278567910125176
336,108,3.0,3.311119007635714
336,117,3.0,3.6390602997832096
336,124,1.0,3.3423950320161455
336,153,5.0,3.261904698896068
336,154,5.0,3.2528584907582476
336,158,3.0,3.316385820464882
336,202,1.0,3.6509634611400927
336,208,2.0,3.362402901903728
336,216,5.0,3.3701858576548775
336,232,3.0,3.430835770408123
336,239,3.0,3.364723348124713
336,276,4.0,3.3546271660298985
336,282,3.0,3.3766046667793663
336,395,2.0,3.2820521151505737
336,399,3.0,3.6508454930508454
336,405,3.0,3.3816467772187764
336,410,3.0,3.5844460729534964
336,451,2.0,3.5623398125296752
336,571,1.0,3.6255863816081826
336,577,1.0,3.5854831502828017
336,619,3.0,3.3884724538149382
336,655,3.0,3.4449909645348895
336,692,3.0,3.7467757303489897
336,722,3.0,3.507162842929489
336,738,1.0,3.764999678087479
336,742,3.0,3.4804425660321106
336,824,3.0,3.453376473473128
336,845,1.0,3.5007418063579485
336,864,1.0,3.4416462372647474
336,926,1.0,3.5844460729534964
336,999,2.0,3.4083221566653026
336,1012,5.0,3.431013431413207
336,1017,5.0,3.277224691881404
336,1047,4.0,3.5844460729534964
336,1054,1.0,3.4610987072964026
336,1057,4.0,3.6726533964921018
336,1059,3.0,3.253614912092526
336,1074,5.0,3.5118158295891853
336,1098,3.0,3.4416462372647474
336,1218,3.0,3.527981876101676
336,1230,2.0,3.294058788675319
337,106,2.0,4.395432973431067
337,121,5.0,4.851911913881977
337,135,5.0,4.585309502834491
337,229,3.0,4.888728246769069
337,230,5.0,4.901064863309307
337,235,3.0,4.91858680399394
337,257,3.0,5.0
337,371,4.0,4.2820765776214404
337,450,2.0,4.899306060239264
337,631,4.0,4.6548543335315244
337,742,5.0,4.395432973431067
337,1016,4.0,4.791980411527384
337,1133,4.0,4.3623111905952445
338,56,3.0,4.300340583485055
338,79,4.0,4.574926572000398
338,100,4.0,4.501406223218786
338,132,2.0,4.497465472213753
338,133,4.0,4.582510727361816
338,134,5.0,4.225799426335254
338,168,3.0,4.335624816766122
338,170,5.0,4.5713835540216206
338,174,4.0,4.229141913576295
338,194,3.0,4.468919377692941
338,204,3.0,4.515633548073476
338,211,4.0,4.291464332006981
338,212,4.0,4.342358568871379
338,294,1.0,4.294213943079769
338,306,4.0,4.420421004149627
338,310,3.0,4.538478881922771
338,408,5.0,4.654984902260258
338,435,4.0,4.317751335475094
338,462,4.0,4.361655963347925
338,480,5.0,4.3767289408556405
338,483,4.0,4.624659657898184
338,484,5.0,4.525031721056154
338,486,3.0,4.514728984731487
338,494,3.0,4.3780967295631426
338,511,4.0,4.354412460575708
338,516,5.0,4.242077462953553
338,582,5.0,4.7947911294474626
338,603,5.0,4.369416406371418
338,604,4.0,4.246646810577713
338,606,3.0,4.312442343772755
338,613,3.0,4.2536998228343466
338,663,5.0,4.5556364994198
338,792,4.0,4.287699887038814
338,945,4.0,4.866102659876969
339,1,5.0,4.470480910497756
339,11,4.0,4.4551180215369195
339,12,5.0,4.526836404080125
339,23,5.0,4.372228071669936
339,25,4.0,4.461884133887657
339,28,4.0,4.657116921570552
339,30,3.0,4.227531241420915
339,32,5.0,4.222794880032826
339,42,4.0,4.324080130974674
339,47,4.0,4.460359907070824
339,55,3.0,4.9329438994406
339,58,3.0,4.343420540268574
339,65,4.0,4.416883830776126
339,67,3.0,4.2109700680319655
339,73,3.0,4.654327438749849
339,76,3.0,4.462411434393912
339,82,4.0,4.75502605038178
339,97,4.0,4.425743051992912
339,98,4.0,4.517554056881864
339,101,3.0,4.74355937503159
339,126,4.0,4.380178158727111
339,132,5.0,4.615195524783084
339,133,4.0,4.5395565159539455
339,135,5.0,4.574317490585457
339,139,3.0,4.419029986279158
339,153,4.0,4.312349477362802
339,154,4.0,4.269998775593491
339,159,3.0,4.340572194702136
339,163,4.0,4.3101758087687045
339,175,5.0,4.380629309816553
339,181,4.0,4.837355684236464
339,182,5.0,4.440899303030543
339,183,4.0,4.8305162439434515
339,188,4.0,4.624075527470899
339,190,4.0,4.454552733059515
339,192,5.0,4.24361329554982
339,194,4.0,4.464141848141857
339,196,4.0,4.2349304428189525
339,198,5.0,4.181628887637232
339,214,3.0,4.483237320619361
339,226,2.0,4.4329355875477505
339,228,4.0,4.613301669579725
339,231,2.0,4.738020484898038
339,240,4.0,4.306105864783732
339,248,4.0,4.354025096993493
339,258,3.0,4.724347831067572
339,265,3.0,4.465973522277453
339,270,2.0,4.808054761386873
339,286,5.0,4.725314151504107
339,288,3.0,4.432160625384602
339,298,2.0,4.735773287905292
339,302,4.0,4.540563349149137
339,347,4.0,4.44730990838783
339,380,3.0,4.718407864382541
339,402,3.0,4.628884653040767
339,411,2.0,4.771740172300686
339,431,4.0,4.529820611744101
339,435,4.0,4.386384992514265
339,469,5.0,4.29323658472481
339,475,5.0,4.332712444702291
339,478,5.0,4.487814624839807
339,479,5.0,4.274531932209392
339,496,5.0,4.232468024980655
339,509,4.0,4.24817317159508
339,514,3.0,4.361214999569786
339,516,4.0,4.1772664854096035
339,522,5.0,4.523099717561552
339,523,5.0,4.343293641945297
339,525,5.0,4.395199674978965
339,550,2.0,4.443239957384982
339,573,3.0,4.647866796389531
339,582,4.0,4.715388884453879
339,589,5.0,4.2197330803279405
339,603,5.0,4.243373376267527
339,607,5.0,4.352627096472018
339,631,5.0,4.890028744417924
339,632,4.0,4.262758052254424
339,636,4.0,4.7401992468040355
339,642,5.0,4.661393707027911
339,661,5.0,4.124045473958772
339,673,5.0,4.423741158702431
339,693,5.0,4.346314273492873
339,739,3.0,4.414668651833946
339,770,4.0,4.550190665290703
339,772,4.0,4.352173616381006
339,806,4.0,4.582166047133075
339,845,4.0,4.308051184739819
339,856,5.0,4.431667161482943
339,961,3.0,4.361131321081584
339,1030,1.0,4.394599738235687
339,1039,4.0,4.332712444702291
339,1113,4.0,4.228649663408912
339,1139,3.0,4.727738302958887
339,1244,4.0,4.342036983185825
339,1248,3.0,4.268775909695807
339,1301,3.0,4.278320990917144
340,1,5.0,4.783239751263226
340,71,5.0,4.794215257859975
340,172,4.0,4.796303031229495
340,174,4.0,4.298246761301472
340,181,4.0,4.617299403317338
340,186,4.0,4.587748294411753
340,204,4.0,4.426851927836853
340,205,4.0,4.4728235436072215
340,265,5.0,4.293771128054181
340,402,4.0,4.56319993688681
340,405,5.0,4.317311739334831
340,418,5.0,4.710225174423453
340,423,4.0,4.478891731159669
340,435,4.0,4.312180540807738
340,504,1.0,4.220637815875611
340,526,5.0,4.41413806956072
340,1133,5.0,4.51062020295235
341,288,4.0,4.093964580578914
341,292,5.0,4.300416874234764
341,294,3.0,4.078980320091234
341,876,4.0,4.607544086907751
341,877,3.0,4.147577213425937
341,880,5.0,4.143448660360954
341,887,5.0,4.115288523268091
341,948,3.0,4.324772299284854
341,1527,4.0,3.852136588804325
342,4,4.0,4.108318888931038
342,13,3.0,3.795244137628293
342,23,5.0,3.748566309675668
342,25,2.0,4.1049112553588625
342,32,5.0,3.653859642544345
342,56,5.0,3.8261703714333706
342,58,5.0,3.8023702803680437
342,92,4.0,3.9318329619091617
342,95,4.0,3.893202645172756
342,100,5.0,4.1811697099015515
342,108,4.0,3.761768849221382
342,122,4.0,3.953684213840265
342,129,5.0,4.319575170729144
342,132,5.0,3.8950074043701775
342,134,4.0,3.6293995308646476
342,143,5.0,3.6146750891216146
342,156,4.0,3.7107471503884937
342,160,3.0,3.6081509530310005
342,175,5.0,3.6099144584490652
342,179,5.0,3.6812879801186478
342,189,5.0,3.756231441895001
342,191,5.0,3.802749301274164
342,204,4.0,3.853778646729478
342,220,1.0,4.164731914832851
342,237,4.0,4.041453681359923
342,240,3.0,3.7733884381573577
342,255,4.0,3.9879685293261384
342,257,2.0,4.017002084936781
342,274,2.0,4.210664401700719
342,287,3.0,3.848082143565687
342,288,5.0,3.893633275009416
342,297,3.0,3.8066736829299623
342,427,4.0,3.63036192679596
342,483,4.0,3.89796483221373
342,508,3.0,3.801700874131006
342,517,5.0,4.163554243573773
342,518,3.0,3.696474135425867
342,523,4.0,3.800491083105607
342,544,1.0,3.985535936975093
342,558,5.0,3.8768294410041824
342,574,1.0,3.822637126383941
342,581,3.0,3.8996183934266933
342,584,4.0,3.839963554168659
342,591,3.0,4.006113713726358
342,607,3.0,3.7265097558043516
342,655,4.0,3.894870723322531
342,657,5.0,3.748957407922263
342,723,3.0,4.195578037125446
342,724,1.0,3.9788544469928877
342,746,4.0,3.6498007080296104
342,762,2.0,3.8641513575183453
342,764,1.0,4.0862951854839835
342,772,1.0,3.8530789148744096
342,792,3.0,3.7563947252734193
342,813,5.0,3.7273380461167958
342,815,4.0,4.091106338713394
342,928,3.0,4.130039689748404
342,950,2.0,3.8454421111485586
342,952,3.0,3.8459939900671847
342,974,2.0,3.91945551116996
342,975,2.0,3.8761703316953358
342,1007,4.0,3.873659892426328
342,1009,1.0,3.851340173885654
342,1047,2.0,3.9996423867672437
342,1048,1.0,4.47903382561717
342,1071,4.0,3.824154924857581
342,1073,1.0,3.6476426219767393
342,1128,5.0,3.600638417777131
342,1160,3.0,3.7864479358278427
342,1163,3.0,3.9309978486582953
342,1166,1.0,3.686224389458593
342,1300,1.0,4.046582970231093
342,1368,5.0,3.721622590920459
343,8,5.0,4.551487717469096
343,12,5.0,4.450594179096965
343,20,5.0,4.472549832505008
343,25,2.0,4.469528723240637
343,38,3.0,4.6464125331471795
343,44,3.0,4.472713012771041
343,47,4.0,4.4272901752626765
343,48,3.0,4.182335922677006
343,52,5.0,4.343773706709713
343,55,3.0,4.842767292742284
343,62,2.0,4.729756050930459
343,69,5.0,4.549494378154727
343,76,4.0,4.369681360529241
343,82,5.0,4.659336139905709
343,88,4.0,4.4268846230534535
343,97,4.0,4.338777874154974
343,100,5.0,4.641642226410773
343,118,2.0,4.678485423863795
343,121,2.0,4.609173582314663
343,124,4.0,4.420919186043584
343,130,3.0,4.210756304418431
343,132,5.0,4.440242160411187
343,135,5.0,4.480282068892712
343,143,4.0,4.138698568844647
343,147,4.0,4.476593847432319
343,156,4.0,4.336420165939088
343,163,5.0,4.210023227122543
343,164,3.0,4.770597463373226
343,186,4.0,4.4635870094890695
343,187,4.0,4.472518356932199
343,188,4.0,4.4779911909450565
343,191,5.0,4.3230610617191
343,194,5.0,4.379380181454036
343,196,4.0,4.1556382816172155
343,199,5.0,4.349072304921759
343,211,5.0,4.166268009971667
343,214,4.0,4.341931951475132
343,228,5.0,4.459107997184778
343,237,4.0,4.462457426995407
343,250,5.0,4.5424934417577685
343,269,4.0,4.395504612072901
343,275,5.0,4.466189088134283
343,303,4.0,4.278208850166875
343,306,4.0,4.250801041005612
343,333,3.0,4.4577295082480735
343,367,4.0,4.323040475412608
343,371,2.0,4.474502285906402
343,375,2.0,4.363864135678261
343,382,3.0,4.4175977100603445
343,405,4.0,4.4390582328154045
343,423,5.0,4.386257819731858
343,435,4.0,4.280876145930893
343,458,5.0,4.363864135678261
343,474,5.0,4.224455047416779
343,475,5.0,4.370196842106087
343,483,5.0,4.474741769344427
343,498,5.0,4.588556734273989
343,499,5.0,4.105798029314812
343,546,1.0,4.451033852348323
343,569,3.0,4.506768615475386
343,642,4.0,4.482211982646525
343,654,5.0,4.3299603525993495
343,655,5.0,4.445859799688619
343,684,3.0,4.613335934993827
343,702,4.0,4.542096249668954
343,708,4.0,4.228076000364197
343,712,4.0,4.32656963912577
343,724,4.0,4.472990700903567
343,727,4.0,4.469770864221304
343,729,3.0,4.373070896734153
343,778,5.0,4.502644821251958
343,792,5.0,4.247966986612193
343,823,3.0,4.405338072564521
343,919,5.0,4.5239984239290685
343,921,4.0,4.478655404884202
343,951,1.0,4.428557795666679
343,961,4.0,4.379479921513527
343,980,5.0,4.328602775153411
343,1107,3.0,4.363864135678261
343,1132,4.0,4.467357797127146
344,5,3.0,4.364124028994573
344,9,5.0,3.967426357470094
344,12,5.0,4.181328870897807
344,25,4.0,4.2643505230821805
344,39,3.0,4.256545057331132
344,45,5.0,3.9962814666948128
344,58,3.0,3.95341400594285
344,79,4.0,4.262605603220081
344,87,4.0,3.8506331089382093
344,97,3.0,4.038250554554671
344,106,2.0,4.348358245112385
344,111,4.0,4.200445453569287
344,119,5.0,3.778896235053423
344,125,3.0,4.379324956662985
344,148,2.0,4.282167949725483
344,172,4.0,4.4505411512333115
344,175,5.0,3.901958341850952
344,176,5.0,4.2577656591625095
344,181,3.0,4.323315958423321
344,183,5.0,4.215426253951691
344,190,5.0,4.015186170368007
344,191,5.0,3.97801293880722
344,195,5.0,4.271653514115969
344,196,4.0,3.8719286808626845
344,204,4.0,4.108263049077864
344,208,5.0,3.930829245476102
344,213,4.0,4.123197481756541
344,215,3.0,3.8878991707824584
344,222,4.0,4.288643735781946
344,228,4.0,4.07619663530029
344,237,3.0,4.226511994415841
344,244,3.0,4.216842346665691
344,245,3.0,4.532706082822716
344,246,4.0,4.14603031280945
344,248,4.0,4.005911233395102
344,251,5.0,3.993603691972573
344,255,4.0,4.121046696396396
344,268,3.0,4.14603031280945
344,274,2.0,4.354671150328469
344,278,3.0,4.226511994415841
344,283,4.0,4.379324956662985
344,284,3.0,4.2475337252295535
344,286,3.0,4.37936595192571
344,288,4.0,4.1579969282766776
344,295,3.0,4.215343547929383
344,301,4.0,4.0514217832027315
344,303,4.0,4.046617391521805
344,304,3.0,4.137536763393807
344,306,5.0,3.9818496553673626
344,313,3.0,4.413165741381715
344,315,5.0,4.006826176840285
344,421,2.0,4.126457566822747
344,433,4.0,3.942532398768853
344,451,4.0,4.1316119079450235
344,462,2.0,3.9619040159212573
344,471,3.0,4.287482608873871
344,472,3.0,4.312715792472697
344,477,3.0,4.281886771958527
344,479,4.0,3.956086691482554
344,486,4.0,4.08021377828835
344,508,4.0,3.9965262881871206
344,511,4.0,3.893063659480828
344,535,3.0,4.201396851511706
344,537,4.0,3.868042334376498
344,559,3.0,3.9964697131983096
344,568,5.0,4.380816126800707
344,597,2.0,4.341614707534082
344,619,4.0,4.2205888017467394
344,660,3.0,3.8429896605594513
344,663,5.0,3.9181768094625027
344,678,2.0,4.218875801334741
344,684,3.0,4.219817930110997
344,707,4.0,3.8669513277714387
344,716,3.0,4.201126985046526
344,845,3.0,4.10754888465602
344,896,4.0,4.127949783603264
344,1007,4.0,4.03586743243553
344,1050,3.0,4.034285356797316
344,1165,1.0,4.2260631282809875
344,1172,4.0,3.980839648217279
344,1283,2.0,4.043344805675256
345,1,3.0,4.033547433308733
345,13,4.0,3.915718815483216
345,15,4.0,3.9246190339924807
345,25,3.0,4.164278195795737
345,26,3.0,4.002891093862903
345,33,4.0,4.4036343946761844
345,48,5.0,3.869541399884023
345,49,3.0,4.114900321883586
345,51,5.0,4.261372380780621
345,64,5.0,4.05493300436403
345,71,3.0,4.084279932553975
345,77,3.0,4.350372017577401
345,88,4.0,4.118645483088128
345,93,4.0,4.123660844119644
345,98,5.0,4.119141437458244
345,100,5.0,4.405002338895835
345,121,3.0,4.173058705764722
345,126,5.0,4.080349629875889
345,132,5.0,4.120090912236372
345,151,5.0,3.905703046071346
345,172,4.0,4.4040105951210755
345,173,5.0,4.275167757595558
345,174,4.0,3.8848310582488437
345,197,4.0,4.1605463688739786
345,202,3.0,4.195937071073468
345,216,5.0,3.92668076301925
345,221,5.0,3.9960176870411477
345,235,3.0,4.239161568383014
345,246,4.0,4.252946699407461
345,251,5.0,3.9254592787853597
345,269,5.0,4.122263001064005
345,272,5.0,3.9643683334479243
345,282,3.0,4.110488141223584
345,283,4.0,4.387393307338779
345,284,4.0,4.1977019481350055
345,285,5.0,3.9913580372799284
345,289,3.0,4.216100668995467
345,291,3.0,3.981025926977657
345,295,4.0,4.222750840740466
345,297,4.0,4.052526214097719
345,301,4.0,4.062558937267713
345,302,5.0,4.021150885872123
345,311,5.0,4.399336087009884
345,312,3.0,4.164303444307691
345,313,4.0,4.469627756062099
345,315,5.0,4.029611514451035
345,317,4.0,4.0314575586756245
345,325,1.0,4.354891621874974
345,332,1.0,4.3062711979126505
345,333,3.0,4.1491902668425125
345,356,3.0,4.383700516729105
345,367,4.0,3.990976487766006
345,387,4.0,4.022801961735388
345,402,4.0,4.289219363358393
345,403,3.0,4.256312323862261
345,405,4.0,4.098115560877103
345,443,5.0,3.8293395490194597
345,451,5.0,4.070333882112028
345,471,3.0,4.284943306517825
345,473,2.0,3.989112967077192
345,476,3.0,4.058476732045061
345,479,4.0,3.8834607416073816
345,481,3.0,4.096764720247373
345,508,4.0,3.952563690075865
345,535,3.0,4.191942311526222
345,550,3.0,4.052206950809651
345,559,1.0,4.078102020426428
345,582,5.0,4.380610252698159
345,651,4.0,4.24785590720216
345,660,5.0,3.8256797518694676
345,676,4.0,4.214029022025279
345,708,3.0,3.9286007019975155
345,716,3.0,4.197893095759106
345,722,3.0,3.990976487766006
345,724,5.0,4.194117411044732
345,732,4.0,4.23970212341576
345,739,4.0,4.058053106100686
345,748,2.0,4.487180490046262
345,845,3.0,4.005031401246376
345,846,4.0,4.138825241412411
345,866,3.0,4.359964829806174
345,879,2.0,4.324954098660279
345,903,3.0,4.331780918479122
345,919,2.0,4.0502388904001005
345,949,3.0,4.1098285107251975
345,956,4.0,4.07472646849939
345,972,4.0,3.8788650611466813
345,988,2.0,4.227031268221005
345,1011,3.0,3.8999488218466776
345,1014,3.0,3.8720506831597783
345,1016,3.0,4.3328769185744775
345,1017,2.0,3.9960176870411477
345,1047,4.0,4.057435680606802
345,1048,2.0,4.554270950145574
345,1082,2.0,3.9960176870411477
345,1160,3.0,3.982343638147849
345,1247,2.0,3.902695657101233
345,1315,3.0,4.184475188123174
346,4,4.0,4.135925137483737
346,17,1.0,4.046115609592224
346,31,4.0,3.8622537798706795
346,33,5.0,4.186824183973912
346,53,1.0,3.7936813857421536
346,62,3.0,4.233516292056512
346,72,3.0,3.908944605575118
346,76,4.0,3.7161420835470005
346,83,4.0,3.754491432188501
346,94,3.0,3.7246578507983337
346,121,4.0,3.9918670908607146
346,128,2.0,3.950369293923621
346,133,5.0,3.698302336470363
346,134,5.0,3.416379676026591
346,143,3.0,3.4647615410121673
346,158,2.0,3.5241435711719307
346,167,2.0,3.4220132195004567
346,174,5.0,3.7179714562692245
346,176,4.0,4.196033083829251
346,186,3.0,3.8644407135487073
346,187,3.0,3.9210835709523724
346,210,4.0,3.7701186474716435
346,213,3.0,3.712157558872768
346,218,3.0,3.5297476943680954
346,232,3.0,3.8333848858163724
346,237,4.0,3.652672269913502
346,241,4.0,4.0591717075789155
346,245,4.0,4.280957345466888
346,265,4.0,3.89435454208782
346,291,5.0,3.6492177967970365
346,294,3.0,3.448606046185371
346,322,3.0,3.6528522116211835
346,392,3.0,3.6770527130852333
346,405,3.0,3.8882168937802506
346,415,2.0,3.6827840517662565
346,455,3.0,3.572246548830881
346,518,4.0,3.5419313375685264
346,546,4.0,3.881644210204586
346,561,3.0,3.5876933657125134
346,569,3.0,3.6816205052802884
346,582,3.0,3.8976252492677315
346,673,3.0,3.6284098544705934
346,684,4.0,4.103118534636837
346,685,3.0,3.8761572810460114
346,727,1.0,3.6485835617532074
346,732,3.0,3.754491432188501
346,742,4.0,3.8492826877100526
346,780,2.0,3.4592776497882616
346,785,3.0,3.9529548600986035
346,809,3.0,3.954464141947608
346,831,3.0,4.204604040339774
346,879,5.0,4.135721329754878
346,932,2.0,3.708674572478818
346,967,2.0,3.4046576640816837
346,977,3.0,3.8226668279522786
346,1018,3.0,3.457393330596555
346,1090,2.0,3.6160264208692223
346,1110,1.0,4.120326876855941
346,1222,4.0,3.6876178759656466
347,7,4.0,4.17728398819955
347,12,3.0,4.089914608038263
347,22,5.0,4.360671565253544
347,25,2.0,4.1398502996225055
347,55,5.0,4.362512970951585
347,56,5.0,3.8753044784594723
347,65,2.0,3.903423707890485
347,69,5.0,3.9975183969787103
347,73,2.0,4.173324385740357
347,79,5.0,4.353003552956398
347,82,5.0,4.329232996057036
347,85,5.0,3.914113523811517
347,87,3.0,3.75156510251847
347,96,4.0,4.1872176973026685
347,98,5.0,4.042799159336164
347,125,5.0,4.190109106281998
347,127,5.0,4.195578450425919
347,132,5.0,4.1410410794722505
347,144,5.0,4.086089560520102
347,151,3.0,3.9167128697184217
347,168,5.0,3.7012560250007884
347,173,2.0,4.319266552212612
347,182,5.0,3.912721940145438
347,208,2.0,3.8396310627426558
347,215,4.0,3.7685514098228428
347,216,3.0,3.823176668832005
347,222,4.0,4.35539027207161
347,223,4.0,4.16595589401752
347,227,4.0,4.091121155285596
347,230,4.0,4.11051739278099
347,239,5.0,4.216675835950015
347,241,3.0,4.320657369362724
347,246,4.0,3.9601720633920325
347,257,4.0,4.438934324095944
347,268,4.0,3.9601720633920325
347,280,4.0,4.073181010651432
347,286,3.0,4.263311608840214
347,288,5.0,4.149966261515256
347,291,5.0,3.950757726529784
347,294,1.0,3.7549006115761436
347,298,5.0,4.36397378859865
347,300,5.0,4.153869460585024
347,317,1.0,3.8552908225996485
347,318,3.0,3.9738457279202413
347,323,1.0,4.141827978398199
347,324,1.0,3.7715674560074146
347,328,4.0,4.280170864412281
347,385,4.0,4.29669269136314
347,392,2.0,3.9187767365677493
347,410,5.0,4.001174866176285
347,416,3.0,3.8597815154323434
347,423,4.0,4.011158039926944
347,435,5.0,3.9402600166724886
347,462,2.0,3.811775744426064
347,465,3.0,4.129184982806549
347,472,5.0,4.383329991253488
347,475,4.0,4.01657497301647
347,501,4.0,3.978494393964841
347,568,4.0,4.331199730662854
347,588,3.0,3.9772252921203983
347,609,4.0,3.7444309506185056
347,685,3.0,4.24401187530266
347,699,1.0,3.7477592205859738
347,721,5.0,3.854832380023583
347,735,2.0,3.8386695119575958
347,806,3.0,4.111507366522288
347,819,1.0,4.001174866176285
347,827,1.0,4.5687894010413475
347,829,4.0,4.3608690470152744
347,841,3.0,4.415718968825002
347,871,4.0,3.796459687649172
347,879,3.0,4.43161112914277
347,959,5.0,3.770179302447966
347,1028,2.0,3.898203989144535
347,1035,3.0,3.7719669935236735
347,1059,3.0,3.7789405652901373
347,1088,1.0,3.8868323023253772
347,1283,1.0,3.873057811819655
348,1,4.0,4.239492503911111
348,15,4.0,3.9609348650267675
348,100,4.0,4.444433142129228
348,147,5.0,4.383847104926678
348,240,3.0,4.15742958354051
348,245,4.0,4.480444732781055
348,276,3.0,3.938888554935244
348,288,5.0,4.393951661694208
348,294,4.0,3.931615695851273
348,313,5.0,4.223473091124697
348,370,4.0,4.342734571629231
348,405,4.0,4.361037861235917
348,406,4.0,4.379527151597724
348,411,4.0,4.420631662828596
348,472,4.0,4.516349984597399
348,473,3.0,4.340396960346077
348,476,4.0,4.348350576579072
348,628,4.0,4.304715741240942
348,742,4.0,4.4943516030233726
348,819,4.0,4.400539013169414
348,834,4.0,3.924467187408503
348,924,4.0,4.313717530462434
348,928,5.0,4.459208436262779
348,975,4.0,4.377868988407892
348,1028,4.0,3.999293823212181
348,1061,5.0,4.422572063414166
348,1120,3.0,4.245438932600408
349,9,4.0,3.6730998929975183
349,105,2.0,3.691992266776455
349,237,2.0,3.9756143913608715
349,288,3.0,3.919361463182793
349,370,2.0,4.02427964794691
349,411,4.0,3.8555676967390426
349,412,1.0,3.783299802595416
349,455,2.0,3.6639846548854638
349,475,4.0,3.9531163845487076
349,744,2.0,3.96863604121205
349,823,4.0,3.8115956737940255
349,847,4.0,3.7962768905483633
349,1117,3.0,3.8080383026596882
350,1,4.0,4.6015494152385426
350,153,3.0,4.523491608439015
350,174,5.0,4.703224975230381
350,176,4.0,5.0
350,193,4.0,4.614513639609056
350,211,2.0,4.548294669215759
350,228,4.0,5.0
350,286,5.0,5.0
350,324,4.0,4.525730666828223
350,340,4.0,4.528718883886837
350,530,4.0,4.570721580479705
350,589,5.0,4.568323095405507
350,604,5.0,4.451672181797611
350,616,4.0,4.856445137708194
350,657,5.0,4.903184926591328
351,286,5.0,4.552084284894782
351,292,4.0,4.807407867154811
351,313,5.0,5.0
351,340,1.0,4.652074534113865
351,359,4.0,4.856173714542359
351,538,4.0,4.792896644118475
351,750,5.0,4.807407867154811
351,754,5.0,4.815088823208683
351,873,3.0,4.691182602457699
351,879,5.0,5.0
351,984,5.0,4.673584350684202
351,990,5.0,4.756637149922884
351,1105,4.0,4.5532689066207155
351,1316,4.0,4.294937620733914
352,4,3.0,4.411648194484556
352,7,3.0,4.425328046896556
352,55,1.0,4.6897395089230525
352,96,4.0,4.477602015077795
352,173,1.0,4.4494087804830595
352,181,4.0,4.633937747873612
352,182,5.0,4.220860898028223
352,183,5.0,4.62816096681129
352,216,4.0,3.9830718431541143
352,234,4.0,4.1286518568178145
352,568,5.0,4.539504706726674
352,657,4.0,4.217396007774985
352,746,4.0,3.899761003950286
353,271,2.0,4.131029459521419
353,286,5.0,3.6587835884833373
353,300,3.0,3.9697157029221533
353,316,5.0,3.8810901364731034
354,47,4.0,4.174292111828596
354,52,5.0,4.049340847549709
354,57,5.0,4.087860331273937
354,58,3.0,4.087860331273937
354,61,5.0,4.030618596052257
354,70,3.0,4.219236878413624
354,79,2.0,4.164593108576096
354,86,5.0,4.133414263678931
354,87,3.0,3.9367281158089478
354,124,5.0,4.166806458802424
354,131,3.0,4.150659170618403
354,133,3.0,4.219192917174257
354,134,4.0,3.8736072089646023
354,136,5.0,3.853377118048811
354,149,5.0,4.117870685430463
354,152,3.0,4.101251049554322
354,153,3.0,3.9380357196304114
354,155,2.0,4.063214845392862
354,162,3.0,3.91028231530253
354,174,4.0,3.893319662535906
354,175,5.0,3.9130385601378443
354,180,3.0,4.117417902742736
354,191,4.0,4.083658724401002
354,197,4.0,4.271196790343614
354,199,4.0,4.091347948206078
354,208,4.0,3.962016262411224
354,211,2.0,3.9095739659584448
354,213,5.0,4.2659924010411325
354,242,5.0,4.075863546657547
354,257,3.0,4.303557958090364
354,268,4.0,4.324600654354057
354,269,4.0,4.198196117584615
354,276,3.0,4.172930681028444
354,285,5.0,3.989332329226634
354,297,4.0,4.11600307057962
354,318,3.0,4.188766831338842
354,321,2.0,4.088384722576041
354,344,5.0,4.205974738120969
354,382,5.0,4.149940576396089
354,414,4.0,3.909406288234639
354,428,4.0,3.8626482666593223
354,435,4.0,3.9532863542477235
354,462,3.0,4.0226861816961215
354,463,4.0,3.9557114521943575
354,479,4.0,3.923570534329051
354,480,4.0,3.968844152296935
354,483,4.0,4.265142370592584
354,497,4.0,3.847186404434125
354,498,4.0,4.270552006997898
354,508,3.0,4.00827373890556
354,511,4.0,3.9086894727928607
354,529,4.0,3.87337485796653
354,584,5.0,4.236552553264759
354,603,5.0,3.874868278790318
354,605,3.0,3.8170774943888035
354,607,3.0,4.030702320481766
354,629,3.0,4.0032299117638575
354,631,4.0,4.403580720215352
354,651,3.0,4.279970713397537
354,657,4.0,3.9590140987509415
354,659,4.0,3.994828673621533
354,664,5.0,3.971963149754563
354,692,2.0,4.503152112804686
354,694,5.0,3.995375001800479
354,699,3.0,4.020172305222237
354,702,3.0,4.353978135653226
354,705,4.0,4.020644108860956
354,716,3.0,4.273091199636827
354,732,2.0,4.320820658280004
354,736,5.0,4.3815254325859785
354,740,4.0,4.289658178525449
354,847,3.0,4.050818294393082
354,882,4.0,3.9954646372323923
354,900,4.0,4.080169558269918
354,904,5.0,4.037388709807638
354,929,4.0,4.13542278861576
354,953,3.0,4.150831964587325
354,962,4.0,3.9832942917824155
354,1007,4.0,3.989457503213435
354,1101,3.0,4.101139253479559
354,1241,4.0,4.424276111281201
355,300,4.0,4.720341774277255
355,307,4.0,4.798403832285167
355,310,4.0,4.704311325042884
355,336,4.0,4.636667130566464
355,872,4.0,4.568576931156269
355,882,4.0,4.502186811059903
356,272,5.0,4.038985762892311
356,300,3.0,4.016311187887189
356,313,5.0,4.202686033330219
356,328,4.0,4.148566546242709
356,333,5.0,4.293287028116773
356,689,5.0,4.219627689655476
356,748,4.0,4.243509021094467
356,892,1.0,3.982509176348273
356,937,2.0,4.0046413465726465
357,7,3.0,4.484618745847128
357,118,5.0,4.997040826466156
357,125,5.0,4.76796416816371
357,222,5.0,4.743435644269867
357,235,4.0,4.844094294847159
357,237,5.0,4.608834469935129
357,258,4.0,4.47723083677259
357,284,4.0,4.66482056702818
357,287,4.0,4.515966345965011
357,291,4.0,4.309071834255422
357,294,4.0,4.203929552690031
357,326,5.0,4.482120790175691
357,334,4.0,4.44377146563191
357,405,5.0,4.669038090903476
357,713,5.0,4.254507133178168
357,742,4.0,4.7925235225283025
357,819,4.0,4.6632108025727605
357,833,4.0,4.717041743945943
357,864,5.0,4.512222929477379
357,866,5.0,4.867876242601788
357,928,4.0,4.762357185105397
357,977,5.0,4.820628819389358
357,984,3.0,4.21505126683205
357,1095,3.0,4.413282605734421
358,59,4.0,3.9287887845605622
358,132,5.0,4.1753221899034845
358,357,4.0,3.8962820671305547
358,469,4.0,4.020923642441573
358,482,2.0,3.8830108665684704
358,643,3.0,4.219993704979235
358,896,4.0,4.146635708109657
358,1529,3.0,3.8519075829560645
359,1,4.0,4.399107009574723
359,24,3.0,4.713881807147139
359,117,4.0,5.0
359,246,3.0,4.725189619979932
359,250,4.0,4.910681535651562
359,270,4.0,5.0
359,273,4.0,4.760042386962709
359,295,3.0,4.84414735799189
359,313,5.0,4.862897955634072
359,405,3.0,4.7280391676335425
359,455,4.0,4.415090521406991
359,751,4.0,4.857550612437945
359,831,3.0,5.0
360,13,3.0,4.118132132385154
360,14,5.0,4.431603895901861
360,28,4.0,4.504020888295127
360,79,4.0,4.4660754538682435
360,116,3.0,4.092333933790234
360,127,5.0,4.455861155892392
360,134,5.0,4.101821747958024
360,157,4.0,4.510931899722808
360,166,5.0,4.1030198974204835
360,181,4.0,4.725642031186998
360,191,4.0,4.317410042606069
360,194,3.0,4.272940128162705
360,195,3.0,4.549892559433279
360,197,5.0,4.48774411949875
360,207,4.0,4.462968470769885
360,222,2.0,4.6093761660008825
360,237,4.0,4.551175342907483
360,238,4.0,4.06146764932538
360,242,4.0,4.375828816840219
360,251,5.0,4.239973649649888
360,269,4.0,4.361241421178421
360,283,4.0,4.718683523797383
360,302,4.0,4.377933777002907
360,303,3.0,4.33384040161942
360,309,2.0,4.1947695401724445
360,334,4.0,4.401740799358081
360,423,4.0,4.367306256264139
360,496,3.0,4.1411038280924615
360,511,5.0,4.273518798292997
360,588,3.0,4.208774013873867
360,663,4.0,4.122335891546477
360,735,5.0,4.215279613457475
360,963,5.0,4.366185509570465
361,12,4.0,4.2056141632173745
361,14,4.0,4.295696375269065
361,26,3.0,4.116232494204769
361,88,4.0,4.266116704061674
361,97,4.0,4.089238193492088
361,100,5.0,4.41768140876505
361,111,3.0,4.254983832389017
361,148,1.0,4.138018066089722
361,156,4.0,4.02882150239525
361,173,5.0,4.361357965551292
361,179,4.0,4.015749401435166
361,183,4.0,4.257184442176168
361,185,5.0,4.188876020355542
361,197,5.0,4.302541643106851
361,203,5.0,3.8137698070852264
361,222,2.0,4.222477884762526
361,234,4.0,3.950910768155871
361,238,4.0,3.918723246462715
361,273,3.0,4.303221396590226
361,275,4.0,4.26060871206367
361,286,5.0,4.449024155533353
361,340,3.0,3.9303664350022838
361,387,3.0,4.071666504877425
361,402,3.0,4.505591236944396
361,435,5.0,3.998266073093486
361,466,4.0,3.8579842698614284
361,498,4.0,4.282645588130514
361,513,5.0,4.1376338388702445
361,517,5.0,4.452595511973229
361,524,4.0,3.9815770301023274
361,531,5.0,4.402970965198051
361,652,4.0,4.124113808488337
361,654,4.0,4.226469908233018
361,655,3.0,4.252824251648134
361,684,4.0,4.229426377727053
361,709,5.0,4.16871285817403
361,739,4.0,4.253318402834485
361,762,2.0,4.005044253489719
361,934,3.0,4.065636429341148
361,949,4.0,4.197426445126991
361,1041,2.0,4.314837154980992
361,1074,3.0,4.208736218471434
361,1119,3.0,4.161136459334768
362,258,4.0,3.885233061969628
362,268,2.0,3.8223582095410222
362,288,4.0,3.63604731180811
362,294,3.0,3.6221163339254385
362,312,5.0,3.833995340187995
362,333,5.0,4.206645361036352
362,336,2.0,3.9307372814284376
363,2,4.0,3.8779380859453028
363,5,1.0,3.732871463170428
363,9,3.0,3.286481949378324
363,37,2.0,3.358021117663932
363,55,5.0,3.9272157055193766
363,62,2.0,4.028985359692916
363,66,4.0,3.5886530845519693
363,71,3.0,3.5187310656727555
363,81,4.0,3.5791436502607854
363,82,3.0,3.9053790368231422
363,87,3.0,3.256415601321051
363,91,4.0,3.5855708222111673
363,93,4.0,3.490381497844557
363,96,5.0,3.7541809199376406
363,97,2.0,3.4513952647829846
363,101,1.0,3.852552967405787
363,102,4.0,3.3774377422031248
363,114,5.0,3.213125554577521
363,128,5.0,3.6457989538085744
363,134,2.0,3.1830499484598307
363,144,4.0,3.5603081784427166
363,145,1.0,4.000055844486176
363,152,5.0,3.6360298987536206
363,154,4.0,3.2312720870305034
363,155,2.0,3.2999299296821913
363,156,3.0,3.4301920712998566
363,163,3.0,3.3056977570869366
363,169,5.0,3.4755075713702563
363,182,1.0,3.423895870531681
363,183,4.0,3.9589830116690123
363,184,3.0,4.0569971966637315
363,188,4.0,3.5901928647500148
363,189,5.0,3.4570561786380782
363,196,4.0,3.228626406125523
363,212,1.0,3.312863195068351
363,215,3.0,3.2346237302750245
363,217,2.0,3.3521584054975233
363,218,2.0,3.2505660931532585
363,228,3.0,3.7048787488039956
363,229,3.0,3.652452684582612
363,237,2.0,3.4589772044415246
363,265,3.0,3.5583207324249084
363,270,2.0,3.976578627197412
363,288,4.0,3.5812228282575096
363,307,5.0,3.6991405997386213
363,316,3.0,3.4942215197070143
363,336,4.0,3.4810385760041984
363,346,4.0,3.4382321006527232
363,347,3.0,3.496243333336894
363,350,1.0,3.687108924694159
363,351,2.0,3.351171469752174
363,366,2.0,3.2924436440096603
363,370,3.0,3.517675634562962
363,387,1.0,3.3980613599382536
363,391,2.0,3.6540447468083483
363,402,2.0,3.6970363236232657
363,403,3.0,3.82274380015898
363,405,4.0,3.6214669752807502
363,417,1.0,3.3696925763810572
363,426,2.0,3.966139796692791
363,433,4.0,3.2862299095773975
363,461,3.0,3.3615532515641657
363,472,1.0,3.719842767518501
363,473,4.0,3.3913255871127204
363,474,5.0,3.391137566870061
363,505,3.0,3.3337555085751363
363,546,3.0,3.6108649781916227
363,554,1.0,3.6756937955715516
363,555,1.0,3.284063673276691
363,561,2.0,3.4084377980366956
363,569,2.0,3.524787900514364
363,588,2.0,3.3926015303205306
363,591,4.0,3.537600653316485
363,616,3.0,3.5186574150485654
363,658,3.0,3.234090173556818
363,665,2.0,3.9519904599997826
363,673,2.0,3.394707168263638
363,679,4.0,3.4533990419480323
363,685,4.0,3.6056611335937765
363,741,3.0,3.738042940190888
363,746,4.0,3.2215545468294167
363,761,3.0,3.64078890890499
363,767,2.0,3.4714540211590537
363,792,4.0,3.308438876023591
363,802,2.0,3.8588759576060108
363,809,4.0,3.6778983325669374
363,825,4.0,4.1557934742917855
363,906,2.0,3.417140082314213
363,940,2.0,3.380695696732637
363,959,1.0,3.30627659384908
363,1007,5.0,3.3134543472805356
363,1010,4.0,3.362682503802526
363,1016,4.0,3.8974163309439014
363,1019,5.0,3.459882130944009
363,1052,3.0,3.414629692671155
363,1074,2.0,3.483186937314176
363,1099,2.0,3.2697459177871218
363,1168,2.0,3.3034856954072356
363,1228,2.0,3.3040759877483126
363,1267,2.0,3.35026219370427
363,1485,4.0,3.549734163462489
363,1495,5.0,3.35026219370427
364,269,4.0,4.019866404993689
364,288,4.0,3.614643375112097
364,289,3.0,3.763370235686698
364,321,2.0,3.60998781456383
364,690,4.0,3.8668050308568134
364,1048,5.0,4.094562165704558
365,7,2.0,3.8312241643162155
365,13,3.0,3.550694270935599
365,15,3.0,3.5682108551461424
365,25,4.0,3.9289126055161963
365,109,2.0,3.772833744547932
365,124,4.0,3.8919739579024246
365,150,5.0,3.9865142428704416
365,258,4.0,4.059948168432567
365,275,4.0,3.7663560434356973
365,287,4.0,3.7618016475727147
365,289,3.0,4.034877345858965
365,301,5.0,3.8835746372814843
365,321,5.0,3.8717436061286112
365,742,3.0,4.081996802243842
365,813,5.0,3.532338159145318
365,894,1.0,3.8141970325899814
365,908,3.0,3.537036751324231
365,948,1.0,3.970534976038415
365,1017,4.0,3.7579640173241495
365,1048,3.0,4.199472497624372
366,7,2.0,4.5526401588940155
366,56,5.0,4.559662586558793
366,164,5.0,4.784350380321295
366,184,4.0,4.992464146194178
366,185,5.0,4.900874634748366
366,218,3.0,4.546125946482812
366,219,5.0,4.6759764672793676
366,436,5.0,4.770838111534459
366,443,5.0,4.77935125891677
366,447,5.0,4.710519124813418
366,448,5.0,4.775552198344251
366,573,5.0,4.945500215724119
366,672,5.0,4.8255886296298165
366,853,5.0,4.9120118306958
366,854,5.0,4.82923383631265
366,860,2.0,5.0
367,17,5.0,4.788128473718713
367,56,5.0,4.303856066641433
367,100,5.0,4.581705727291056
367,200,4.0,4.482219180399778
367,201,5.0,4.6412072310835795
367,219,4.0,4.390835710500802
367,246,4.0,4.528403250065571
367,250,5.0,4.850047290004421
367,258,4.0,4.876101351081951
367,288,5.0,4.81867122614902
367,326,4.0,4.481441814785198
367,334,4.0,4.515235567004429
367,379,4.0,4.457837175660541
367,436,4.0,4.439953099458222
367,441,3.0,4.728021125640257
367,448,4.0,4.47608233473236
367,452,4.0,4.528991476610886
367,551,3.0,4.481798305514894
367,567,4.0,4.356543152433119
367,665,5.0,5.0
367,760,4.0,4.683871544036995
367,774,4.0,4.698679730109452
367,1012,4.0,4.356186578689333
368,17,5.0,4.020817568221586
368,50,4.0,3.989042472968208
368,96,3.0,3.901705026777124
368,218,2.0,3.441416949325373
368,219,2.0,3.6116071415568687
368,288,3.0,3.995455849986809
368,320,5.0,3.3637362159015627
368,379,4.0,3.6537402622529522
368,396,2.0,3.8452289088020866
368,436,3.0,3.615719565612907
368,551,4.0,3.6947241283760546
368,567,3.0,3.6000937101827426
368,637,2.0,3.7559130578280944
369,114,5.0,4.029473438969457
369,181,5.0,4.744869937049379
369,271,5.0,4.930017470133599
369,948,2.0,4.597349466182404
369,988,3.0,4.529418821835845
370,12,4.0,4.034738264365985
370,22,4.0,4.230495290850847
370,42,3.0,3.937192065126884
370,56,2.0,3.940632863520804
370,116,3.0,3.803462826189988
370,153,2.0,3.90173658634017
370,175,3.0,3.951222943888384
370,209,5.0,4.050977023866308
370,238,4.0,3.8374455355634303
370,257,5.0,4.4578169497861495
370,265,5.0,4.04941342705189
370,493,5.0,3.9852720043292824
370,511,4.0,3.9303574756292416
370,604,4.0,3.9113922027157235
370,608,4.0,4.101497024533085
370,631,4.0,4.309197491170396
370,657,3.0,4.123087930582088
370,659,4.0,4.040478558956926
370,705,3.0,3.8757832922179056
371,24,4.0,4.658383795486018
371,55,4.0,4.817264493959474
371,79,5.0,4.764751316116329
371,97,5.0,4.469848073900872
371,98,5.0,4.46313948374334
371,174,4.0,4.424679103989613
371,175,1.0,4.401993586159173
371,177,4.0,4.476882336512244
371,179,3.0,4.38891788394135
371,237,5.0,4.37826608962172
371,663,5.0,4.519849393627592
371,746,4.0,4.256536445736421
372,12,4.0,4.815836428001944
372,77,5.0,4.938268982113376
372,148,5.0,4.624775417746618
372,159,5.0,4.542838330556491
372,183,5.0,4.935729124956852
372,200,5.0,4.513802944200279
372,219,5.0,4.442637562778768
372,286,5.0,4.738324484235726
372,322,3.0,4.698989795317653
372,325,4.0,4.921356746649579
372,327,5.0,4.868187749647328
372,441,4.0,4.599972498076943
372,448,4.0,4.68712026688776
372,547,5.0,4.477101634174693
372,561,5.0,4.602448648576563
372,574,4.0,4.685260218759235
372,581,5.0,4.857567831088759
372,635,5.0,4.513802944200279
372,649,3.0,4.859536383764171
372,672,5.0,4.455167822575511
372,874,4.0,4.559613873405375
372,1083,3.0,4.79956147509684
373,2,4.0,4.446065416704381
373,15,4.0,3.989298969538292
373,20,2.0,4.171088997870615
373,25,4.0,4.114702824757273
373,28,3.0,4.318741999053478
373,31,3.0,4.188371183371716
373,58,4.0,3.9830623622522716
373,68,5.0,4.528815550094545
373,81,2.0,4.249856179097523
373,82,1.0,4.387753380819547
373,89,5.0,3.98843771635411
373,94,2.0,4.245206654740131
373,97,3.0,4.135930938127139
373,100,3.0,4.22250032648971
373,102,5.0,4.183220983648584
373,105,3.0,3.9081562265632663
373,114,5.0,3.851144671051258
373,117,4.0,4.490012173907095
373,127,2.0,4.255055156665784
373,139,3.0,4.169662258561255
373,151,4.0,4.137309168287791
373,154,5.0,3.921685904448217
373,179,3.0,3.9733272051229327
373,196,5.0,3.8879316960549186
373,204,5.0,4.168068187321265
373,206,4.0,4.304382345543389
373,210,5.0,4.073943811622839
373,211,4.0,3.9098097291374967
373,228,4.0,4.220961403323333
373,230,4.0,4.202078120647364
373,241,5.0,4.46499752079458
373,269,5.0,4.086982644292094
373,278,5.0,4.105620788350049
373,290,5.0,3.8812776210573867
373,318,5.0,4.173175101972043
373,357,4.0,3.8941603016322706
373,378,5.0,3.8887082321601167
373,386,3.0,3.9624622103189973
373,399,3.0,4.579182625110601
373,402,4.0,4.3446966204009065
373,404,4.0,4.128997054898464
373,420,4.0,4.165745674962468
373,427,4.0,3.8289035841705723
373,451,5.0,4.19812140670096
373,474,3.0,3.911935103816462
373,485,4.0,3.9599202748996243
373,487,4.0,4.026593097353848
373,488,3.0,3.8069865700294834
373,494,4.0,3.8723814254385887
373,506,4.0,3.830125041722033
373,514,4.0,4.055969073978083
373,520,4.0,4.064811850209813
373,559,3.0,4.024557554486606
373,566,4.0,4.209731071017315
373,588,3.0,4.233272884134221
373,596,3.0,4.258401510427259
373,598,3.0,4.226803617358789
373,625,4.0,4.137791579846494
373,649,4.0,4.16980272267982
373,651,4.0,4.35356721808459
373,658,4.0,3.8972594802808826
373,694,5.0,3.980726631450692
373,699,4.0,3.9294524697719826
373,704,2.0,4.289315805286433
373,707,4.0,3.8823603766259667
373,709,5.0,4.138322114512034
373,724,5.0,4.178967233400312
373,729,4.0,3.983062362252272
373,732,3.0,4.3352752296791515
373,747,4.0,4.1524712961802
373,842,3.0,4.2769844149390455
373,843,3.0,4.171369834037039
373,849,3.0,4.152722434393838
373,1006,2.0,3.98542889645698
373,1079,4.0,4.13878722823312
373,1135,3.0,4.207809446070495
373,1230,3.0,3.9163740453696727
374,1,4.0,3.726063534644073
374,7,1.0,3.930433884302733
374,9,1.0,3.5202327970060856
374,28,5.0,3.9791558057261383
374,29,3.0,4.030309099629411
374,87,5.0,3.484450632704576
374,111,2.0,3.788986372181887
374,116,1.0,3.498371605314267
374,121,4.0,4.016867472503014
374,122,2.0,3.765935659702414
374,124,3.0,3.7886049808783824
374,125,5.0,3.95217804696164
374,126,3.0,3.7638168964413756
374,127,4.0,3.8872938061597426
374,129,5.0,4.264945545498164
374,147,3.0,3.969832457878831
374,150,4.0,3.9371665118015864
374,159,4.0,3.6315367625018156
374,162,2.0,3.4424618744619724
374,168,1.0,3.4081116064205146
374,173,3.0,3.9915673850643296
374,182,5.0,3.6512701874079325
374,195,3.0,4.106421304727518
374,200,5.0,3.5543531502006354
374,204,4.0,3.7418906120450997
374,210,4.0,3.656973491394228
374,216,5.0,3.507502140914844
374,223,5.0,3.9524103290392096
374,230,5.0,3.8307312526489046
374,231,2.0,3.966201475616597
374,233,3.0,3.596387604741785
374,234,4.0,3.659065314639484
374,237,5.0,3.810452141803234
374,257,3.0,4.107204808162223
374,265,5.0,3.7835919484079192
374,279,4.0,3.4715558505099806
374,280,3.0,3.8261262844118002
374,292,4.0,3.5306655009852173
374,310,5.0,3.671283808401305
374,356,3.0,3.9827913111920874
374,363,3.0,3.6109195101660134
374,369,1.0,3.6681610874146293
374,385,4.0,4.019029599836715
374,405,4.0,3.934175211674014
374,424,1.0,3.5897133656045654
374,427,3.0,3.423143496426995
374,450,4.0,3.834898261161805
374,454,4.0,3.6569764871294725
374,475,1.0,3.7706325964646594
374,476,2.0,3.7830487406023314
374,540,3.0,3.5962679919970912
374,544,1.0,3.7657105672556317
374,552,4.0,3.7266506615137893
374,576,3.0,4.013872795975774
374,581,4.0,3.869750220804398
374,591,4.0,3.9592257850195782
374,651,4.0,3.8671200012159446
374,685,4.0,3.9671100443512963
374,692,5.0,3.9245948141056495
374,717,3.0,4.1690814952901984
374,735,5.0,3.5813099386833693
374,758,1.0,3.851425667321773
374,761,3.0,3.89120209437462
374,770,5.0,3.8060237119091562
374,815,4.0,3.8714397107612806
374,824,4.0,3.717338448634824
374,880,5.0,3.478385413059122
374,930,2.0,4.1113437063123905
374,931,3.0,3.9268162137194134
374,932,1.0,3.899330481801697
374,948,2.0,3.71495320990104
374,952,2.0,3.548616826426876
374,977,1.0,3.9731875417900913
374,1011,4.0,3.633507802762593
374,1028,1.0,3.644959924764739
374,1042,5.0,3.6834306802135703
374,1046,5.0,3.616345160792794
374,1047,3.0,3.7725157978890906
374,1150,1.0,3.8025794142149016
374,1407,2.0,3.7664736053628864
375,39,3.0,4.5119193721084905
375,44,3.0,4.301859889989242
375,77,4.0,4.508248078223294
375,218,3.0,4.179627465064467
375,300,4.0,4.347609410253421
375,356,4.0,4.5953773822550295
375,443,4.0,4.168096740798256
375,566,4.0,4.30972135861672
375,583,2.0,4.413428861134635
375,684,4.0,4.55344109978301
375,761,3.0,4.471485828251568
375,1073,2.0,4.218128794527816
376,14,4.0,4.010426893887951
376,98,5.0,4.044708728730796
376,237,3.0,4.1383094430935286
376,269,5.0,4.08081509995186
376,274,3.0,4.080651675318833
376,275,5.0,4.015908453493586
376,289,3.0,4.0904227619763205
376,762,4.0,3.932385975727058
377,56,4.0,4.1276705536278735
377,100,3.0,4.3859304344685
377,154,5.0,4.132773650254625
377,164,4.0,4.7553436395861395
377,219,3.0,4.172608021034765
377,288,5.0,4.467629016800203
377,313,5.0,4.7746084216368505
377,323,2.0,4.530715307391233
377,354,4.0,4.257895901454388
377,443,4.0,4.227844457167608
377,748,4.0,4.841091445631191
377,751,3.0,4.626671894374159
377,1105,3.0,4.468184437777773
378,4,3.0,4.168503037600955
378,8,4.0,4.115193475361175
378,9,5.0,3.668324684010222
378,10,3.0,3.858795206840607
378,12,5.0,3.8511642460568094
378,29,3.0,4.091521499011718
378,48,5.0,3.601791461568182
378,50,4.0,4.0784224165871485
378,52,5.0,3.762745792651462
378,54,4.0,4.225478727645681
378,63,3.0,3.9627651442156897
378,65,3.0,3.8376747695051883
378,66,3.0,3.9832298605331826
378,73,3.0,4.058426459576756
378,88,4.0,3.868898286016437
378,100,4.0,4.054304252261991
378,110,3.0,4.023874740521138
378,121,4.0,3.964153196944297
378,123,3.0,3.98742487084967
378,133,5.0,3.8271049106612973
378,141,3.0,3.859605027047664
378,148,4.0,3.974072831022052
378,151,3.0,3.769579971343415
378,155,4.0,3.6391846061721522
378,159,3.0,3.6537770842746
378,162,4.0,3.557970247065035
378,172,4.0,4.26782952003914
378,175,4.0,3.607659733305415
378,179,2.0,3.6637913497614636
378,191,5.0,3.7111285075800384
378,194,4.0,3.767033068439242
378,196,4.0,3.58996054026864
378,197,3.0,3.877336109146461
378,202,3.0,3.9216460301469254
378,215,4.0,3.605220223411004
378,222,3.0,4.002195803971992
378,230,3.0,3.8449700393697137
378,233,2.0,3.6627940006027186
378,241,4.0,4.066435484983679
378,252,4.0,4.03424226281835
378,258,4.0,3.9500727456312266
378,272,4.0,3.6087357772574085
378,274,3.0,4.003568630764454
378,276,4.0,3.815944480492221
378,283,4.0,4.023320266014005
378,284,3.0,3.8623842787903637
378,286,5.0,4.05706239771757
378,288,3.0,3.84041640208718
378,289,5.0,3.937779035778461
378,301,3.0,3.6951532827895477
378,302,5.0,3.7369585568279056
378,304,4.0,3.844100153684081
378,321,3.0,3.761106065924497
378,328,3.0,3.977820110979037
378,356,4.0,4.135372650266446
378,367,3.0,3.7524416343774365
378,386,3.0,3.652163900885766
378,396,4.0,3.874567482221601
378,405,3.0,3.890614847750312
378,411,3.0,4.0748635228926195
378,418,3.0,3.8300607770859556
378,419,4.0,3.8275390492037253
378,420,4.0,3.7726867824214727
378,432,4.0,3.829627992987442
378,433,4.0,3.633754455063885
378,447,4.0,3.497582652570837
378,449,3.0,3.882410026662999
378,451,4.0,3.825087334981249
378,465,3.0,4.114694130160831
378,471,3.0,3.9665116207567706
378,500,4.0,3.844100153684081
378,508,4.0,3.6803584569424395
378,527,4.0,3.617679464938558
378,542,4.0,4.082021333490017
378,546,2.0,3.8889709770022707
378,549,3.0,3.972683067552338
378,554,3.0,3.9833374767471312
378,576,3.0,4.0731892490468535
378,596,5.0,3.9135425858027544
378,636,3.0,3.995958556064309
378,655,4.0,3.914799327907985
378,665,2.0,4.028944810686018
378,696,3.0,3.9219131686456996
378,699,4.0,3.7306076948564684
378,723,3.0,4.037410361916001
378,731,3.0,3.977285414427032
378,734,3.0,3.8166065704402383
378,739,4.0,3.787166674228868
378,793,3.0,3.7838174985359863
378,866,2.0,4.00381705380283
378,875,3.0,3.93895969012225
378,896,4.0,3.8106694516934825
378,921,4.0,3.9089903196680726
378,939,4.0,4.094536718690657
378,942,3.0,3.7768029019414313
378,972,4.0,3.6074031505448927
378,979,3.0,3.9742250425617978
378,1028,2.0,3.81826461823335
378,1037,2.0,3.8505447101799666
378,1044,3.0,4.1155563809212365
378,1046,3.0,3.7076184277063353
378,1061,2.0,3.971830708464413
378,1107,3.0,3.7713136154546887
378,1134,4.0,3.767959821997531
378,1180,3.0,3.9244177237124602
378,1220,3.0,3.679128413716383
378,1232,3.0,3.500763177120741
378,1267,3.0,3.7713136154546887
378,1284,2.0,4.152519527682148
378,1439,3.0,3.823822292672387
378,1478,3.0,3.9698842836265866
379,2,3.0,4.727426380537141
379,4,5.0,4.735165877093652
379,8,5.0,4.661192297709248
379,23,4.0,4.290037386865583
379,50,4.0,4.819546804208036
379,52,4.0,4.308749664178889
379,54,2.0,4.714331008493925
379,69,4.0,4.52158312155554
379,82,4.0,4.798455288422929
379,83,4.0,4.540125598746933
379,90,2.0,4.476537656350419
379,98,5.0,4.414967688482291
379,133,4.0,4.383560800078467
379,135,4.0,4.5179004774600635
379,152,5.0,4.528871700623279
379,157,4.0,4.347204605334387
379,164,4.0,4.961061776280216
379,176,5.0,4.747216572320578
379,177,4.0,4.365496027926994
379,192,4.0,4.180973849781805
379,196,4.0,4.190078549941299
379,199,4.0,4.332887590758175
379,202,5.0,4.475038383983796
379,211,5.0,4.208309141339294
379,216,4.0,4.319444915209983
379,230,4.0,4.550330061685008
379,239,4.0,4.677421822734839
379,270,3.0,4.736938139532102
379,284,4.0,4.382464140568706
379,294,3.0,4.175907621870231
379,300,3.0,4.424179633295195
379,391,4.0,4.610482724552251
379,401,3.0,4.293940742824679
379,402,3.0,4.562124353808875
379,417,5.0,4.417435696885642
379,443,4.0,4.259169639947287
379,448,4.0,4.2728630982860665
379,451,4.0,4.3772772692512145
379,452,3.0,4.340459042825911
379,480,5.0,4.323766554686619
379,496,5.0,4.205654523027112
379,504,5.0,4.255224858490499
379,520,5.0,4.3942458695179125
379,522,5.0,4.401150749234524
379,523,4.0,4.290656798823292
379,530,5.0,4.302496138972213
379,554,4.0,4.566768411882079
379,603,5.0,4.202648642443098
379,616,2.0,4.383782598494126
379,637,2.0,4.482874103592457
379,651,4.0,4.644568863129777
379,655,5.0,4.544898916913079
379,686,4.0,4.614721637415865
379,705,4.0,4.19041809560022
379,732,5.0,4.540125598746933
379,735,4.0,4.327398199762213
379,855,4.0,4.748293956656548
379,1032,2.0,4.417300892227683
379,1206,2.0,4.2492622006053
379,1219,2.0,4.657305752989164
380,1,4.0,3.5474243567351023
380,22,4.0,3.8502032770648595
380,59,4.0,3.4791395956835522
380,62,1.0,3.9434705831899706
380,64,3.0,3.5202158113145607
380,69,4.0,3.687967797118745
380,114,3.0,3.2507965777220442
380,118,2.0,3.7406232296773414
380,132,4.0,3.6805393626264133
380,135,3.0,3.7618704385861723
380,154,3.0,3.3653455975374227
380,172,3.0,4.0805082704437465
380,176,3.0,3.972500427644538
380,177,3.0,3.467675212984223
380,180,2.0,3.6402154416936554
380,181,3.0,3.928050500265614
380,185,4.0,3.565413387504139
380,186,3.0,3.6204758990424497
380,197,3.0,3.6078415658530583
380,229,3.0,3.632291888253993
380,241,2.0,3.828212435924114
380,300,3.0,3.549391825264096
380,313,4.0,3.808231761652386
380,427,4.0,3.300687265786475
380,428,3.0,3.338611477927873
380,433,3.0,3.4242715525704748
380,449,3.0,3.703840652110885
380,465,4.0,3.7153401569032325
380,474,4.0,3.4814073107205386
380,483,4.0,3.6529866703401055
380,496,4.0,3.36084546806235
380,518,3.0,3.402807839966633
380,527,4.0,3.4421913560800843
380,530,5.0,3.4283013863365337
380,587,4.0,3.6824442261888835
380,630,2.0,3.468287388613517
380,631,4.0,3.8819162572406585
380,652,3.0,3.464497678130644
380,709,4.0,3.486195866970054
380,732,4.0,3.6615328609149542
380,753,4.0,3.434503352370825
380,856,3.0,3.4662651557817306
380,923,3.0,3.3134368810370125
380,1168,3.0,3.4693002242947943
380,1444,1.0,3.5163451426724723
380,1449,4.0,3.3261472852854497
381,13,4.0,3.9523484283819688
381,30,4.0,3.9191647885781884
381,49,2.0,4.125870688413138
381,50,5.0,4.390800610407202
381,77,2.0,4.383788163450992
381,83,4.0,4.218101602081431
381,97,4.0,4.145985031972784
381,100,4.0,4.389665512045237
381,129,4.0,4.541464663022681
381,133,5.0,4.228000236171129
381,135,5.0,4.250567384589379
381,175,5.0,3.9767408253281236
381,191,5.0,4.121009402651241
381,212,5.0,4.01407928285704
381,216,5.0,4.038725453479169
381,281,2.0,4.226310914415049
381,304,5.0,4.368190911080228
381,378,4.0,3.9564433161548154
381,403,3.0,4.332537964397769
381,459,4.0,4.042892711543838
381,473,5.0,4.466233624661147
381,485,4.0,4.054050012175642
381,495,4.0,3.995901580189625
381,498,5.0,4.314298555719876
381,501,4.0,4.494473054579706
381,512,4.0,4.242809626850128
381,582,5.0,4.402143855152694
381,634,3.0,3.9536799700036678
381,647,4.0,4.1365238280923275
381,652,5.0,4.0595384846526965
381,660,2.0,3.939811539417382
381,694,4.0,3.995030898171268
381,724,3.0,4.206267911689242
381,771,2.0,4.2601678136482715
381,914,1.0,4.2800836446906345
381,1400,3.0,4.218222377740424
381,1439,3.0,4.172605482412091
381,1533,4.0,3.977887677393951
382,9,4.0,3.721977710022901
382,25,2.0,3.9434356096906527
382,98,3.0,3.911465651379174
382,127,3.0,4.025834007891897
382,137,2.0,3.8695634611036875
382,171,3.0,4.021595171790757
382,183,3.0,4.174932136738857
382,276,3.0,3.8520570871474566
382,290,4.0,3.719281186630854
382,474,5.0,3.80774662005276
382,475,3.0,3.917573746514376
382,481,5.0,3.8915556075997344
382,508,3.0,3.790659072976961
382,531,4.0,4.118713918301353
382,546,2.0,3.8886668642784743
382,639,3.0,3.810477258683151
382,717,3.0,4.1972413773120305
382,1142,3.0,3.753476665825811
382,1229,5.0,3.914194734135439
382,1534,4.0,3.8741200088504355
383,9,5.0,4.599567134967632
383,14,5.0,4.897182296614692
383,19,4.0,4.640921448225027
383,86,5.0,4.734957320741445
383,137,5.0,4.778945766637179
383,197,5.0,4.980465408945378
383,313,2.0,5.0
383,319,2.0,4.8601693209102095
383,321,5.0,4.691131692060386
383,425,4.0,4.5577221821203056
383,464,4.0,4.6027237716941
383,474,5.0,4.573874821260773
383,475,2.0,4.780303233297468
383,483,5.0,4.930478600716382
383,505,4.0,4.640586242880871
383,513,5.0,4.797162917199988
383,603,5.0,4.6572928071717214
383,641,4.0,4.761706596255426
383,663,5.0,4.826161736101167
384,272,5.0,4.63869628589398
384,343,3.0,4.7734995508442575
384,347,4.0,4.699567519355669
384,355,4.0,4.660516585405481
384,689,4.0,5.0
384,748,4.0,5.0
385,4,2.0,4.01222774119369
385,29,1.0,3.943951586685758
385,42,1.0,3.65525288091649
385,48,5.0,3.5276344711359924
385,56,5.0,3.7142258855887076
385,79,3.0,3.8632205014346352
385,82,1.0,3.8589161219534907
385,87,3.0,3.4831123706100855
385,99,2.0,3.5794322591510044
385,114,5.0,3.4281611342232
385,128,5.0,3.7253382412077096
385,129,3.0,4.103391546948946
385,153,4.0,3.530582373723506
385,156,4.0,3.6473168877595725
385,168,3.0,3.4503574566224477
385,171,3.0,3.8000852077064673
385,172,2.0,4.162317554142357
385,174,2.0,3.548384256109998
385,180,4.0,3.6951476799000607
385,181,1.0,3.9753937542256663
385,189,5.0,3.678443932464439
385,194,3.0,3.7553333387683447
385,195,1.0,3.9871665893269936
385,199,3.0,3.65841386361779
385,209,4.0,3.790119628307247
385,216,2.0,3.558944709022783
385,218,2.0,3.424299233972797
385,221,5.0,3.5430984770249516
385,224,2.0,3.6226562656634504
385,249,2.0,3.496165616289889
385,253,3.0,3.857112449948172
385,257,3.0,4.019485396841471
385,262,4.0,3.563489938865137
385,285,5.0,3.5316336367338392
385,286,3.0,3.949415201834299
385,290,3.0,3.5571451788906625
385,293,3.0,3.682661293165268
385,304,3.0,3.617398103566161
385,325,4.0,3.8313911051778056
385,337,4.0,3.9893567791790376
385,340,4.0,3.543583176553565
385,367,4.0,3.6396489100489813
385,385,1.0,4.000149845122669
385,403,3.0,3.951187322860733
385,408,5.0,3.854615581024619
385,423,2.0,3.736131169982524
385,435,3.0,3.5923059693092387
385,447,3.0,3.474436919337652
385,458,3.0,3.644769050926322
385,462,2.0,3.5752595716326243
385,474,5.0,3.5650743412209267
385,480,5.0,3.6214427171742405
385,485,4.0,3.5456074269677575
385,489,5.0,3.790086216700143
385,500,4.0,3.617398103566161
385,503,3.0,3.647013837869551
385,523,4.0,3.6260337295096767
385,524,5.0,3.5541699068317305
385,526,3.0,3.705897034535566
385,606,4.0,3.495472444027178
385,629,2.0,3.5927526035139694
385,661,4.0,3.3669988259890133
385,663,4.0,3.593805542645586
385,673,2.0,3.6493978537473044
385,705,3.0,3.5226602228246433
385,767,1.0,3.710864440776335
385,794,2.0,3.8821374302895295
385,922,4.0,3.4941032061129147
385,942,2.0,3.5646607959775847
385,965,4.0,3.5990542849182137
385,1010,3.0,3.6226562656634504
385,1021,5.0,3.496112070289586
385,1071,4.0,3.595651622114727
385,1129,5.0,3.8481958527394244
385,1135,1.0,3.774518434369286
385,1353,4.0,3.5366431349196294
385,1367,5.0,3.539407644338479
385,1411,3.0,3.695623169358935
385,1536,5.0,3.572797414467228
386,7,3.0,4.158659530019643
386,50,4.0,4.592387318755124
386,121,3.0,4.482698903808995
386,455,3.0,4.190261016126787
386,546,2.0,4.577017914758841
387,2,4.0,4.12836091099557
387,24,5.0,3.9466757983218526
387,31,3.0,3.893775925447522
387,32,5.0,3.492067325390343
387,39,3.0,4.103318499605582
387,46,3.0,3.591302785815199
387,48,4.0,3.473879927217425
387,52,5.0,3.606983216439046
387,55,3.0,4.170415580075847
387,56,5.0,3.6826801478670106
387,58,4.0,3.591302785815199
387,69,3.0,3.818058695288527
387,71,2.0,3.904976711640283
387,81,3.0,3.7756808865734257
387,82,4.0,4.084878415501267
387,83,4.0,3.7928518335489363
387,116,3.0,3.5443835197460904
387,133,2.0,3.7420712404912426
387,136,3.0,3.421612725365976
387,144,3.0,3.7871697685974204
387,152,1.0,3.826923863959097
387,168,5.0,3.4264320284729015
387,169,5.0,3.769829496308124
387,180,4.0,3.7069207754895093
387,182,5.0,3.7145925038773466
387,183,4.0,4.097950781245281
387,189,5.0,3.7748969980986553
387,198,4.0,3.4657889758475324
387,199,4.0,3.6968380505823086
387,200,5.0,3.5783496771617695
387,201,5.0,3.8993793658107077
387,202,3.0,3.750478160151227
387,203,4.0,3.4928516640411953
387,208,3.0,3.5855759712631223
387,210,4.0,3.663955608889955
387,218,3.0,3.466817297693185
387,224,5.0,3.6552374937344183
387,227,4.0,3.87155066754062
387,268,3.0,3.726957010424838
387,288,3.0,3.7751547453507586
387,294,2.0,3.4675591788483002
387,317,4.0,3.6258641493936485
387,333,3.0,3.801666155093829
387,380,2.0,4.023405098625422
387,381,4.0,3.7269826426500754
387,393,2.0,3.529359904409799
387,414,4.0,3.4718554613280923
387,418,3.0,3.7594977650076618
387,423,3.0,3.8192838854674163
387,431,3.0,3.7845767782509196
387,432,4.0,3.7616323241362486
387,436,4.0,3.5237149400613172
387,441,1.0,3.5773108746737354
387,444,4.0,3.843606764722732
387,447,4.0,3.457784672134372
387,448,3.0,3.5662816178045853
387,458,1.0,3.679526468946928
387,461,5.0,3.6943251340618914
387,488,3.0,3.42792220705671
387,501,4.0,3.7570881957535476
387,514,3.0,3.6024350508229532
387,520,4.0,3.71088656189407
387,559,3.0,3.6719115241980087
387,561,3.0,3.671085932357257
387,564,1.0,3.7271733667803497
387,566,3.0,3.8484433180481767
387,578,2.0,3.9885503468059946
387,651,2.0,3.990875658599388
387,672,2.0,3.5277392250636534
387,674,2.0,3.4469983240442796
387,692,1.0,4.022304261502455
387,693,5.0,3.679526468946928
387,697,1.0,3.7005663770245616
387,744,3.0,3.773837393899936
387,773,4.0,3.495616977858817
387,844,5.0,3.6298877201422424
387,845,4.0,3.607136587134518
387,854,5.0,3.6027623602687098
387,942,4.0,3.623935351018715
387,943,4.0,3.50013213327148
387,984,1.0,3.473277744293724
387,1007,5.0,3.567455358912033
387,1008,4.0,3.538827206903279
387,1012,4.0,3.684459232786308
387,1014,3.0,3.4922319328938958
387,1019,4.0,3.6860428502417206
387,1069,2.0,3.9858203523103017
387,1097,3.0,3.6403901314413556
387,1115,3.0,3.946634543573026
387,1118,3.0,3.476835332570264
387,1143,5.0,3.8963602083772533
387,1166,3.0,3.510851373776899
387,1199,5.0,3.6106696221494397
387,1538,3.0,3.79970846182012
388,5,4.0,4.732722834738996
388,56,3.0,4.391776392766662
388,117,5.0,4.872939738179694
388,147,4.0,4.613650661137854
388,184,4.0,4.703453140290314
388,310,5.0,4.675971957676389
388,313,5.0,4.846730689059313
388,326,5.0,4.615081112436322
388,690,5.0,4.504185486976987
388,816,4.0,4.3202367944633275
389,4,4.0,4.390110261208639
389,28,4.0,4.203661753416978
389,29,2.0,4.296814691396011
389,38,2.0,4.216681440885565
389,53,2.0,4.002553705389459
389,71,4.0,4.342791189599561
389,98,4.0,4.105954138417964
389,100,5.0,4.306818536531805
389,109,3.0,4.101833888966368
389,111,3.0,4.216449758340452
389,124,4.0,4.097023209669325
389,136,4.0,3.840461282173294
389,142,3.0,4.1451961876181525
389,151,4.0,4.086604836591346
389,153,3.0,3.9479465743753765
389,159,2.0,3.9583779283660716
389,160,4.0,3.845299233883744
389,176,4.0,4.247943723538102
389,194,4.0,4.173296386263972
389,204,4.0,4.143638769650089
389,216,2.0,4.029871195686189
389,217,3.0,3.997252942824494
389,249,3.0,3.8772688091575613
389,275,5.0,4.128943462670664
389,378,5.0,3.891310704669905
389,395,2.0,3.9599474834259305
389,402,3.0,4.38473647881918
389,404,5.0,4.089557347289112
389,414,4.0,3.937340700201535
389,429,4.0,4.10459803765696
389,478,5.0,4.22339249621971
389,479,4.0,3.9587838150165817
389,490,3.0,4.226472124281828
389,492,5.0,3.860840758088166
389,493,5.0,3.964056346902015
389,496,4.0,3.9256920657997467
389,498,5.0,4.2997293993528665
389,502,4.0,4.142782338859245
389,504,4.0,3.9487471601734887
389,507,5.0,3.91968521204302
389,517,4.0,4.385944255659167
389,518,4.0,3.936685570444718
389,550,3.0,3.995676349481287
389,583,2.0,4.04012783159127
389,607,3.0,4.013072314155964
389,613,5.0,3.8756934293419727
389,656,5.0,4.068374583273022
389,662,3.0,4.1584839260205735
389,699,5.0,3.9415988045933563
389,705,5.0,3.994830054932266
389,715,3.0,4.33478213924784
389,736,5.0,4.269248811200146
389,756,2.0,3.967339193364997
389,778,4.0,4.269892570243982
389,785,3.0,4.769179561520524
389,792,4.0,3.9825373861568565
389,836,4.0,4.176396309120994
389,845,4.0,4.075995636582443
389,942,3.0,4.016701311635761
389,955,4.0,4.2411237529497114
389,1052,2.0,4.053173614752222
389,1074,2.0,4.176133173667291
389,1119,3.0,4.077617734277034
389,1203,5.0,4.29337339839482
389,1286,5.0,4.1723518328608895
389,1298,5.0,4.139516429239567
389,1451,5.0,3.815676155641452
389,1518,2.0,3.9142795632060046
389,1530,2.0,3.9539233585844915
390,100,5.0,4.52644908958348
390,124,4.0,4.246764277743783
390,181,4.0,4.132919111688805
390,289,3.0,4.365934539225124
390,304,5.0,4.047165882404422
390,328,4.0,4.229244773115356
390,331,2.0,4.157939578218674
390,713,4.0,4.1177823795162345
390,740,4.0,4.2976178075611635
390,989,5.0,4.031764478575679
390,990,4.0,4.209566377561623
391,15,4.0,3.9892921421959997
391,26,5.0,4.086337522850902
391,47,4.0,4.121638949897742
391,56,5.0,4.147125891850259
391,97,4.0,4.1720289264559565
391,127,5.0,4.336497508966751
391,134,4.0,3.8948937323385238
391,180,5.0,4.182545930036733
391,188,3.0,4.292033509623941
391,195,2.0,4.415591385894722
391,197,5.0,4.2687450303165955
391,203,4.0,3.87988361657239
391,204,3.0,4.0715927312946905
391,238,5.0,3.871607772686097
391,264,1.0,4.1887475534573175
391,286,4.0,4.485451943796894
391,300,2.0,4.187533906835457
391,357,5.0,3.934046267252278
391,474,5.0,3.9578276953389624
391,497,3.0,3.8752901787732714
391,507,4.0,3.9815048824599697
391,527,3.0,3.9783100396980418
391,530,5.0,4.011527316223951
391,748,3.0,4.549066181058769
391,924,2.0,4.143014127271431
391,1101,4.0,4.130203967164551
392,8,5.0,4.5343069590317935
392,23,5.0,4.337766207182706
392,98,5.0,4.447964088354775
392,129,4.0,4.7469762818017625
392,165,5.0,4.190582873098158
392,166,5.0,4.178532014566923
392,178,5.0,4.225032342988064
392,179,5.0,4.31505956476186
392,258,2.0,4.8608006995518585
392,276,4.0,4.358660280396292
392,285,3.0,4.237608793604347
392,286,2.0,4.640227763668517
392,293,4.0,4.5963996622453305
392,298,1.0,4.81828289878601
392,302,5.0,4.610198074199371
392,319,5.0,4.497956237022719
392,321,5.0,4.300257436296924
392,333,4.0,4.8152924430554656
392,492,4.0,4.18767781741238
392,511,5.0,4.3116365621130015
392,534,4.0,4.639244432219829
392,538,2.0,4.6760865514309895
392,632,5.0,4.23317393634753
392,847,4.0,4.310103815829238
392,872,4.0,4.476313513080159
392,873,3.0,4.65648453476202
392,1014,3.0,4.377038722025783
392,1142,5.0,4.207816305239562
392,1143,4.0,4.43427451850668
392,1160,2.0,4.43176579806868
393,2,4.0,4.1129356563272115
393,12,5.0,3.794202402279319
393,15,3.0,3.6032876701704497
393,21,3.0,4.087081485245105
393,25,2.0,3.887083540301161
393,27,4.0,3.662143487663903
393,31,4.0,3.804879945112684
393,36,3.0,3.8029552104046163
393,38,4.0,4.006619138510539
393,41,4.0,3.6300492951150956
393,49,4.0,3.8014590980538374
393,50,5.0,4.044838241925692
393,54,4.0,4.111666138786296
393,55,4.0,4.152415673813586
393,62,4.0,4.184580313798919
393,67,3.0,3.572530804692919
393,70,3.0,3.8203083262977655
393,71,3.0,3.9797390110812945
393,83,4.0,3.895350582634749
393,88,3.0,3.778470276888969
393,94,4.0,3.855715268173206
393,100,1.0,3.9576425072874746
393,110,2.0,3.9921242659166403
393,123,4.0,3.9711735905972203
393,126,4.0,3.7019491941979554
393,128,3.0,3.791876947511673
393,136,5.0,3.4276047980737743
393,142,4.0,3.7754362766777363
393,148,4.0,3.9477033214425723
393,169,3.0,3.7875816447802912
393,189,4.0,3.732706108999147
393,196,4.0,3.4438282484961076
393,202,3.0,3.833927409715582
393,215,4.0,3.4547957548712063
393,222,4.0,4.02081523451357
393,223,4.0,3.790948377474469
393,227,4.0,3.808589055780118
393,233,3.0,3.574875658123066
393,241,4.0,3.955804854676299
393,252,3.0,4.05830445492644
393,265,4.0,3.7452726264264395
393,275,4.0,3.747614942428641
393,278,4.0,3.7555020534774703
393,294,4.0,3.5540204694178392
393,303,4.0,3.6433288947702596
393,313,4.0,4.060370528845607
393,318,3.0,3.729391374117973
393,323,2.0,3.8466047084892048
393,328,5.0,3.96526907555224
393,342,5.0,3.795015913093557
393,349,3.0,3.737366374358711
393,355,3.0,3.9497528778957545
393,362,3.0,3.7820211835939967
393,363,3.0,3.6562774883915545
393,365,3.0,3.650265839542898
393,366,4.0,3.582280581410877
393,374,3.0,3.76259688086291
393,378,4.0,3.551320695998882
393,380,2.0,4.003703374708714
393,386,4.0,3.5766293746360533
393,394,5.0,3.871441340786151
393,396,1.0,3.817699973806758
393,402,3.0,3.908064324748519
393,403,3.0,3.9596565544188507
393,419,4.0,3.8074125610550276
393,420,3.0,3.7398144834298357
393,431,2.0,3.756872956055575
393,456,3.0,3.7486576387727584
393,471,4.0,3.8203382220592697
393,500,4.0,3.842605881674506
393,527,3.0,3.478351597381063
393,539,3.0,3.839956607062808
393,546,2.0,3.8455173403451015
393,554,4.0,3.937667793060932
393,568,4.0,4.12183535857017
393,576,3.0,3.9910463354600907
393,591,5.0,3.793544657952061
393,596,4.0,3.8926564373109622
393,633,2.0,3.539663635706777
393,651,4.0,3.843727886072146
393,659,4.0,3.678819976837874
393,672,3.0,3.447895115803951
393,681,3.0,3.543294896062745
393,683,4.0,3.662527713785358
393,686,4.0,3.912651117840761
393,690,4.0,3.6256806592934825
393,705,4.0,3.5349642273126514
393,715,1.0,3.963565918275712
393,725,2.0,3.6480024795020003
393,728,3.0,4.040328175959415
393,737,2.0,3.937516030275765
393,742,4.0,3.889207473167363
393,747,4.0,3.7313595476714205
393,756,4.0,3.614801637352287
393,763,5.0,3.6423756942040515
393,778,3.0,3.8616588370758747
393,779,3.0,3.651625694875767
393,781,4.0,3.8358282307590845
393,783,3.0,3.851224646871491
393,789,1.0,3.7912792995001277
393,792,1.0,3.6411524247252363
393,805,2.0,3.7036880936984913
393,812,3.0,3.94988434535484
393,831,1.0,4.105190994328253
393,836,4.0,3.7083100465851846
393,840,4.0,3.9347167441470683
393,890,1.0,3.720574346264284
393,932,3.0,4.0334171997762525
393,940,2.0,3.739136397743369
393,953,4.0,3.7912792995001277
393,1032,3.0,3.8420178479906943
393,1034,2.0,4.0724849456697765
393,1043,3.0,3.641964394074937
393,1047,3.0,3.7429255656785982
393,1048,3.0,4.222692170193747
393,1053,3.0,4.01209142660706
393,1091,2.0,3.840538070739526
393,1092,3.0,3.6582207224395344
393,1095,2.0,3.585614046266356
393,1139,3.0,4.011423471818828
393,1165,3.0,3.832479857843958
393,1169,5.0,3.668262549726661
393,1179,4.0,3.6898019860027107
393,1183,3.0,3.9557808974919286
393,1206,3.0,3.575994773643341
393,1215,3.0,3.9305093182985953
393,1219,4.0,4.15674101441786
393,1221,3.0,3.5915927478637224
393,1285,3.0,3.604851112350059
393,1314,3.0,4.009948994240974
393,1441,3.0,3.7406108743084285
393,1446,5.0,3.6070083289025443
393,1469,3.0,3.8421881165464793
394,42,4.0,4.060889411002909
394,67,5.0,3.981806894198853
394,88,3.0,4.14157229637544
394,97,4.0,4.172553621598248
394,117,5.0,4.778164438120638
394,121,4.0,4.566926579264836
394,161,4.0,4.320224257850715
394,174,5.0,4.230382144171943
394,181,4.0,4.737105134657776
394,217,5.0,4.066807985304406
394,218,4.0,3.925398978057442
394,227,4.0,4.52467015218313
394,228,5.0,4.567217300181879
394,232,4.0,4.301657325323246
394,423,5.0,4.329277675521602
394,450,3.0,4.567326995875199
394,508,4.0,3.9735156278627572
394,552,3.0,4.347044399962058
394,559,4.0,4.108568272698992
394,568,5.0,4.609874657438503
394,773,4.0,3.978113897375748
394,979,5.0,4.208198849087716
394,1079,3.0,4.12332336812925
394,1210,3.0,4.512288084535603
395,64,5.0,4.033470995157404
395,121,3.0,4.457300561671694
395,151,3.0,4.16077572254481
395,172,5.0,4.788549711640182
395,174,5.0,4.19716375252468
395,255,3.0,4.225282963446977
395,315,5.0,4.098946820313227
395,365,5.0,4.0340022010339425
395,632,5.0,4.015363139354051
395,892,3.0,4.3971593709952055
395,924,4.0,4.228155953256106
396,1,4.0,3.5189386082499774
396,106,4.0,4.172632936096935
396,148,4.0,4.054513167086366
396,260,3.0,3.963153475758225
396,274,4.0,3.5198076712354847
396,291,4.0,3.6778046405112863
396,322,4.0,3.6819969470527383
396,328,4.0,3.9137330436004563
396,678,3.0,3.8883066287040524
396,751,3.0,3.880134663184143
396,841,4.0,4.227256511579242
396,930,3.0,4.178653146041347
396,977,3.0,4.0358848214270076
396,986,4.0,3.6125117898100805
396,1025,4.0,4.498367509027059
397,7,5.0,4.441340800880768
397,56,5.0,4.199379032536974
397,108,4.0,3.968120091369901
397,117,3.0,4.609967897916906
397,178,5.0,3.9855298677034385
397,183,4.0,4.581185427463464
397,194,3.0,4.183287583407111
397,221,4.0,4.038089025134156
397,261,1.0,4.316909040978292
397,322,1.0,4.273460599283497
397,324,2.0,4.1099022069481475
397,325,3.0,4.382986342215119
397,327,2.0,4.501868972813069
397,334,3.0,4.4497222291987715
397,479,4.0,4.118253249405245
397,657,5.0,4.180860544015285
397,705,5.0,4.0144675513478925
397,894,1.0,4.376604153676698
397,988,1.0,4.374080784151203
397,1018,4.0,3.9592685507856085
397,1019,3.0,4.149733094717004
397,1298,3.0,4.118894879331017
398,12,3.0,4.052535359286083
398,15,5.0,3.845382436969715
398,31,3.0,4.068558558904431
398,50,5.0,4.281825853333087
398,58,4.0,3.870719932595714
398,64,4.0,3.930138741333192
398,65,3.0,4.055614447547385
398,69,5.0,4.197816797742056
398,70,4.0,4.104583128985409
398,144,5.0,3.9501630987280314
398,152,4.0,4.052569477328321
398,162,5.0,3.7442488085248167
398,172,5.0,4.487938588143964
398,176,4.0,4.192009182948087
398,181,4.0,4.275170857316992
398,191,4.0,3.905638966585899
398,199,4.0,3.9438666815756176
398,204,4.0,4.052376163556633
398,216,5.0,3.9614947200674666
398,227,2.0,4.022974054024088
398,228,5.0,4.044960305255161
398,234,4.0,3.896821110157779
398,276,4.0,3.975603458447311
398,284,2.0,4.120974961110377
398,357,4.0,3.7605872225806976
398,393,5.0,3.899830396261063
398,417,3.0,4.008332510706523
398,423,5.0,4.029787135664213
398,479,4.0,3.9017019733872886
398,481,3.0,4.164598220170577
398,493,5.0,3.887797733787847
398,501,3.0,4.111794705321888
398,504,3.0,3.8946952631732277
398,514,4.0,3.98158077202236
398,520,5.0,3.988350171455072
398,648,5.0,4.12548375237675
398,654,4.0,3.9725508823894713
398,659,3.0,4.00712372399366
398,661,3.0,3.7269369751501413
398,991,2.0,3.725414225851937
398,1119,4.0,3.971106754352758
398,1450,5.0,3.9093438067020547
399,2,3.0,3.7887799585695827
399,8,3.0,3.629961113762878
399,22,3.0,3.7048623617861924
399,33,3.0,3.7154277873164325
399,42,2.0,3.222016749365543
399,62,3.0,3.8156885348768887
399,71,3.0,3.5470678876723376
399,73,3.0,3.5608056012902756
399,94,5.0,3.3838930720969365
399,114,4.0,3.07181508981823
399,127,2.0,3.505086301341076
399,128,3.0,3.458584783157156
399,148,4.0,3.5306952052628424
399,154,3.0,3.0795202828410853
399,168,3.0,3.01593887235965
399,173,3.0,3.65605303989867
399,175,3.0,3.228829976710049
399,196,5.0,3.086362518264923
399,219,3.0,3.089888667757875
399,229,2.0,3.447062677926799
399,230,3.0,3.4752699271747467
399,273,3.0,3.704621810924241
399,274,3.0,3.4627083924521074
399,284,2.0,3.296333739954594
399,295,4.0,3.496637179221432
399,323,1.0,3.415339210235985
399,372,3.0,3.265163372001124
399,383,2.0,3.559336662316362
399,389,3.0,3.4386484128219514
399,400,3.0,3.4713627220142245
399,402,3.0,3.4608371542231677
399,418,3.0,3.375094887124051
399,436,2.0,3.0831713060714856
399,459,4.0,3.2450695661307
399,475,5.0,3.2079294922057784
399,486,3.0,3.2112444913514158
399,527,3.0,3.0702652733950977
399,531,3.0,3.4108699025652904
399,550,3.0,3.410079337413425
399,568,2.0,3.7046617473676418
399,578,2.0,3.569071665693533
399,588,5.0,3.3745797613054327
399,591,3.0,3.395832829935124
399,655,3.0,3.447611475141921
399,679,3.0,3.2937837647335257
399,732,2.0,3.391149703074356
399,742,4.0,3.4576104971931243
399,744,3.0,3.301966401049858
399,763,2.0,3.137506680922969
399,768,3.0,3.5480089218247017
399,772,4.0,3.2708959685082375
399,774,3.0,3.348210039783262
399,813,3.0,3.219601854455989
399,817,4.0,3.2637788189396493
399,924,5.0,3.331911730940517
399,946,3.0,3.32133310536257
399,959,3.0,3.145435799517864
399,986,3.0,3.1345353155889653
399,1135,2.0,3.372197972959801
399,1179,2.0,3.2160836927309147
399,1220,2.0,3.177193017700659
399,1228,3.0,3.189853096760513
399,1232,3.0,3.0114310131638495
399,1274,1.0,3.4613418784623864
399,1279,3.0,3.397854199351158
399,1314,3.0,3.6248847477991464
399,1401,3.0,3.1477815096058532
399,1459,3.0,3.13940499467842
399,1543,3.0,3.2079294922057784
400,259,3.0,4.143765076009793
400,300,4.0,4.256410983355389
400,328,3.0,4.39303643730473
400,689,3.0,4.482812224704585
400,895,4.0,4.361626538427553
401,13,2.0,3.309789214551757
401,26,3.0,3.42383661703796
401,50,1.0,3.7734663143614666
401,65,4.0,3.4786640271644673
401,70,4.0,3.534011827771838
401,100,4.0,3.7565544946576757
401,111,4.0,3.587272713071397
401,117,3.0,3.8739425487215846
401,135,1.0,3.557233780405661
401,137,3.0,3.456630658034458
401,162,5.0,3.2864712619706333
401,173,3.0,3.794577346456577
401,196,5.0,3.293440681754961
401,198,4.0,3.2179312063336027
401,199,3.0,3.5100820992405097
401,204,5.0,3.426790956758708
401,210,4.0,3.3847497189372175
401,225,1.0,3.564117988312848
401,273,2.0,3.662997999539516
401,284,3.0,3.6182788367955867
401,294,1.0,3.3016582303010553
401,322,2.0,3.443769862261336
401,342,1.0,3.5655428582937985
401,385,3.0,3.7893975995804032
401,435,5.0,3.3999036957659206
401,462,4.0,3.39605243786373
401,473,1.0,3.561448182517743
401,485,4.0,3.3640658347699177
401,486,4.0,3.512779636827968
401,499,3.0,3.2499117758929783
401,501,2.0,3.544529351779446
401,519,4.0,3.268543855556908
401,520,3.0,3.4893715469528654
401,527,4.0,3.303719820971062
401,603,4.0,3.3284354786473878
401,609,3.0,3.2355727592893717
401,638,4.0,3.3024536074986584
401,654,3.0,3.458626899785325
401,661,3.0,3.1785808952295787
401,866,3.0,3.7665458501954108
402,7,4.0,4.476959764014676
402,16,3.0,4.115630492189133
402,48,5.0,3.931281045865381
402,111,4.0,4.272785908194047
402,126,4.0,4.290868561492917
402,127,5.0,4.293293442098001
402,151,5.0,4.1283721916260685
402,234,4.0,4.058112390714234
402,235,3.0,4.574842636514164
402,255,4.0,4.132317176839043
402,257,4.0,4.479709220742617
402,479,5.0,4.060073650855603
402,480,5.0,4.063918128624708
402,764,3.0,4.311301923250381
403,111,4.0,4.1464482179008115
403,121,5.0,4.35093581066681
403,258,4.0,4.186753639289222
404,269,4.0,4.0038196070846634
404,294,4.0,3.6517388624384464
404,313,5.0,4.170141564752711
404,327,2.0,3.969818657740421
404,333,2.0,4.084837369012867
404,687,3.0,3.8318453515101756
404,748,4.0,4.260610595754551
404,892,2.0,3.93573143170559
405,11,4.0,2.2823201773680406
405,28,4.0,2.4825648174222246
405,30,1.0,2.005636905667565
405,56,4.0,2.2711837011278377
405,62,1.0,2.5561648297606814
405,72,3.0,2.529508257403498
405,78,2.0,2.47896382711481
405,87,1.0,2.0962281632821584
405,88,3.0,2.2988723662597685
405,90,4.0,2.324863570254106
405,92,1.0,2.4312131248792315
405,96,3.0,2.273926355515748
405,127,5.0,2.337704372088405
405,135,5.0,2.2648116661901385
405,169,1.0,2.29049051431855
405,171,1.0,2.304482786858721
405,172,5.0,2.5695266256665272
405,178,3.0,1.9935872617007506
405,186,5.0,2.3155470544538077
405,188,1.0,2.288048785899509
405,190,2.0,2.1506816300901743
405,192,5.0,2.0018029629225262
405,206,1.0,2.3338752470812874
405,210,5.0,2.110290176597827
405,214,4.0,2.1532769272159857
405,216,2.0,2.088691239945411
405,217,1.0,2.199814855067938
405,228,1.0,2.2281899784324293
405,230,2.0,2.221005375852481
405,232,4.0,2.244816902992351
405,318,5.0,2.308607747381171
405,350,1.0,2.2689383218375014
405,361,2.0,2.1557025535235605
405,366,3.0,2.2175760649136684
405,371,1.0,2.3724121922556236
405,386,3.0,2.100013564251633
405,387,1.0,2.2449782527069138
405,396,1.0,2.380926368489602
405,414,1.0,2.009791423279992
405,422,1.0,2.3024917605994206
405,426,1.0,2.574559965017416
405,430,1.0,2.089746587387395
405,432,3.0,2.2886079388769947
405,437,1.0,2.132680522402544
405,440,1.0,1.992076356296101
405,442,1.0,2.143854409454119
405,449,1.0,2.23967607776149
405,450,1.0,2.2209189818841906
405,451,5.0,2.2429738139149755
405,465,1.0,2.593402631300614
405,467,4.0,2.2610149924508263
405,470,1.0,2.1073204387491926
405,510,1.0,2.2955734496057603
405,511,2.0,2.0538898476237186
405,514,1.0,2.1478854556268407
405,521,4.0,2.18142922238158
405,522,1.0,2.269495096329504
405,524,1.0,2.0838434351105
405,527,5.0,2.051245606639077
405,530,1.0,2.083820285264359
405,540,1.0,2.1998809974050406
405,541,1.0,2.326169757847153
405,551,1.0,2.165654360331605
405,565,2.0,2.270531447109091
405,570,1.0,2.1075222060594645
405,575,5.0,2.1996824704671853
405,578,1.0,2.3587898635394264
405,579,1.0,2.1395635635672074
405,580,1.0,2.283413185637785
405,581,3.0,2.4090799512893226
405,583,1.0,2.201277385388458
405,592,1.0,2.2844392291638784
405,593,1.0,2.1070529228739363
405,623,1.0,2.4109314876628636
405,639,1.0,2.1343726652848622
405,647,1.0,2.175128581249358
405,650,1.0,2.088641254424302
405,652,1.0,2.1968941684484076
405,656,1.0,2.1354993309469466
405,670,1.0,2.3756110212166393
405,673,5.0,2.0729295686207747
405,692,5.0,2.618512726558914
405,695,1.0,2.36338120621774
405,699,2.0,2.232371923169493
405,700,1.0,2.191507297563204
405,719,1.0,2.3029281018602537
405,721,1.0,2.305279238571797
405,722,1.0,2.305279238571797
405,734,2.0,2.27251713925648
405,759,1.0,2.203859398508571
405,765,1.0,2.3157906281747227
405,768,3.0,2.4826017919765198
405,771,1.0,2.4485620758371303
405,773,1.0,2.148224720590079
405,775,1.0,2.7040649797349894
405,785,1.0,2.934171901772887
405,787,3.0,2.5139871998199936
405,789,1.0,2.36338120621774
405,795,2.0,2.402138222449118
405,941,1.0,2.508586577128864
405,953,3.0,2.36338120621774
405,959,1.0,2.1333663480420495
405,964,1.0,2.452097908746557
405,994,1.0,2.104451572630568
405,997,1.0,2.154470576165192
405,1004,1.0,2.180962978515097
405,1029,1.0,2.2025759007510053
405,1045,3.0,2.2343712079799345
405,1046,2.0,2.1539765072282466
405,1058,1.0,2.6294918666948996
405,1100,1.0,2.3672286317900624
405,1109,1.0,2.3723173978885432
405,1113,1.0,2.1095564312542057
405,1118,1.0,2.022916557202584
405,1167,1.0,2.425352401698629
405,1175,1.0,1.9828385539114994
405,1176,3.0,2.158758742643725
405,1177,1.0,2.0188451906902327
405,1178,1.0,2.1904157116486327
405,1180,1.0,2.383656007154859
405,1188,3.0,2.25991935259197
405,1207,1.0,2.2298665472512433
405,1217,3.0,2.2298665472512433
405,1227,3.0,2.3675488085758594
405,1230,1.0,2.141113316984419
405,1247,1.0,2.139621393118248
405,1248,1.0,2.22738335465441
405,1250,1.0,2.094531109935546
405,1275,1.0,2.149046668400733
405,1316,1.0,2.1100091658367273
405,1317,1.0,2.2660577485978504
405,1318,1.0,2.1964697222551814
405,1338,1.0,2.32092200574857
405,1353,1.0,2.1430340600591595
405,1409,1.0,2.451069346787417
405,1421,1.0,2.1003249870731535
405,1424,1.0,2.458684898034263
405,1432,1.0,2.1904363622638923
405,1434,1.0,1.9954420512681865
405,1435,1.0,2.1260243024565275
405,1469,1.0,2.3837718150226133
405,1503,1.0,2.238294671552111
405,1519,2.0,2.222724391374634
405,1531,1.0,2.246134317707213
405,1550,3.0,2.134751189456386
405,1554,4.0,2.204798844680127
405,1555,1.0,2.3095107533895844
405,1557,1.0,2.3613442088015493
405,1561,1.0,2.2325307919073283
405,1562,1.0,2.117592623832216
405,1563,1.0,2.239752522938205
405,1565,1.0,2.1344538210044446
405,1578,1.0,2.0773990130170334
405,1582,1.0,1.9742323447216805
405,1586,1.0,2.292000882639292
406,12,4.0,3.932129961352295
406,14,4.0,3.9830749725011554
406,24,3.0,3.972344403367691
406,40,3.0,3.6869353910028737
406,48,5.0,3.6608424263933883
406,50,5.0,4.191932554475178
406,58,4.0,3.81113480420096
406,79,3.0,4.055284441719817
406,85,2.0,3.9570509626120027
406,99,5.0,3.77709188675776
406,156,5.0,3.7761187881457654
406,164,5.0,4.276936920356939
406,181,5.0,4.204186246577643
406,186,3.0,3.9877050863979284
406,188,4.0,3.95733575911257
406,195,5.0,4.1490818271993986
406,199,5.0,3.848218202909591
406,209,1.0,3.962063833934131
406,213,2.0,3.9478559648108966
406,238,2.0,3.635585433730996
406,239,3.0,4.138925031081588
406,317,4.0,3.7983754754958947
406,318,5.0,3.9147676897356165
406,396,3.0,3.9830715724944024
406,410,4.0,3.8243037102243114
406,414,2.0,3.6685960001013065
406,419,1.0,3.8694492158959486
406,429,4.0,3.9679790878003347
406,435,5.0,3.7784179191311633
406,436,4.0,3.6839512067403386
406,443,4.0,3.75495848268985
406,463,5.0,3.7446607287114633
406,469,4.0,3.711077545508236
406,479,4.0,3.730397228355928
406,482,5.0,3.7751940128888863
406,488,4.0,3.6187545175443363
406,490,3.0,3.934032612495564
406,496,4.0,3.6686276321154727
406,501,5.0,3.877207900475723
406,503,3.0,3.777089826574985
406,511,5.0,3.741175984407545
406,523,3.0,3.7830063717150786
406,527,4.0,3.7015180912509846
406,588,4.0,3.882162278430762
406,591,3.0,3.9465188680036216
406,605,5.0,3.578306669473474
406,608,4.0,3.856794007277819
406,612,5.0,3.618116007218875
406,640,3.0,3.7086296581946687
406,642,3.0,4.003282836674728
406,645,5.0,3.589779985711086
406,647,5.0,3.893611085924753
406,651,3.0,4.115654890041514
406,662,3.0,3.9119739393710047
406,664,2.0,3.708208723649846
406,675,4.0,3.60670460228941
406,701,5.0,3.700936121863524
406,713,4.0,3.8404741429740668
406,732,4.0,4.03302127165195
406,745,4.0,3.7156016891918493
406,823,3.0,3.8747284219241465
406,826,3.0,3.8825401865952545
406,942,4.0,3.7608993868151446
406,962,4.0,3.712837032744349
406,1010,4.0,3.8205580340393706
406,1047,3.0,3.8243037102243114
406,1126,3.0,3.8345638948667573
406,1267,3.0,3.8404741429740668
407,50,4.0,4.275579858282341
407,62,3.0,4.328909260919383
407,68,4.0,4.309858948060581
407,82,3.0,4.199854367263022
407,117,3.0,4.304190834899185
407,147,4.0,3.9439368556461494
407,157,2.0,3.8140066837133566
407,161,2.0,3.9129226329849094
407,163,3.0,3.7204875277642766
407,174,5.0,3.8029860072249306
407,182,4.0,3.8198168029182673
407,194,4.0,3.9174531230460596
407,196,4.0,3.628998406085364
407,200,4.0,3.7714207520501275
407,205,4.0,3.759651489342789
407,211,4.0,3.678321057686731
407,217,4.0,3.7990767178409306
407,222,4.0,4.180261332274837
407,231,3.0,4.175906387635792
407,238,5.0,3.660073634101038
407,249,2.0,3.6557030604103162
407,265,3.0,3.92354470231464
407,418,4.0,3.9246294177482524
407,428,3.0,3.649861463805692
407,433,4.0,3.725748765027177
407,466,3.0,3.610068811284583
407,476,2.0,3.8209685477072814
407,478,4.0,3.9262237607680794
407,493,3.0,3.7144657929604343
407,616,3.0,3.857620089779856
407,642,2.0,4.022580311567412
407,655,4.0,4.0443645161792245
407,746,4.0,3.650505867640212
407,755,3.0,4.38133403838102
407,785,3.0,4.430847489282358
407,949,3.0,3.784311543741452
407,969,4.0,3.7538576775641728
407,1028,3.0,3.8825121331218577
408,258,3.0,4.54913710610872
408,683,3.0,4.267910722773852
408,689,3.0,4.644331987227522
408,748,5.0,4.74608809761376
409,6,4.0,3.8377481577672237
409,8,3.0,4.196321179222961
409,22,2.0,4.396394638152643
409,48,2.0,3.845022591146423
409,50,5.0,4.389707641434249
409,59,5.0,4.014246726644867
409,65,4.0,4.014451133039038
409,87,3.0,3.8857198691114934
409,99,3.0,3.910842206922502
409,133,4.0,4.212051004594384
409,154,5.0,3.893514407251458
409,165,4.0,3.890075165958285
409,168,5.0,3.802897792625506
409,181,4.0,4.386840289509838
409,187,3.0,4.146230525338064
409,197,3.0,4.279190518030375
409,199,4.0,4.095658398898976
409,200,2.0,3.9452556447981375
409,201,1.0,4.135039879745006
409,202,3.0,4.118815330673047
409,203,5.0,3.8656796152174095
409,214,4.0,4.11403981065999
409,223,4.0,4.171781018539494
409,270,2.0,4.469551902603727
409,288,1.0,4.038921114576886
409,325,4.0,4.268353347897175
409,339,2.0,4.154352203713104
409,381,2.0,4.114325940061939
409,479,5.0,4.041558232972488
409,480,5.0,4.039499922756935
409,491,2.0,4.0309286137362115
409,497,3.0,3.85032427540647
409,516,4.0,3.8510397946752013
409,518,1.0,3.907809768519944
409,520,2.0,4.071790209689393
409,604,4.0,3.8639437427022094
409,654,3.0,4.108052260780271
409,659,5.0,4.078768447800667
409,664,4.0,3.990425879365313
409,680,1.0,4.132850208405544
409,684,4.0,4.175618885300521
409,937,2.0,4.0881734831448
409,965,2.0,3.9627581309352182
409,995,4.0,3.9983421126158887
409,1021,4.0,3.8601125374083547
409,1176,4.0,4.184385115343225
409,1242,2.0,3.921274612633284
409,1295,1.0,4.133316947706357
410,286,4.0,3.5285933924158717
410,300,3.0,3.721140759772049
410,312,2.0,3.69221328123563
410,748,2.0,4.05594228199975
410,882,3.0,3.6096541166083655
411,168,5.0,3.843331965491013
411,172,5.0,4.747755799631092
411,182,3.0,3.9942611252673506
411,196,4.0,3.8426491964077294
411,209,4.0,4.139028039973292
411,405,4.0,4.294240262873585
411,651,4.0,4.3238939917038595
411,1470,3.0,4.028137067375632
412,4,3.0,4.671336305162643
412,28,4.0,4.574069499163654
412,92,3.0,4.465056017921581
412,135,4.0,4.444024179223177
412,173,5.0,4.611334441401556
412,175,4.0,4.168424976249116
412,193,4.0,4.127488087742162
412,202,3.0,4.345423370809053
412,218,3.0,4.072178622958855
412,318,5.0,4.279536287831506
412,427,4.0,4.040750822852628
412,436,4.0,4.126308175085568
412,480,4.0,4.26462013575105
412,634,5.0,4.037740289272517
413,7,3.0,4.283035450396621
413,124,5.0,4.186457127981734
413,222,4.0,4.2836498616530765
413,255,3.0,4.0900491860939505
413,260,1.0,4.473329084870327
413,271,4.0,4.446913916749533
413,297,5.0,4.156157661766641
413,301,3.0,4.117528215288093
413,306,4.0,4.042904700767316
413,628,4.0,4.231605958916122
414,100,5.0,4.503306713770215
414,264,3.0,4.796011400825267
414,294,2.0,4.328441391299483
415,154,4.0,4.491437879185943
415,243,1.0,4.689866868792972
415,1524,5.0,4.424027289083517
416,22,5.0,4.577084300676738
416,32,2.0,4.011600089459496
416,41,3.0,4.112348909577788
416,43,1.0,4.403246734330566
416,49,4.0,4.286817253332228
416,51,5.0,4.4091948454377095
416,54,5.0,4.6487810707993775
416,56,5.0,4.186663685177082
416,64,5.0,4.181467700889738
416,69,4.0,4.387097077966262
416,71,4.0,4.429686895300735
416,92,3.0,4.498452486187796
416,107,5.0,4.140580666729226
416,117,5.0,4.71832659833203
416,125,5.0,4.5096325095520955
416,134,4.0,3.9845613634334507
416,174,5.0,4.122145675722347
416,178,5.0,3.9912502111782793
416,210,5.0,4.157647057579624
416,220,4.0,4.461048973014611
416,226,4.0,4.244318754219934
416,230,4.0,4.239014684956902
416,234,5.0,4.175953978725731
416,246,4.0,4.382964463184169
416,250,4.0,4.407925080779426
416,254,2.0,4.382180612841102
416,266,3.0,4.326070755904164
416,272,5.0,4.139857847974742
416,277,5.0,4.1976428128849035
416,284,4.0,4.366607839149102
416,287,4.0,4.208546477927921
416,294,4.0,4.079459769510863
416,301,5.0,4.267823739715704
416,304,5.0,4.324943476190568
416,327,4.0,4.367096822242767
416,332,4.0,4.48141715795124
416,348,3.0,4.3652478018267304
416,356,5.0,4.545548740645515
416,399,4.0,4.610793260802339
416,404,3.0,4.1913445038081445
416,405,5.0,4.351079582488994
416,417,3.0,4.260220468421812
416,427,5.0,3.987966905916153
416,475,2.0,4.238024198380713
416,479,5.0,4.113826079504234
416,506,5.0,3.980090257702056
416,532,3.0,4.058603690439205
416,546,3.0,4.350683787228675
416,568,4.0,4.599941070211589
416,578,4.0,4.329456163359129
416,607,5.0,4.1630969380664276
416,721,3.0,4.195111033727806
416,724,4.0,4.348824752203853
416,734,3.0,4.210130941282155
416,738,2.0,4.405159610420848
416,761,4.0,4.361841343946136
416,768,3.0,4.401180953881724
416,770,4.0,4.271952658776977
416,819,3.0,4.235168484325748
416,833,3.0,4.244174448082544
416,842,4.0,4.389913045430985
416,866,4.0,4.517419970014977
416,874,1.0,4.151027821314242
416,895,4.0,4.275083599475361
416,936,5.0,4.69709399250466
416,941,3.0,4.375046182346689
416,959,5.0,4.091648198232467
416,975,2.0,4.2230587529823405
416,1035,3.0,4.094222809641177
416,1092,3.0,4.154537418261147
416,1098,3.0,4.1394544375295155
416,1147,4.0,4.237585085007006
416,1188,3.0,4.276237118768473
416,1407,2.0,4.28314249265069
416,1503,4.0,4.189541435871647
416,1517,2.0,4.15937599400882
417,3,4.0,3.5043159541563593
417,11,5.0,3.6056938734016675
417,12,4.0,3.680869320225674
417,23,3.0,3.5086920317422408
417,29,2.0,3.9750289887461356
417,32,2.0,3.4350709003406
417,42,4.0,3.5652278602319387
417,47,3.0,3.646460992962541
417,64,5.0,3.554043129802995
417,67,4.0,3.434936137039821
417,83,5.0,3.7557599370506303
417,98,5.0,3.649165170933356
417,99,4.0,3.544313254253518
417,120,2.0,3.699920269840043
417,127,4.0,3.7753711747901173
417,131,4.0,3.5376458145058365
417,132,4.0,3.796589070663915
417,135,3.0,3.7971076736467615
417,147,4.0,3.748521769104565
417,159,4.0,3.513977819924212
417,195,5.0,4.087108109626448
417,196,5.0,3.3845891001192716
417,200,4.0,3.493818307635434
417,207,4.0,3.7787176655240584
417,208,3.0,3.5403982351684595
417,226,3.0,3.6929907831668047
417,235,2.0,4.058972465714902
417,403,4.0,3.9585831687971376
417,423,4.0,3.744978362657288
417,425,4.0,3.414562562389831
417,436,3.0,3.4622512761950412
417,541,2.0,3.7323857660449407
417,544,3.0,3.6729267559940872
417,545,1.0,3.666431230876284
417,551,3.0,3.445936989325191
417,552,2.0,3.714171733764663
417,563,2.0,3.4715500200322773
417,578,3.0,3.947426492599618
417,588,3.0,3.6530543239707343
417,597,3.0,3.86246583087917
417,614,3.0,3.3473795240107647
417,628,3.0,3.6256678570356726
417,631,3.0,3.9564832412380158
417,636,3.0,4.038953836002933
417,658,2.0,3.391451966240255
417,684,3.0,3.876828546081742
417,710,4.0,3.3932184256605
417,725,4.0,3.4897332405947346
417,742,2.0,3.7427647390205725
417,747,3.0,3.603896527648958
417,762,3.0,3.4588508902113118
417,769,1.0,4.182538357657073
417,781,3.0,3.6850417855597537
417,979,3.0,3.7244587999030556
417,1023,4.0,3.4914666682012783
417,1036,3.0,3.490225063971569
417,1039,3.0,3.5000966052349987
417,1044,3.0,3.86472397343964
417,1047,4.0,3.5471763975733785
417,1095,3.0,3.427901453422706
417,1135,4.0,3.6682130122595864
417,1209,3.0,3.484058709203511
418,269,5.0,3.4853638537046168
418,301,2.0,3.4368453801775427
418,304,4.0,2.9979522829395338
418,313,3.0,3.5639489477787825
418,362,1.0,3.084095491445134
419,173,5.0,4.825261753554277
419,705,5.0,4.346025990707496
419,1451,4.0,4.411743258528452
420,19,3.0,4.426803311793047
420,283,5.0,4.887559967546328
420,302,4.0,4.698402547916099
420,331,3.0,4.703503643210239
421,124,4.0,4.101363198539783
421,156,5.0,4.300744344822289
421,194,4.0,4.1639341475902
421,200,3.0,4.112386889502693
421,443,5.0,4.077399269038875
421,474,4.0,4.080043111899422
421,915,4.0,3.9188610780225583
422,109,2.0,3.8473998034475487
422,126,4.0,3.7505663755078333
422,184,4.0,4.265843012611409
422,200,5.0,3.7258853749306224
422,258,4.0,4.214861669568987
422,273,5.0,4.119308586882742
422,276,5.0,3.6885960768355077
422,325,2.0,4.0297538357978695
422,379,2.0,3.6058868932514185
422,477,4.0,3.8183164034810946
422,559,3.0,3.8219976747006688
422,671,4.0,3.6247848067884973
422,854,4.0,3.7104945168573606
422,919,5.0,3.9778376649760094
422,922,4.0,3.56542617424431
422,926,2.0,3.7066616948284126
422,1017,4.0,3.6630368128686333
423,15,4.0,3.697533039833355
423,237,4.0,3.9881736283681013
423,258,5.0,4.15998781994719
423,269,3.0,4.115072003480628
423,272,5.0,3.9884766005293057
423,300,3.0,4.1621801953378785
423,310,3.0,4.2081635224930585
423,315,4.0,3.917803455151529
423,323,3.0,4.118239706273338
423,348,3.0,4.20312642848654
423,744,4.0,4.024025630113186
423,898,4.0,4.2081635224930585
423,1134,4.0,3.9449322335395918
424,9,5.0,3.504467134708039
424,25,4.0,3.644563302073166
424,261,3.0,3.992601462499409
424,1346,4.0,3.4456856962096425
425,38,3.0,3.6631743337365976
425,39,4.0,3.7547915990693825
425,56,5.0,3.2424767682707243
425,83,2.0,3.2683787473528856
425,172,5.0,3.9462306671016076
425,183,3.0,3.8871935748293347
425,185,2.0,3.3830025934435772
425,191,3.0,3.2068256275269142
425,210,3.0,3.3568067347841106
425,227,4.0,3.5956891737408183
425,250,4.0,3.796728783323662
425,259,1.0,3.2474108154202943
425,271,5.0,3.9428997095454497
425,273,4.0,3.772082765486413
425,281,2.0,3.630360790817808
425,313,1.0,3.79702195609752
425,318,2.0,3.218913428884981
425,322,3.0,3.3507870994614906
425,323,2.0,3.5609706631346674
425,424,2.0,3.122327221826666
425,429,4.0,3.3913946999028
425,475,5.0,3.1511716632060898
425,748,3.0,3.948479891579324
425,759,2.0,3.2669708618653797
425,825,2.0,4.052601763997406
425,1314,3.0,3.725074807000852
426,182,2.0,4.096738747070886
426,211,4.0,4.04076940610109
426,429,5.0,4.1578679611416245
426,430,3.0,4.105130229164389
426,480,5.0,4.126038080448553
426,486,3.0,4.198570133569804
426,493,4.0,4.113051275138456
426,504,4.0,4.072860837211581
426,526,4.0,4.144741359996015
426,603,5.0,4.114824470834319
426,608,4.0,4.239084793965188
426,614,4.0,3.9419354775002984
426,633,4.0,4.040912344892789
426,1116,4.0,4.220248981142738
427,300,4.0,5.0
427,302,4.0,5.0
427,319,3.0,4.886289412334769
427,341,5.0,5.0
427,680,5.0,5.0
427,682,5.0,5.0
427,938,5.0,5.0
428,307,4.0,4.736789152524759
428,316,4.0,4.608689048694129
428,332,4.0,4.726042418409179
428,340,4.0,4.469297734052813
428,343,2.0,4.467651061972671
428,690,5.0,4.471148925657926
428,875,4.0,4.692556642243376
429,26,3.0,3.749276279233198
429,45,3.0,3.7375512686475982
429,64,4.0,3.7269672644323504
429,73,3.0,4.027815961375644
429,86,5.0,3.7720103620390115
429,97,4.0,3.775745395033188
429,109,3.0,3.779554728258432
429,127,4.0,3.924493430029747
429,133,3.0,3.793277228730812
429,144,4.0,3.777259794420872
429,162,4.0,3.5392182217198944
429,197,4.0,3.830751079808061
429,219,4.0,3.5724305341321867
429,229,2.0,3.8385623370581787
429,273,4.0,4.062954317116524
429,318,5.0,3.803901997926885
429,321,3.0,3.7304320498662413
429,371,2.0,3.8326767873698624
429,410,4.0,3.718306344116419
429,423,4.0,3.8297886826915435
429,427,5.0,3.500094899808139
429,431,5.0,3.818796744938437
429,455,3.0,3.648665359165492
429,464,3.0,3.5867282987043043
429,467,4.0,3.753624114069414
429,491,3.0,3.751038318435843
429,495,3.0,3.6108497088506013
429,499,4.0,3.481269368046657
429,511,5.0,3.614945553469667
429,628,3.0,3.8272289167270577
429,633,3.0,3.584583850667408
429,635,3.0,3.6511994402428583
429,693,4.0,3.6916949568841426
429,709,4.0,3.7824910042064896
429,710,4.0,3.5081447660243916
429,735,4.0,3.71036541285971
429,744,4.0,3.7820003894968104
429,941,3.0,3.9426783009036
429,944,3.0,4.012348964989906
429,967,4.0,3.4724284625835047
429,1016,4.0,4.0923199944969655
429,1028,3.0,3.7953537926203125
429,1039,5.0,3.70042080439349
429,1113,3.0,3.554406052393508
429,1119,3.0,3.7173721521396383
429,1136,4.0,3.617381577037924
429,1222,3.0,3.699065769319933
429,1224,2.0,3.8389632591181417
429,1296,2.0,3.8446039106825203
429,1425,3.0,3.8869779744838873
430,10,4.0,3.9268048666426716
430,129,5.0,4.369878735223517
430,527,4.0,3.690525003117255
430,656,4.0,3.8889775964098936
431,286,4.0,3.6204303700501663
431,538,4.0,3.8230355400339975
431,748,4.0,4.2849224212186865
432,50,5.0,4.290178871457749
432,111,4.0,4.115404548968428
432,222,4.0,4.428726684159968
432,237,5.0,4.162324337788109
432,274,3.0,4.0995524516292585
432,295,3.0,4.31159765385447
432,411,3.0,4.361782130157996
432,546,3.0,4.244103026110167
432,620,4.0,4.234595552645972
432,742,4.0,4.362913278852506
432,1047,5.0,4.191978289815837
433,50,5.0,3.984108222723637
433,173,4.0,3.933131895701554
433,302,5.0,4.0892439322206275
433,325,2.0,3.922430615794395
434,406,3.0,4.393671109425714
434,815,4.0,4.44004758827032
434,1060,3.0,4.3602416797847425
435,4,4.0,4.058933762899997
435,115,4.0,3.483264642890342
435,141,2.0,3.872327950343755
435,160,5.0,3.4362302899312076
435,173,5.0,4.038428774669008
435,185,4.0,3.7479493290642716
435,188,4.0,3.7726646630656613
435,217,4.0,3.618733310173398
435,234,4.0,3.6980910691433677
435,240,3.0,3.6174290491477112
435,252,2.0,4.12582564238225
435,273,5.0,4.023729621248195
435,299,4.0,3.7353829875460165
435,380,3.0,4.0632525990569315
435,386,4.0,3.507798863335058
435,431,3.0,3.7786924219121465
435,443,3.0,3.5763731296807366
435,462,5.0,3.5095037248668572
435,554,3.0,3.9176613484597884
435,576,3.0,3.992532911381769
435,628,5.0,3.7531578080041523
435,652,4.0,3.61414796853244
435,675,3.0,3.4376751058108965
435,693,3.0,3.57533005750747
435,696,3.0,3.7820652232295675
435,746,4.0,3.454184827179929
435,756,3.0,3.5560976694233575
435,760,1.0,3.789634739676796
435,780,2.0,3.523996310287188
435,1028,2.0,3.6775938360080915
435,1034,2.0,4.066869644085193
435,1217,3.0,3.5781781349878505
436,66,5.0,4.389009601393445
436,73,4.0,4.313320065680562
436,132,1.0,4.2311809332771
436,133,3.0,4.119137549172469
436,157,5.0,4.050994242038777
436,161,4.0,4.122880691752252
436,174,3.0,3.936932183958997
436,226,4.0,4.1673009035615225
436,238,3.0,3.9057382182641267
436,411,4.0,4.430451415944132
436,433,5.0,3.9756585956018275
436,454,4.0,4.000994507274604
436,503,4.0,4.040126260555024
436,546,3.0,4.177042391733594
436,658,5.0,3.9418220339220063
436,742,5.0,4.343132024131682
436,845,5.0,4.048960836822592
436,1206,3.0,3.97676195600821
436,1522,2.0,3.9924928868299294
437,14,5.0,4.107917519271592
437,86,4.0,4.001136979560021
437,118,2.0,4.163367971708512
437,165,4.0,3.7460473863369503
437,173,4.0,4.237911413971393
437,190,3.0,3.936007337399153
437,197,5.0,4.108034745109134
437,239,4.0,4.167654539176259
437,418,3.0,4.082500864701022
437,419,5.0,4.043656913956756
437,451,5.0,4.080564135414232
437,499,5.0,3.696559697039073
437,584,3.0,4.195420072167935
437,640,1.0,3.8100063841697525
437,652,4.0,3.950797115168124
437,655,4.0,4.058912716054507
437,665,2.0,4.176275199043011
437,696,3.0,4.052783079960525
437,708,4.0,3.830797262908389
437,755,3.0,4.342444986091587
437,1113,4.0,3.770690140749278
437,1121,5.0,3.879038013276154
437,1153,5.0,4.110645721511879
437,1262,3.0,3.780074436354484
437,1404,2.0,3.779827323167517
438,15,4.0,4.191826624741098
438,50,5.0,4.721757635556679
438,476,5.0,4.58660595396007
438,1028,2.0,4.391043257932449
439,13,3.0,3.9063493217856333
439,14,5.0,4.069378601719196
439,125,3.0,4.368940285360989
440,690,4.0,4.637650118401837
440,886,5.0,4.756838322217623
440,1038,5.0,4.6481521010588525
442,14,1.0,3.5418290982699814
442,29,3.0,3.904894592075638
442,31,3.0,3.6111279171542714
442,38,3.0,3.844930891964471
442,39,3.0,3.91825101121584
442,41,4.0,3.3559286385733205
442,54,3.0,3.995290778974916
442,98,4.0,3.5605755891137996
442,129,4.0,3.9452733765896193
442,182,4.0,3.463299008338974
442,229,3.0,3.756337634550845
442,385,3.0,3.945998186987519
442,401,2.0,3.4195550958135583
442,452,3.0,3.555208825609282
442,554,2.0,3.7992551835869905
442,559,2.0,3.5077788067827917
442,572,3.0,3.7546351551294364
442,578,2.0,3.8360944357613036
442,636,5.0,3.9377096793975395
444,50,5.0,4.368047412250499
444,751,4.0,4.5050549701545055
444,906,4.0,4.212837397695636
445,12,2.0,2.5320904924892034
445,123,1.0,2.600266127221751
445,195,2.0,2.7041518042819237
445,204,3.0,2.330205731763079
445,408,3.0,2.4776407874288564
445,410,1.0,2.422879433087097
445,597,1.0,2.805013253769723
445,628,1.0,2.6473221171734833
445,763,2.0,2.3194770412695065
445,823,1.0,2.5519411353929096
445,919,1.0,2.423497059684814
445,1245,1.0,2.3674806642518487
445,1591,4.0,2.197795612044081
446,332,3.0,3.579473642542216
447,68,5.0,4.3741055832753
447,69,4.0,4.069151826502357
447,70,3.0,3.934704680157239
447,100,5.0,4.338903239236146
447,121,5.0,4.318287058272955
447,148,4.0,4.196213933851166
447,218,4.0,3.7399035337738433
447,234,4.0,3.8985448303212387
447,544,4.0,4.0408859152383325
447,823,3.0,4.112042247836632
447,879,3.0,4.335693636010699
447,1034,2.0,4.327845727036017
448,262,4.0,4.002875331882111
448,360,4.0,4.01807817711865
448,1294,1.0,3.733474400037026
449,137,5.0,4.197846212270926
449,282,3.0,4.261738860423465
449,286,4.0,4.407009556921112
449,291,2.0,4.071681401143023
449,381,4.0,4.152589284139863
449,971,4.0,4.069008361488897
449,1009,4.0,4.152102959152702
449,1194,4.0,4.232449854356
450,2,4.0,4.5344448498193
450,38,4.0,4.4450700472368725
450,58,3.0,4.193651652002703
450,64,4.0,4.227670423124837
450,97,4.0,4.259793271566144
450,100,4.0,4.507883419773557
450,142,5.0,4.296661637411396
450,143,5.0,4.050658567497021
450,144,5.0,4.202126142923441
450,162,5.0,4.012860818156242
450,179,5.0,4.12498001966986
450,183,4.0,4.4297557605840305
450,194,5.0,4.276102797974272
450,216,5.0,4.1654705789469695
450,252,3.0,4.469640736146815
450,265,5.0,4.243726525420859
450,384,3.0,4.010124917071955
450,387,5.0,4.245247007972003
450,462,4.0,4.1257785935762845
450,467,4.0,4.256656027294697
450,470,5.0,4.0850494699004924
450,480,4.0,4.1798618791392625
450,487,4.0,4.181135229906286
450,496,5.0,4.0975389677000225
450,561,4.0,4.257237260500812
450,566,4.0,4.3260664474651715
450,583,4.0,4.220005943928827
450,659,5.0,4.22048390055339
450,679,1.0,4.142467940346665
450,739,4.0,4.266592457442727
450,762,3.0,4.1472289535913545
450,783,3.0,4.361428691331479
450,785,3.0,4.881101082186412
450,801,4.0,4.373131634554282
450,846,3.0,4.2736780986075695
450,902,4.0,4.456666077981554
450,908,1.0,4.022005620966219
450,942,5.0,4.2155332919060555
450,1036,2.0,4.128410410447054
450,1037,2.0,4.356299590109686
450,1147,4.0,4.260149780885963
450,1160,5.0,4.163603308896098
450,1212,4.0,4.42174445377554
450,1226,4.0,4.168728453554869
450,1263,4.0,4.207897290060323
450,1269,4.0,4.2545078341753015
451,269,2.0,3.582525561522376
451,289,1.0,3.0116658570304207
451,294,5.0,3.207655102361085
451,300,4.0,3.4615196037284663
451,323,4.0,3.431058571345074
451,872,2.0,3.3237697942878137
451,882,1.0,3.3129235417415797
452,25,2.0,3.87493008480361
452,134,3.0,3.5727137301668277
452,152,2.0,3.8737093069046717
452,191,5.0,3.7679925004382566
452,435,3.0,3.7672216498043385
452,495,4.0,3.679556447091894
452,523,2.0,3.7169151805577503
452,641,3.0,3.768941085287776
452,736,3.0,3.993758708319451
452,1109,2.0,3.8600272527024595
453,98,4.0,3.674639762974702
453,125,3.0,3.8078777879698666
453,246,5.0,3.675247839924566
453,248,4.0,3.5802973440177848
453,421,4.0,3.5990647687721533
453,697,4.0,3.589078218698291
453,1032,1.0,3.62072690625271
454,87,4.0,3.1954949443411573
454,161,4.0,3.4240694839087
454,181,3.0,3.717357010327533
454,182,3.0,3.3077848754061643
454,418,3.0,3.3863101402003393
454,484,3.0,3.291487498752284
454,487,4.0,3.2631726952028957
454,493,2.0,3.2288327214512202
454,633,2.0,3.215071101045944
454,1063,4.0,3.5093473307394962
454,1299,2.0,3.345953750572222
455,135,5.0,4.046350596504057
455,282,3.0,3.934347534272867
455,293,4.0,3.8388309645695053
455,629,3.0,3.6993055854113397
455,755,3.0,4.363601561486153
456,175,3.0,3.7005920904494314
456,294,1.0,3.603501452338502
456,715,3.0,4.103875159663261
456,943,4.0,3.6860620813043177
457,182,4.0,4.339955339656104
457,192,5.0,4.174937248858267
457,366,4.0,4.281495824656725
457,443,4.0,4.230196954541558
457,636,4.0,4.744613939876753
457,704,4.0,4.571038312493529
457,708,4.0,4.3040068129226166
457,775,3.0,4.792347885945083
458,144,4.0,4.006913069730535
458,648,4.0,4.04851640766864
458,1101,4.0,4.10638639523671
459,934,3.0,3.879521832433885
460,10,3.0,3.875151394657772
462,682,5.0,4.532923717368888
