user_id,item_id,actual_rating,predicted_rating
1,6,5.0,3.959746285125956
1,10,3.0,4.30875037758329
1,12,5.0,4.745150481037507
1,14,5.0,4.382519295952723
1,17,3.0,3.568831443950369
1,20,4.0,3.9618833361023857
1,23,4.0,4.4509412583512775
1,24,3.0,3.92551964318434
1,27,2.0,3.4254624542412464
1,31,3.0,4.064753682833258
1,33,4.0,3.7528881715215414
1,36,2.0,2.6206531833325513
1,39,4.0,3.7373060136955214
1,44,5.0,3.492576526052779
1,47,4.0,4.010425500561568
1,49,3.0,3.557821343555671
1,51,4.0,3.619637899315506
1,53,3.0,3.3952898461563548
1,54,3.0,3.5327285105210584
1,56,4.0,4.571882656890265
1,60,5.0,4.499344777600358
1,61,4.0,4.290594387943614
1,62,3.0,3.489189247366089
1,64,5.0,4.812017684768277
1,65,4.0,3.859774299950658
1,67,3.0,3.2200461078038045
1,69,3.0,4.168070002947388
1,70,3.0,4.095742888107678
1,72,4.0,3.3541309444030403
1,73,3.0,3.6831196272486726
1,74,1.0,3.344744458615662
1,76,4.0,3.906671778508725
1,78,1.0,2.0088386509167133
1,80,4.0,2.888551855248708
1,81,5.0,4.081996277340155
1,82,5.0,3.9646488241323796
1,84,4.0,2.76066638472565
1,85,3.0,3.2021999381191577
1,86,5.0,4.072396744503373
1,90,4.0,3.5016960898325795
1,91,5.0,3.893939660820163
1,92,3.0,4.067697790556303
1,96,5.0,4.310936608911976
1,97,3.0,4.144084716106881
1,98,4.0,4.663265392504272
1,100,5.0,4.635957290966045
1,102,2.0,3.0592040198612227
1,103,1.0,2.790804655321418
1,104,1.0,3.2811849518501934
1,107,4.0,3.921432418000846
1,108,5.0,3.6558303459973374
1,112,1.0,2.0680974002998407
1,113,5.0,4.116985772237626
1,114,5.0,4.706232831706124
1,117,3.0,4.023204373901322
1,118,3.0,3.530310337338201
1,120,1.0,2.5223355407486743
1,121,4.0,3.764518505626837
1,125,3.0,3.894702253653401
1,128,4.0,3.857429502846892
1,129,5.0,4.255987445339534
1,130,3.0,3.5981021995549254
1,132,4.0,4.3586596464262
1,134,4.0,4.637366031953665
1,140,1.0,3.160828659933509
1,143,1.0,4.019289925567245
1,145,2.0,2.865955408820294
1,148,2.0,3.3177460347797627
1,150,5.0,4.308828390953085
1,151,4.0,4.208341704172437
1,154,5.0,4.304684433396085
1,155,2.0,3.1093517894338234
1,157,4.0,4.097944914931333
1,159,3.0,3.5627256808203693
1,160,4.0,3.9763827273972754
1,161,4.0,3.6618401846161683
1,163,4.0,3.906938113539355
1,164,3.0,3.8557957602644977
1,170,5.0,4.563099987109724
1,171,5.0,4.51222567779176
1,174,5.0,4.68370755624091
1,175,5.0,4.301412870267291
1,177,5.0,4.2927407546301195
1,180,3.0,4.475653648568945
1,183,5.0,4.479660389546846
1,184,4.0,3.921601761904295
1,185,4.0,4.573061065470959
1,186,4.0,4.2436746749601655
1,188,3.0,4.2422156614945505
1,189,3.0,4.3982382125709
1,190,5.0,4.454143286459461
1,193,4.0,4.337577426691009
1,196,5.0,4.271257604269477
1,200,3.0,4.264566283690289
1,201,3.0,4.070048075120258
1,202,5.0,4.197573189642998
1,206,4.0,4.038249962401989
1,208,5.0,4.232443877876249
1,209,4.0,4.337119567546794
1,210,4.0,4.213223560870603
1,212,4.0,4.126995045821085
1,213,2.0,4.308194139494473
1,214,4.0,3.825698931571257
1,215,3.0,4.053332803279005
1,218,3.0,3.6521499649715925
1,219,1.0,3.6093420264885547
1,221,5.0,4.23518634694248
1,222,4.0,4.086522322710477
1,224,5.0,4.132747493153833
1,225,2.0,2.8804402912218094
1,226,3.0,3.6663947566123873
1,227,4.0,3.5861089563028874
1,228,5.0,4.185367567711268
1,229,4.0,3.410660002968252
1,230,4.0,3.68043041091855
1,232,3.0,3.5103715077413833
1,233,2.0,3.542403458369498
1,235,5.0,3.3810305914748033
1,236,4.0,4.0225754042453445
1,241,4.0,3.885101212673574
1,242,5.0,4.322477624954328
1,243,1.0,2.6268187798387728
1,248,4.0,4.218516515397843
1,250,4.0,3.907185652619956
1,252,2.0,3.239756908285802
1,253,5.0,3.897385667330582
1,254,1.0,2.6008604683076175
1,255,2.0,3.5967418145641785
1,258,5.0,4.246029020007431
1,259,1.0,3.138359472384966
1,260,1.0,3.2146763140737664
1,262,3.0,4.180915324850803
1,264,2.0,3.2369500041793726
1,265,4.0,4.189944302812895
1,266,1.0,2.72029808347343
1,267,4.0,3.195435822743253
1,272,3.0,4.633068447001109
2,13,4.0,3.8462339669355705
2,19,3.0,4.427981075134632
2,50,5.0,4.541564153454847
2,251,5.0,4.562983934967318
2,257,4.0,3.95464219980859
2,279,4.0,3.634493522554812
2,280,3.0,3.394698925087421
2,281,3.0,3.5203691044735765
2,290,3.0,3.434698199682104
2,292,4.0,3.92943052052794
2,297,4.0,4.286982841823191
2,298,3.0,3.926972397448682
2,299,4.0,3.248980612561153
2,301,4.0,3.664610736272897
2,303,4.0,4.122083141844077
2,307,3.0,3.8497045728893933
2,308,3.0,3.6518852014084904
2,312,3.0,3.739629370186539
2,313,5.0,4.4509738099073735
2,314,1.0,2.845442644600773
2,315,1.0,4.463163702541854
2,316,5.0,4.468835599278188
3,245,1.0,2.544700819717943
3,264,2.0,2.3976875867553797
3,272,2.0,3.662887258678818
3,294,2.0,2.604995848042785
3,299,3.0,2.3375603290210702
3,300,2.0,2.945693368380149
3,307,3.0,2.9636460510410845
3,318,4.0,3.6876124851726604
3,323,2.0,2.3475741378588775
3,324,2.0,2.712550521811532
3,327,4.0,2.9951514854360353
3,328,5.0,2.809581234371116
3,330,2.0,2.577711008351542
3,331,4.0,2.891534948997527
3,332,1.0,2.794452051771944
3,334,3.0,2.8501979418608037
3,335,1.0,2.5647637209923397
3,337,1.0,2.775443450405804
3,341,1.0,2.461001852129442
3,343,3.0,2.55661531600011
3,345,3.0,3.047638805914712
3,348,4.0,2.608234519870991
3,349,3.0,2.390570919526416
3,350,3.0,2.6153423137459564
3,351,3.0,2.5059743486021677
3,354,3.0,2.8106805194853868
4,50,5.0,5.0
4,260,4.0,3.7643133616164968
4,264,3.0,3.8491461689506665
4,288,4.0,4.406721351487867
4,294,5.0,4.198774098706239
4,303,5.0,4.859768451549593
4,354,5.0,4.574914339985066
4,356,3.0,4.144486316249168
4,357,4.0,5.0
4,361,5.0,5.0
5,1,4.0,3.602739869635289
5,2,3.0,2.9830457239499357
5,17,4.0,2.96844652309062
5,24,4.0,3.2642801158257058
5,40,4.0,2.285318611974336
5,42,5.0,3.4698562557700843
5,62,4.0,2.9105029878182824
5,69,1.0,3.4285119196274256
5,79,3.0,3.6233684595874016
5,80,2.0,2.418178775863513
5,89,5.0,3.8347273459513165
5,90,3.0,2.847682312201476
5,94,3.0,2.6086652438368754
5,98,3.0,3.8377005836559044
5,100,5.0,3.795378867173663
5,102,3.0,2.688908938076038
5,109,5.0,3.393753000363906
5,110,1.0,2.0485001348001695
5,139,3.0,2.0697498332380366
5,143,3.0,3.1626169558298898
5,144,3.0,3.5545820356412863
5,153,5.0,3.435730433793498
5,154,3.0,3.5250568036563483
5,167,2.0,2.555254834393412
5,173,4.0,3.795503476201062
5,176,3.0,3.6807208516631476
5,185,3.0,3.7982342102360476
5,209,5.0,3.624386743090616
5,211,4.0,3.559188209052524
5,214,3.0,3.104218330901915
5,219,3.0,2.7896135651701846
5,222,4.0,3.34757963454733
5,225,2.0,2.5670269853930945
5,227,4.0,2.9827287521360075
5,230,3.0,3.0642310915807855
5,231,2.0,2.5130022873913256
5,234,2.0,3.3559742722153674
5,241,1.0,3.1030027084753136
5,243,1.0,2.113754682358574
5,259,1.0,2.733518801592922
5,267,4.0,2.3469626040312095
5,363,3.0,2.554156167149058
5,364,1.0,2.458961762625713
5,369,1.0,2.174068650840361
5,370,1.0,2.1351516568747098
5,372,3.0,3.2449516271821657
5,376,2.0,2.107168699487377
5,377,1.0,1.9625510804871684
5,379,3.0,2.5939544851907224
5,382,5.0,3.1957892696702976
5,384,3.0,2.47673867635761
5,385,4.0,3.206464458670236
5,388,2.0,1.9340993167505616
5,389,1.0,2.731809283363971
5,391,4.0,2.255013476215113
5,393,2.0,2.8087356890238215
5,394,2.0,2.793885911543013
5,397,2.0,2.1373181230358687
5,400,1.0,2.3506288182519466
5,402,1.0,2.7766953017319542
5,403,3.0,3.0554438774159287
5,407,3.0,2.070732556763082
5,410,1.0,3.027737337633217
5,411,1.0,2.7205560267114812
5,413,3.0,2.379399641995013
5,417,3.0,2.2698523885695834
5,418,3.0,2.991794792664053
5,421,1.0,3.051969238357457
5,422,4.0,2.3354270531429684
5,423,4.0,3.2975570298495094
5,424,1.0,1.551192305309867
5,426,3.0,2.7676667128257417
5,428,5.0,3.541496689895199
5,429,3.0,3.5683218961926797
5,433,5.0,3.372038478202347
5,435,4.0,3.6353112837904176
5,436,5.0,3.267071602930745
5,439,1.0,1.2096578900928363
5,441,1.0,2.3038694236486412
5,444,2.0,2.5407410286541134
5,445,3.0,3.3416697656721497
5,453,1.0,1.6295774295760475
5,454,1.0,2.1653072507885867
5,457,1.0,1.9125707413103368
6,14,5.0,3.8107839213719235
6,15,3.0,3.422199986882472
6,19,4.0,3.7505698394700446
6,23,4.0,4.170542734632179
6,28,2.0,3.8728409758489795
6,32,4.0,3.9928043492939063
6,56,4.0,3.980006803786332
6,59,5.0,4.059396472765235
6,69,3.0,3.841629705675518
6,70,3.0,3.6587961118144317
6,81,4.0,3.6375575716313
6,86,3.0,3.9882901311850403
6,87,4.0,3.9393753161447465
6,95,2.0,3.64341060636947
6,98,5.0,4.167002171973237
6,100,5.0,3.9097396062529843
6,117,2.0,3.3253874034474085
6,124,5.0,3.859060363146708
6,125,3.0,3.2102378607641886
6,131,5.0,3.950851816079228
6,133,4.0,4.018208852733666
6,134,5.0,4.324617385424843
6,135,5.0,4.100869271464543
6,136,5.0,4.211955049638966
6,143,2.0,3.729133853348918
6,151,3.0,3.497351918391014
6,154,3.0,3.805157320593684
6,156,3.0,3.8137084910790464
6,175,4.0,3.8563387094817556
6,180,4.0,4.1124182997627035
6,183,4.0,4.037940005100742
6,187,4.0,4.217610423943924
6,188,3.0,3.7512184032113423
6,189,3.0,3.9873068696373046
6,193,3.0,4.045953001002999
6,195,4.0,3.8528165142226243
6,197,5.0,4.163597588925979
6,199,4.0,4.39420496168912
6,204,3.0,3.82407025159496
6,205,3.0,4.177732953213714
6,208,4.0,3.98375188120803
6,209,4.0,3.901746854810908
6,211,5.0,4.022247656858634
6,213,4.0,4.14082687667283
6,221,4.0,3.773027245714405
6,238,5.0,3.93507237227944
6,248,3.0,3.405165280642368
6,258,2.0,3.505595091512092
6,269,4.0,3.7167046638690726
6,275,4.0,3.8324492173224662
6,276,2.0,3.4948421705802692
6,284,2.0,2.9947892614792533
6,286,2.0,3.5289888457628558
6,294,2.0,2.90244725916234
6,297,3.0,3.7817262031965657
6,301,2.0,3.025186720602217
6,304,4.0,3.072271939682395
6,318,4.0,4.383596039759016
6,357,4.0,4.359686572607676
6,423,3.0,3.859581462771577
6,432,4.0,3.9009522668828582
6,458,1.0,3.0507305148701924
6,459,2.0,3.7518648826900045
6,463,4.0,3.8642378216727837
6,466,4.0,3.642888507190264
6,467,4.0,3.7492317508458073
6,469,5.0,3.6054641335477613
6,470,3.0,3.5478136959135105
6,471,2.0,3.2586801568195174
6,475,5.0,3.4951210296344986
6,476,1.0,2.837050164128502
6,477,1.0,3.057777100391365
6,478,4.0,4.285948429665534
6,479,5.0,4.37756073868888
6,480,4.0,4.441581712437262
6,481,5.0,4.1448003205203605
6,483,5.0,4.493173279958201
6,484,5.0,4.276763212115091
6,486,4.0,4.031971002949699
6,487,5.0,4.237914522132565
6,488,5.0,4.325825222499763
6,492,5.0,3.9767568158981623
6,498,4.0,4.222905572027762
6,499,4.0,4.157270539107415
6,500,4.0,3.877728950198641
6,506,4.0,3.969570783380001
6,508,3.0,3.416208786814629
6,509,4.0,3.9791422880663956
6,511,5.0,4.295080089654311
6,513,4.0,4.443423633262668
6,515,4.0,4.312873093724361
6,517,4.0,4.002729022523852
6,518,3.0,3.8477857715541464
6,521,4.0,3.9791174249679195
6,523,5.0,4.040941834304288
6,524,3.0,4.21999572380785
6,525,5.0,4.0912034006517715
6,526,3.0,4.018486089209454
6,528,4.0,4.283831249348867
6,532,3.0,3.284758264653824
6,534,4.0,3.3770916658117374
7,7,5.0,4.59097780000516
7,8,5.0,4.70547779826953
7,10,4.0,4.290278299044542
7,22,5.0,4.881853960573332
7,28,5.0,4.686919082656127
7,32,4.0,4.443597720207205
7,44,5.0,3.95464126035981
7,53,5.0,3.614622965794024
7,54,3.0,3.938342424303859
7,72,5.0,3.7879033578669037
7,78,3.0,3.007031664614031
7,79,4.0,4.750223040246049
7,81,5.0,4.34659084961963
7,82,3.0,4.373990921691793
7,89,5.0,4.895184138180225
7,90,3.0,3.740438000992923
7,92,5.0,4.42941450217228
7,93,5.0,4.332881465358133
7,101,5.0,4.08665485838765
7,106,4.0,3.502785484907032
7,118,2.0,3.815714650899855
7,121,5.0,4.009993785641281
7,126,3.0,4.236220730801449
7,127,5.0,5.0
7,131,5.0,4.40348551582239
7,133,5.0,4.660742316607028
7,136,5.0,4.835278075916904
7,139,3.0,3.386269184397125
7,142,3.0,3.7100527836009434
7,151,4.0,4.362095555500188
7,153,5.0,4.5721697056560515
7,154,5.0,4.537639475627691
7,156,5.0,4.78263218784985
7,161,3.0,4.095270582395054
7,162,5.0,4.303141013460262
7,163,4.0,4.367574929395677
7,166,3.0,4.550794873865771
7,168,5.0,4.806383923696063
7,171,3.0,4.504290470661777
7,172,4.0,4.9150692671473895
7,174,5.0,5.0
7,176,3.0,4.6690084524580575
7,177,4.0,4.525068967895697
7,181,3.0,4.7080737049162815
7,182,4.0,4.780088512817725
7,183,4.0,4.777454808192491
7,185,5.0,4.90282589938991
7,188,5.0,4.5393165890731355
7,190,5.0,4.782576990359805
7,191,5.0,4.952482452114408
7,193,5.0,4.826495847371797
7,195,5.0,4.690501100772778
7,196,5.0,4.60292451902886
7,200,5.0,4.58862829982194
7,203,5.0,4.608846152425336
7,205,5.0,4.829665384205227
7,207,4.0,4.278945781952107
7,208,5.0,4.734200747403408
7,210,4.0,4.587234611318801
7,212,1.0,4.206719154810374
7,223,5.0,4.954627903361066
7,226,5.0,3.946911276773753
7,227,3.0,3.885048481407176
7,228,4.0,4.445821724249457
7,232,3.0,3.726190262428104
7,241,4.0,4.235247011723692
7,259,3.0,3.3620164248431585
7,260,1.0,3.1492001556374567
7,264,4.0,3.306899557997168
7,266,4.0,3.331433504573024
7,268,3.0,4.280449059816098
7,269,3.0,4.429153118987463
7,273,3.0,4.117702991070351
7,281,3.0,3.8700652464370244
7,285,5.0,4.745273823806621
7,288,4.0,3.978076334720884
7,300,4.0,4.05518072847122
7,307,5.0,3.8913595389068485
7,334,5.0,3.670072149003636
7,378,5.0,4.3686898620368355
7,382,4.0,4.161711668036405
7,385,5.0,4.234898333823875
7,389,4.0,4.224289394146673
7,393,4.0,4.161063833349501
7,396,4.0,3.614913431110023
7,399,4.0,3.802213601377051
7,401,4.0,3.5089408366037143
7,404,5.0,4.383668203096004
7,418,4.0,4.317200937526793
7,420,5.0,4.279840708114877
7,423,5.0,4.62825667725155
7,428,5.0,4.580511674581668
7,430,3.0,4.7454118271724655
7,431,4.0,4.2130935636988935
7,432,4.0,4.504923294038598
7,435,5.0,4.691910423850027
7,448,3.0,4.224153263206968
7,450,4.0,3.159618550578186
7,451,5.0,3.8956339947632195
7,455,4.0,3.8634763031244725
7,461,4.0,4.319120963375683
7,471,4.0,4.079885816726703
7,472,2.0,3.6646982941693094
7,479,4.0,4.917337243519754
7,480,4.0,5.0
7,481,5.0,4.520463710577506
7,482,3.0,4.69861969990005
7,483,4.0,5.0
7,484,5.0,4.892966526458229
7,485,5.0,4.451184602914333
7,489,3.0,4.69315686232204
7,491,5.0,4.495045438262968
7,492,5.0,4.530508516482844
7,495,5.0,4.351352077655453
7,496,5.0,4.84116265591294
7,497,4.0,4.509705710148986
7,498,5.0,4.894952628879712
7,501,5.0,4.257911008537153
7,504,5.0,4.677803330069659
7,505,3.0,4.656524909908309
7,511,5.0,5.0
7,514,2.0,4.584152875333351
7,515,3.0,5.0
7,519,4.0,4.679452856287771
7,520,5.0,4.8466139620626585
7,526,5.0,4.607886815869249
7,528,5.0,4.916213103981267
7,530,5.0,4.719669752260377
7,537,3.0,4.287962605145433
7,541,2.0,3.3288014645937096
7,542,4.0,3.2048039578409586
7,543,3.0,4.499575807751754
7,548,5.0,3.1443778379015
7,550,4.0,3.94591651853032
7,553,3.0,3.9508365154076497
7,554,3.0,3.435333641031115
7,555,4.0,3.078870628843626
7,559,5.0,3.760107774833408
7,560,3.0,3.1859822109360088
7,562,5.0,3.6963486809673416
7,563,2.0,2.996512018914858
7,564,3.0,2.9102277895194777
7,567,1.0,3.334702487722783
7,570,3.0,3.6706225860980535
7,576,5.0,3.650020922363087
7,579,4.0,3.35664673142041
7,580,3.0,4.308387340016418
7,581,5.0,3.709550722009395
7,582,5.0,4.336312790839135
7,587,4.0,4.076776685126719
7,589,5.0,4.756088799269735
7,599,1.0,3.539195652952405
7,604,3.0,4.577946277986177
7,608,4.0,4.46583701655965
7,614,5.0,4.629209847942619
7,618,4.0,4.13280458283565
7,619,3.0,3.7130648783317226
7,621,5.0,3.8611375319419325
7,622,4.0,3.8619595458230735
7,623,3.0,3.452363137015573
7,624,4.0,3.7941990287504708
7,626,5.0,3.4686501906568306
7,627,3.0,3.8007532341845502
7,630,5.0,4.059311094778329
7,633,5.0,4.629611096280536
7,636,4.0,4.084619352975157
7,637,4.0,3.556949652385341
7,642,3.0,4.2302190118191945
7,643,4.0,3.6549955705648265
7,644,5.0,4.462574677087963
7,645,4.0,4.3823008226516915
7,647,5.0,4.635654208609326
7,648,5.0,4.635009759004852
7,650,3.0,4.30588582772005
7,653,4.0,4.549704058234719
7,654,5.0,4.770979857603015
7,657,4.0,4.947226082356629
7,658,3.0,4.163268958815131
7,659,5.0,4.788728564221858
7,661,5.0,4.814264586220975
7,662,3.0,4.2731511441607655
7,667,5.0,2.9309469598201456
7,669,1.0,2.9280662918762697
7,673,3.0,4.157733296140451
7,674,2.0,3.875128129719382
7,675,5.0,4.077562625224344
7,676,3.0,3.914138893847099
7,680,4.0,3.144830892619886
7,681,1.0,2.875453728411056
7,683,4.0,2.957708324188351
8,7,3.0,4.105923251279714
8,22,5.0,4.381054071277029
8,50,5.0,4.558125640640411
8,56,5.0,4.17811305511071
8,79,4.0,4.344981390507059
8,89,4.0,4.366400906745651
8,127,5.0,4.443046625475683
8,144,5.0,4.180799068979802
8,172,5.0,4.492738762922157
8,176,5.0,4.257977053135841
8,182,5.0,4.231782343755642
8,183,5.0,4.363683749501465
8,188,5.0,4.016219035582299
8,190,4.0,4.330812610205174
8,210,4.0,4.214323405598912
8,258,5.0,4.0046633763317
8,294,3.0,3.408376950744107
8,301,4.0,3.434436385202742
8,338,4.0,2.8131227779883266
8,385,1.0,3.942808263026444
8,457,1.0,2.197121869020103
8,511,5.0,4.494820031235003
8,550,3.0,3.7507631902399803
8,568,4.0,3.9657082504930896
8,651,5.0,4.3893842825102825
8,685,4.0,3.6151063726414963
8,686,3.0,4.035204785257568
8,687,1.0,2.2927938360411297
8,689,4.0,3.19700547896241
9,6,5.0,4.148580418997167
9,286,5.0,4.06559199904628
9,298,5.0,4.443858158610291
9,340,4.0,4.030042617737515
9,479,4.0,4.958081516285796
9,487,5.0,4.89400688450518
9,507,4.0,4.643367576357271
9,521,4.0,4.514186474907696
9,527,3.0,4.769801915752029
9,691,5.0,3.910308078010082
10,1,4.0,4.597270262142896
10,4,4.0,4.363347603052167
10,7,4.0,4.606801689096314
10,13,3.0,4.234441952455962
10,16,4.0,3.9089562572139283
10,22,5.0,4.839632031393015
10,48,4.0,4.86408505253281
10,56,5.0,4.8077198792758065
10,64,4.0,5.0
10,98,4.0,4.992377212151425
10,99,5.0,4.595611357801467
10,100,5.0,4.87943320296053
10,124,5.0,4.741019007254308
10,127,5.0,5.0
10,132,5.0,4.8091989369666495
10,133,5.0,4.6470093325489
10,135,5.0,4.840635368822699
10,144,4.0,4.678688807680448
10,155,4.0,3.779186151225102
10,156,4.0,4.704757301433004
10,160,4.0,4.367745949212292
10,164,4.0,4.356678141536554
10,168,4.0,4.8295564748468855
10,175,3.0,4.573692068728561
10,176,4.0,4.761902409617564
10,183,5.0,4.888313352396089
10,186,4.0,4.5770249632083715
10,191,5.0,4.931915827374898
10,194,4.0,4.856537983780944
10,195,4.0,4.728124305800595
10,199,4.0,5.0
10,200,5.0,4.617055869649808
10,203,4.0,4.7457013940958
10,218,4.0,4.338496221726156
10,223,5.0,4.890576340848794
10,234,4.0,4.644032530507883
10,269,4.0,4.575501861169772
10,275,4.0,4.617919504393917
10,283,4.0,4.427412252418277
10,285,5.0,4.7617188773594945
10,289,4.0,3.8100554944692697
10,294,3.0,3.8747244665606986
10,321,4.0,3.9274853301948673
10,340,4.0,4.288646399838813
10,367,4.0,4.277165173161279
10,371,4.0,4.0241625019376155
10,385,4.0,4.369218709802411
10,418,4.0,4.328045290455802
10,420,4.0,4.385618412515289
10,435,5.0,4.728316687934983
10,447,4.0,4.344738440382081
10,461,3.0,4.348504046655364
10,463,4.0,4.410240624859633
10,474,4.0,5.0
10,475,4.0,4.4921427780358325
10,483,5.0,5.0
10,486,4.0,4.6350795682495
10,488,5.0,5.0
10,489,4.0,4.819836684665313
10,493,4.0,4.920278063900066
10,495,4.0,4.271734803267748
10,496,5.0,4.8586058226030895
10,497,4.0,4.632375148356573
10,498,5.0,4.930528886364065
10,504,5.0,4.7113754003509865
10,505,4.0,4.824813177221894
10,509,4.0,4.555163933629906
10,519,5.0,4.850133676951883
10,521,4.0,4.752264309552851
10,558,4.0,4.453545072376024
10,588,4.0,4.526653251382776
10,603,5.0,5.0
10,611,5.0,4.897802766755802
10,615,4.0,4.8220847800796225
10,651,4.0,4.8853861931178075
10,652,3.0,4.6663115235555965
10,655,5.0,4.6155503508211435
10,656,5.0,4.720530582130957
10,657,4.0,5.0
10,695,3.0,4.03322066380553
10,696,4.0,3.9630060937617007
10,698,4.0,4.026612563969543
10,702,3.0,4.0104727156141475
10,703,5.0,4.1544958962542085
10,704,3.0,3.9929221970740945
10,705,4.0,4.772284973717394
10,706,4.0,3.9046335141123474
10,710,4.0,4.340146961427712
10,711,4.0,3.539195652952405
10,712,4.0,3.99948288383275
11,9,5.0,3.9093252701944303
11,12,2.0,4.2034128123767776
11,22,4.0,3.9946099424356127
11,38,3.0,3.0970601475560575
11,40,3.0,3.0611477426876372
11,47,4.0,3.6064309045248435
11,51,4.0,3.3714009514748127
11,90,2.0,3.115026086350634
11,94,3.0,3.1806525184196555
11,97,4.0,3.779369330669193
11,100,4.0,4.05740335882228
11,109,3.0,3.378060498693693
11,110,3.0,3.0407801748894814
11,111,4.0,3.510946466031273
11,120,2.0,2.20683886113694
11,135,4.0,3.8646415760524584
11,175,3.0,3.6863299267843193
11,185,4.0,3.967827229318728
11,190,3.0,4.214981397355207
11,191,4.0,4.0843783669202836
11,194,4.0,4.064581002714036
11,203,4.0,3.7375031210503185
11,204,3.0,3.8422531883243103
11,215,3.0,3.7744031524077606
11,216,3.0,3.9080896810437338
11,227,3.0,3.283088802448535
11,230,4.0,3.353051205094284
11,241,4.0,3.5581596542392084
11,260,1.0,2.7323080201328342
11,268,5.0,3.780669900226911
11,277,5.0,3.4699959737193646
11,291,4.0,3.353038429241345
11,300,3.0,3.7905360898904075
11,312,4.0,3.3567990808345285
11,350,4.0,3.4166832246118446
11,383,2.0,2.6851362506081156
11,395,2.0,2.7751671661978845
11,402,4.0,3.5455642568503483
11,425,4.0,3.724899632746193
11,428,4.0,3.788027431293527
11,429,5.0,3.8206519248863926
11,435,4.0,3.8472283437855808
11,455,3.0,3.1828900941507277
11,517,2.0,3.666386293352337
11,521,2.0,3.8525452227942014
11,524,4.0,4.044323235024182
11,558,3.0,3.6155737536776495
11,561,2.0,3.1507154557382115
11,573,3.0,3.237820592742348
11,597,2.0,2.960958943289331
11,652,4.0,3.6164704456671686
11,660,3.0,3.92264939416308
11,663,4.0,3.754042001158898
11,710,2.0,3.71058967140317
11,713,5.0,3.4321676188277763
11,714,4.0,3.3919998422912414
11,720,1.0,3.207040075594917
11,721,3.0,3.319321582375808
11,722,3.0,3.001459912169354
11,723,5.0,3.2379093623219823
11,725,3.0,2.8014299593179244
11,726,3.0,2.9649455430071034
11,730,3.0,3.547970423373663
11,732,3.0,3.7190680064183956
11,733,4.0,3.5756692657610354
11,734,3.0,2.71561148221093
11,735,3.0,4.020038118788477
11,736,4.0,3.9394695930389076
11,739,3.0,3.301679536337389
11,740,4.0,3.7997438971979167
11,741,5.0,3.174324966234516
11,743,2.0,2.2554316046420055
11,744,4.0,3.574568239108746
11,746,4.0,3.647743629837322
11,751,2.0,3.5814033309375524
11,752,4.0,3.442630823744372
12,15,5.0,4.6291598357674175
12,28,5.0,4.783705922653429
12,50,4.0,5.0
12,71,4.0,4.648242140674126
12,82,4.0,4.646980939387021
12,96,4.0,4.8266033625113405
12,97,5.0,4.6009976897332825
12,132,5.0,4.75580380922349
12,143,5.0,4.671478671026743
12,157,5.0,4.5254934626678125
12,172,4.0,4.926995180405936
12,191,5.0,4.818000329460839
12,196,5.0,4.7433303677618746
12,200,1.0,4.578786733990767
12,204,5.0,4.709538201235418
12,276,4.0,4.359672608193443
12,282,5.0,4.60995124337415
12,300,4.0,4.529476889937493
12,318,5.0,5.0
12,381,4.0,4.336766580318919
12,402,5.0,4.420427848062533
12,471,5.0,4.476237875055395
12,684,5.0,4.629602696108766
12,735,5.0,4.749755997355294
12,753,5.0,4.435400847713883
12,754,4.0,4.143646662100137
13,2,3.0,3.1307826311531257
13,11,1.0,3.7570231251887343
13,14,4.0,3.584065006399397
13,21,3.0,2.4902386546889463
13,24,1.0,2.8900113251988464
13,25,1.0,3.2491225223694977
13,27,3.0,2.7813018281774173
13,29,2.0,2.535880364030229
13,40,2.0,2.429114807635167
13,42,4.0,3.650327756086646
13,45,3.0,3.912974217718035
13,48,5.0,4.123186826186213
13,56,5.0,3.9291528680686967
13,59,4.0,3.7533390814470984
13,61,4.0,3.626079176284922
13,64,5.0,4.3890695175960035
13,66,3.0,3.3525803650491204
13,71,4.0,3.5684232812749115
13,72,4.0,2.995190369065863
13,73,3.0,3.381978700228113
13,88,4.0,3.4299889972203585
13,90,3.0,2.840101925629005
13,94,3.0,2.947687089097227
13,97,4.0,3.7382958659984507
13,98,4.0,4.132068567562383
13,100,5.0,4.037440294517923
13,109,4.0,3.2281161352333694
13,118,4.0,2.911983727066998
13,121,5.0,3.2197934996972464
13,124,5.0,4.096591294017642
13,137,5.0,3.870559274423541
13,144,4.0,3.886973527091744
13,147,3.0,3.065541375012583
13,150,5.0,3.713312128807239
13,153,4.0,3.7336827147309966
13,154,5.0,3.6400720882835875
13,161,5.0,3.4068380897600745
13,167,4.0,2.609399115981228
13,168,4.0,4.082571767342243
13,173,2.0,4.096278690069284
13,178,4.0,4.211726488397487
13,180,5.0,4.006497063990966
13,181,5.0,3.992335315791549
13,185,3.0,4.153880486544675
13,186,4.0,3.841877382022495
13,190,4.0,3.8416769404754625
13,195,3.0,3.9322870522228865
13,196,4.0,3.7973676437990176
13,198,3.0,3.9667522644241067
13,201,1.0,3.102215445134564
13,208,5.0,3.9018188797312923
13,210,3.0,3.816672187514069
13,212,5.0,3.450846053996412
13,215,5.0,3.6516889267789887
13,217,1.0,2.8829830011415267
13,219,1.0,2.6045619534235565
13,226,4.0,3.347238189976669
13,229,4.0,3.233343837825111
13,230,3.0,3.5039573211799926
13,232,3.0,2.962901167432055
13,238,3.0,3.89212206027104
13,243,3.0,1.824526567944996
13,258,4.0,3.5402700686130766
13,261,1.0,1.7948505269085426
13,263,5.0,1.2375322699952567
13,265,4.0,3.948257240652611
13,268,4.0,3.5616696555543066
13,269,2.0,3.5603974265210634
13,270,4.0,3.364878751240687
13,271,1.0,2.8835061981085826
13,272,4.0,3.9458332434162817
13,273,3.0,3.33101841107412
13,276,5.0,3.2837756578320274
13,281,3.0,2.860833473670591
13,287,1.0,3.3213529588340602
13,289,2.0,2.777165460852375
13,290,4.0,3.087771947229586
13,294,2.0,2.894720721744517
13,300,1.0,3.252854345013232
13,301,1.0,2.942817307122701
13,302,5.0,3.8959051431159453
13,303,4.0,3.6048421584292574
13,305,4.0,3.4381337563453624
13,308,3.0,2.6395847886664496
13,312,1.0,2.804058255036339
13,314,1.0,2.4109704011967965
13,315,5.0,3.681015134774562
13,317,5.0,3.821725870758228
13,318,3.0,4.308048377836822
13,319,4.0,3.079094284080933
13,320,1.0,4.0003345953810845
13,331,3.0,3.0859969185543408
13,333,3.0,3.0855738672755253
13,334,1.0,2.903845900723833
13,338,1.0,2.36798562081597
13,340,2.0,3.201600563404826
13,341,2.0,2.0618473483968125
13,343,1.0,2.7007804888534173
13,344,2.0,3.610709891957934
13,345,4.0,3.4499253852832625
13,349,1.0,2.4285687195031
13,351,1.0,2.515379926278462
13,353,4.0,2.240716990655438
13,354,2.0,3.0117564557573093
13,360,4.0,2.6645535705822194
13,363,3.0,2.404778219225221
13,377,1.0,2.1712771006675795
13,379,1.0,2.4802529603971193
13,384,2.0,2.4906010544727595
13,385,3.0,3.5731074072260554
13,387,3.0,3.0928491989480786
13,391,3.0,2.42978559572032
13,396,3.0,2.395352506701143
13,402,4.0,3.250358341446873
13,405,2.0,3.113696276142508
13,409,3.0,2.543121055495633
13,414,5.0,3.6998753643506372
13,416,3.0,3.353759931523955
13,418,2.0,3.4516884636012164
13,420,4.0,3.246969148415224
13,421,2.0,3.4898760790107226
13,423,5.0,3.770907094988672
13,428,5.0,3.597615502426201
13,431,1.0,3.470935605023565
13,436,2.0,3.254374689836297
13,437,1.0,1.0
13,440,1.0,1.346213098429316
13,443,4.0,3.6619304006093714
13,447,2.0,3.043607263336594
13,449,4.0,3.0153477268119344
13,450,3.0,2.610645022271521
13,451,1.0,2.967136458850078
13,452,3.0,2.0245561082447896
13,457,1.0,1.469226290347887
13,467,5.0,3.91425193654742
13,472,5.0,2.7815128853725204
13,476,2.0,2.696079831316129
13,477,4.0,2.8497306274770304
13,480,3.0,4.280232053812512
13,481,3.0,4.0635910793201955
13,482,5.0,4.091532122402715
13,483,5.0,4.282812649912463
13,488,3.0,4.1824358938257395
13,493,5.0,4.179393328664243
13,498,4.0,4.140538497481084
13,501,5.0,3.3863537972350244
13,502,5.0,3.7409807995448343
13,505,3.0,4.05177513247382
13,508,3.0,3.2831721972227204
13,509,5.0,3.7231846009128198
13,514,5.0,4.097727318699971
13,516,5.0,3.945874080853124
13,517,5.0,3.7913510901080563
13,519,5.0,4.175327178751704
13,520,4.0,4.161821499391371
13,524,4.0,4.085896099948426
13,526,3.0,3.904165481910139
13,530,5.0,4.195333993608846
13,539,1.0,2.3395418401115724
13,540,3.0,2.2390112217900784
13,546,3.0,2.8231124494048405
13,548,3.0,2.2201236216001683
13,564,1.0,1.471716520089084
13,567,1.0,2.0230581413610893
13,570,5.0,2.9188716521419327
13,588,4.0,3.5442394522288923
13,589,3.0,4.13719466956253
13,596,3.0,3.1547627506141485
13,597,3.0,2.7758577089673366
13,601,4.0,3.855536910395885
13,604,5.0,3.942842623525382
13,610,2.0,3.7177776254396564
13,612,4.0,4.067171017266856
13,614,4.0,3.8255419444726644
13,615,4.0,4.138550089570145
13,617,3.0,3.7240558201852547
13,624,5.0,2.9683432696967427
13,625,2.0,3.26957835652891
13,632,3.0,3.840163975583241
13,651,5.0,4.17772522008548
13,652,5.0,3.8444807923948052
13,659,3.0,4.048797075293829
13,665,2.0,2.4614574881686933
13,673,3.0,3.5055060960637063
13,678,3.0,2.331582063062418
13,682,1.0,2.146937328223791
13,683,1.0,1.9405520420827445
13,685,5.0,2.934812551434859
13,694,4.0,3.869703904675605
13,705,5.0,3.8887927305474306
13,716,4.0,2.5225215245789614
13,720,4.0,2.768226664057989
13,735,3.0,3.787846115224088
13,752,1.0,3.0394245605166432
13,755,3.0,3.1763656841173917
13,759,2.0,1.8908460664681022
13,764,2.0,2.588850607497246
13,766,4.0,3.1036632107950344
13,772,1.0,3.1903732979486956
13,776,2.0,2.7639474804455
13,780,1.0,2.5774784556258723
13,781,3.0,3.077794864767965
13,782,3.0,2.8272571712851953
13,783,3.0,2.2625539969747694
13,784,1.0,2.192918098049864
13,786,3.0,2.2498872533560696
13,787,3.0,3.100175870099594
13,788,1.0,1.9238755453506116
13,794,4.0,3.1143652697767243
13,802,2.0,2.4758250608855645
13,805,4.0,3.78970659136672
13,807,1.0,2.3432991599230486
13,808,2.0,2.3574424717592626
13,809,4.0,2.6556236152292945
13,812,2.0,2.5616990416033962
13,814,5.0,3.539195652952405
13,816,1.0,1.730682281739216
13,820,4.0,2.451931721178174
13,821,3.0,2.6242686044194015
13,823,5.0,2.6614389789770247
13,828,1.0,2.3305322407235063
13,830,1.0,3.539195652952405
13,831,3.0,2.1979541276860344
13,836,2.0,3.81687715957539
13,839,1.0,3.1466578421552094
13,840,3.0,2.3692198680208736
13,842,2.0,3.208832448369642
13,844,1.0,3.0220085776430947
13,847,4.0,3.725243293044588
13,848,5.0,3.1529263664890443
13,852,1.0,3.539195652952405
13,854,1.0,2.891126763428362
13,856,5.0,3.5885013724337598
13,857,3.0,3.539195652952405
13,858,1.0,1.3375806753685158
13,859,1.0,2.037992253616264
13,860,1.0,1.752105729408506
13,861,3.0,2.8333941218738348
13,864,4.0,2.8237512553593005
13,866,3.0,2.7141854946276402
13,868,5.0,3.29457280304618
13,869,3.0,2.7878076543570107
13,874,5.0,2.848080697220932
13,875,1.0,2.668543252987269
13,876,2.0,1.9621384220390103
13,877,2.0,2.184322090901494
13,878,1.0,1.8877134432512257
13,885,1.0,2.1315387078466848
13,887,5.0,3.2572769362012455
13,888,2.0,2.600935548692892
13,890,1.0,1.8047732619706927
13,892,3.0,2.210266392693451
13,894,1.0,1.693548118069708
13,898,1.0,2.6043457436935604
13,901,1.0,1.5806079032671283
13,906,3.0,2.8827503654238162
13,907,1.0,2.8926459881652686
13,908,1.0,2.583299250760798
13,910,2.0,2.7957719690327343
13,912,2.0,2.8235694892199548
13,913,1.0,3.3795984644111265
13,915,5.0,3.490329640421634
13,918,3.0,2.987074183179818
14,7,5.0,4.542540694984883
14,9,4.0,4.513976615274817
14,13,4.0,4.156749298416589
14,14,3.0,4.527647876796412
14,15,4.0,4.317802280692655
14,18,3.0,4.316017483673822
14,22,3.0,4.7239499285969355
14,23,5.0,4.792191108028007
14,42,4.0,4.558962605989721
14,50,5.0,4.900431659695196
14,56,5.0,4.699676099656601
14,70,1.0,4.373318704422871
14,93,3.0,4.623472446825311
14,98,3.0,4.887088664137657
14,100,5.0,4.735465549388189
14,111,3.0,4.2186095583822905
14,116,5.0,4.6080883882984605
14,121,3.0,4.09360925075959
14,151,5.0,4.3937906415957855
14,168,4.0,4.7650030047240595
14,172,5.0,4.790349770326276
14,174,5.0,4.8980586759564275
14,175,5.0,4.647939980241977
14,176,1.0,4.641779881030006
14,181,5.0,4.5924435288816685
14,202,3.0,4.482911626414506
14,204,5.0,4.53886123355979
14,211,4.0,4.670137525042634
14,213,5.0,4.642184600642348
14,242,4.0,4.571394902018659
14,269,4.0,4.501189758170835
14,275,4.0,4.595399687786314
14,283,4.0,4.526462759796676
14,285,5.0,4.880172445876402
14,313,2.0,4.703969700542332
14,357,2.0,5.0
14,408,5.0,5.0
14,455,4.0,4.180002587416719
14,474,4.0,5.0
14,475,3.0,4.513892601489001
14,477,4.0,3.910060445455871
14,492,4.0,4.776745546963086
14,498,5.0,4.872257580719678
14,509,5.0,4.5532047127635025
14,514,4.0,4.617799226596215
14,517,4.0,4.492223773518811
14,519,5.0,4.878063215080283
14,530,5.0,4.775826311242946
14,596,3.0,4.0101607496311
14,603,4.0,4.993175378675479
14,655,5.0,4.5089531029061725
14,709,5.0,4.725434574227717
14,716,5.0,4.140487628766507
14,792,5.0,4.561723736280925
14,813,2.0,4.471634065665439
14,845,3.0,4.184461244261189
14,922,4.0,4.695318081005793
15,1,1.0,3.1573674174914252
15,7,1.0,3.108810894192704
15,9,4.0,3.248427518318727
15,18,1.0,2.9690972453252193
15,20,3.0,3.2290390483770883
15,25,3.0,2.8971824527904646
15,127,2.0,3.6228543046042843
15,137,4.0,3.334154759676535
15,148,3.0,2.6423438750794785
15,222,3.0,2.9650400778847894
15,244,2.0,2.8435598808790017
15,274,4.0,3.03159036940924
15,278,1.0,2.8885079571069534
15,286,2.0,3.4370461642358885
15,289,3.0,2.9013041283769785
15,300,4.0,3.13173176972726
15,301,4.0,3.020394518706182
15,307,1.0,2.9601575134968097
15,331,3.0,2.994834305543134
15,405,2.0,2.6469919787766134
15,411,2.0,2.2032653889981346
15,458,5.0,2.5369337031142374
15,459,5.0,3.462407798451335
15,471,4.0,2.989456165342797
15,473,1.0,2.550075758924252
15,476,4.0,2.690222229894613
15,508,2.0,2.969721737722816
15,591,2.0,3.0452238430228507
15,620,4.0,2.580811238850469
15,678,1.0,2.1874098327153026
15,685,4.0,2.6983460549654055
15,696,2.0,2.6403948943903974
15,742,2.0,2.9238178133666555
15,744,4.0,3.1246889754601224
15,749,1.0,2.882852562468723
15,754,5.0,2.767098724752793
15,815,1.0,2.7235098032083025
15,864,4.0,2.6492110448876875
15,889,3.0,3.240078905030013
15,924,3.0,2.9757079371899904
15,929,1.0,2.1544961151006365
15,932,1.0,2.411882863335062
15,933,1.0,2.366549379443147
15,937,4.0,2.9331603950232266
16,7,5.0,4.926988753578156
16,8,5.0,5.0
16,9,5.0,4.8806024981022595
16,22,5.0,5.0
16,27,2.0,4.464546130132996
16,28,5.0,5.0
16,31,5.0,4.912935482579963
16,51,4.0,4.686912873579355
16,55,5.0,4.790654149848449
16,56,5.0,5.0
16,64,5.0,5.0
16,69,5.0,5.0
16,70,4.0,4.799214129860111
16,76,5.0,4.762808502101941
16,89,2.0,5.0
16,92,4.0,4.755280694017795
16,96,5.0,5.0
16,99,5.0,4.98234012382202
16,134,4.0,5.0
16,144,5.0,5.0
16,151,5.0,4.867814827513355
16,155,3.0,4.331053255730046
16,156,4.0,4.974954299089799
16,160,4.0,4.592259480248976
16,161,5.0,4.742860723853029
16,164,5.0,4.820490545643006
16,168,4.0,5.0
16,174,5.0,5.0
16,178,5.0,5.0
16,182,5.0,5.0
16,183,5.0,5.0
16,191,5.0,5.0
16,194,5.0,5.0
16,195,5.0,5.0
16,197,5.0,5.0
16,209,5.0,4.975839109364621
16,228,5.0,5.0
16,230,5.0,4.786798046074854
16,233,5.0,4.57308464847905
16,284,1.0,4.39062238109231
16,288,3.0,4.662456096909958
16,294,4.0,4.434464647067681
16,300,5.0,4.7908234616199525
16,318,5.0,5.0
16,357,5.0,5.0
16,418,5.0,4.8077067957129165
16,443,5.0,4.995419626244994
16,447,5.0,4.681818378592862
16,471,3.0,4.738581954763612
16,479,5.0,5.0
16,482,5.0,5.0
16,496,5.0,5.0
16,504,5.0,4.912902139202661
16,546,4.0,4.300415331090993
16,564,1.0,3.6175395582931746
16,602,5.0,4.786676963029727
16,603,5.0,5.0
16,606,4.0,5.0
16,629,4.0,4.429201261551972
16,654,5.0,5.0
16,655,5.0,5.0
16,657,5.0,5.0
16,692,4.0,4.894801967128281
16,693,4.0,4.840546634703374
16,705,5.0,5.0
16,735,3.0,4.939961603361191
16,761,2.0,4.213240984549437
16,812,2.0,4.169045698790156
16,940,2.0,3.6709529512235273
16,942,4.0,4.602143383204253
16,944,1.0,4.296582159679669
17,1,4.0,3.319560804414809
17,9,3.0,3.462400524673284
17,13,3.0,3.1870423735555424
17,125,1.0,2.9432458270258572
17,151,4.0,3.2942767398114308
17,237,2.0,3.1248342090065386
17,245,2.0,2.579755991574837
17,508,3.0,3.355348635448372
17,744,3.0,3.0850897250838276
18,1,5.0,4.129100398978883
18,12,5.0,4.675332135274492
18,13,5.0,4.047620407016856
18,14,5.0,4.541677198021827
18,19,3.0,4.502339267395701
18,25,3.0,3.7931089572104866
18,26,4.0,3.72830631689415
18,47,3.0,4.088217412429144
18,57,4.0,4.303903343661161
18,58,4.0,4.148098637835031
18,64,5.0,4.695301095758586
18,69,3.0,4.186649885609213
18,70,4.0,4.140689174837725
18,71,4.0,3.9494847903539423
18,82,3.0,3.9198010229000304
18,86,4.0,4.427025265956943
18,89,3.0,4.502788340231216
18,97,4.0,4.151035860663618
18,99,5.0,3.9343306530535465
18,113,5.0,4.514524410627818
18,126,5.0,4.094220969761082
18,131,4.0,4.264191302998276
18,135,3.0,4.358348003304066
18,136,5.0,4.402381593795067
18,151,3.0,4.003344466968312
18,152,3.0,4.0072704749989585
18,154,4.0,4.0546116470346325
18,162,4.0,4.0361557111370505
18,169,5.0,4.789159593116076
18,170,5.0,4.5892154342885085
18,179,4.0,4.333267103760818
18,180,4.0,4.475316766088845
18,181,3.0,4.229546219414601
18,182,4.0,4.349985874759078
18,185,3.0,4.585229128054714
18,186,4.0,4.082711032359525
18,188,3.0,4.146605649279981
18,190,4.0,4.612967554362875
18,191,4.0,4.569903282349547
18,193,5.0,4.3294292774462075
18,194,3.0,4.43820128912232
18,195,3.0,4.186851020920104
18,196,3.0,4.176303968829374
18,199,3.0,4.51579859940004
18,202,3.0,4.0671367360094335
18,209,4.0,4.228645641235063
18,214,4.0,3.801370906654666
18,215,3.0,4.0080414865394385
18,224,5.0,4.320117146316599
18,234,3.0,4.1401197087550266
18,237,3.0,3.9125119884854116
18,241,3.0,3.955412814647351
18,275,5.0,4.562095993637444
18,276,5.0,4.19147464049027
18,286,5.0,4.304427089775
18,318,5.0,4.831010851260484
18,367,4.0,3.900516978766987
18,387,4.0,4.019285875635447
18,393,3.0,3.6299749915115704
18,408,5.0,4.91816074445652
18,423,5.0,4.127042649772875
18,428,3.0,4.23402245946993
18,432,4.0,4.149552846016202
18,443,3.0,4.228162564913558
18,451,3.0,3.5889563046499613
18,462,3.0,4.4726136617161565
18,463,4.0,4.251579940309041
18,479,4.0,4.675836637705589
18,483,4.0,4.816555998312099
18,485,5.0,4.148127460451323
18,487,4.0,4.4612383112164045
18,488,3.0,4.692575971168292
18,494,3.0,4.496530776795776
18,496,5.0,4.464953193715455
18,497,4.0,4.422981103016907
18,498,4.0,4.519853153533409
18,509,4.0,4.508226998431798
18,513,4.0,4.709953345622447
18,514,5.0,4.331400991709488
18,515,5.0,4.671723641686247
18,523,4.0,4.421547808950692
18,526,4.0,4.254349829658751
18,527,4.0,4.429419195865118
18,530,4.0,4.492299164166075
18,602,3.0,4.11397558364562
18,607,3.0,4.597000099683049
18,609,4.0,3.9787332969945948
18,610,4.0,4.210361329652761
18,629,3.0,3.7207147260620963
18,630,3.0,3.8397205959764094
18,647,4.0,4.422742340298592
18,659,4.0,4.432134121606735
18,660,5.0,4.138501919327734
18,692,3.0,3.9758366322890524
18,699,5.0,4.104106711561872
18,705,3.0,4.383158850281106
18,729,3.0,3.737016273835828
18,732,3.0,3.960483288348599
18,739,3.0,3.437699806865436
18,775,3.0,2.85764197075083
18,778,2.0,3.8471647246627594
18,792,5.0,4.202986156921343
18,794,3.0,3.563052919510651
18,863,3.0,4.429532181490811
18,921,5.0,4.4813899896111025
18,923,5.0,4.675709522675604
18,950,3.0,3.8776480624504117
18,953,3.0,4.0362102255422325
18,954,3.0,4.102683534506083
18,955,4.0,3.690918313365649
18,960,4.0,3.976494485985028
18,961,3.0,4.296409099937537
18,964,3.0,4.2332472975658435
18,965,4.0,4.3373694841931165
18,966,2.0,4.202805512418766
18,968,3.0,4.086633118088226
18,970,3.0,4.200448009395203
18,971,4.0,4.244995493072654
19,4,4.0,3.6170855289835275
19,153,4.0,3.8738729163113335
19,201,3.0,3.638849484552757
19,258,4.0,3.7586976251245003
19,310,4.0,3.6457333401857275
19,313,2.0,4.076563044808295
19,382,3.0,3.6248385572237605
19,435,5.0,3.904012793885198
19,655,3.0,3.877427040646563
19,692,3.0,3.7704302853042915
20,1,3.0,3.4996628840268276
20,11,2.0,3.317038777099411
20,69,1.0,3.535669814518128
20,87,5.0,3.5790323586812116
20,95,3.0,3.499869853914264
20,98,3.0,3.7406244520235203
20,118,4.0,3.075250931359
20,121,3.0,3.241856430852588
20,144,2.0,3.477092977804388
20,172,3.0,3.768585066821008
20,176,2.0,3.5330222515844927
20,186,3.0,3.468560188165503
20,194,3.0,3.610708358242374
20,208,2.0,3.477178044007824
20,252,4.0,2.7233161770263035
20,288,1.0,3.024472782788171
20,405,3.0,3.0223655743758577
20,568,4.0,3.3433449494131766
20,597,3.0,2.9941725926873257
20,678,4.0,2.726269305812659
20,742,4.0,3.3387632490338524
20,931,1.0,2.3108158331169273
21,56,5.0,3.77259417051675
21,98,5.0,3.798574352809931
21,100,5.0,3.883022418096587
21,103,1.0,2.0058335689716094
21,106,2.0,2.524873540388957
21,118,1.0,2.4210479963628493
21,121,1.0,2.7456215034637546
21,129,4.0,3.5360444808756215
21,148,1.0,2.5420216051349573
21,164,5.0,2.8524862069931625
21,184,4.0,3.0758415759410656
21,217,3.0,2.7287385005478058
21,218,4.0,2.882334251204554
21,219,5.0,2.710294007408096
21,222,2.0,3.201013053155888
21,234,5.0,3.4470100757266757
21,242,3.0,3.51637079686528
21,245,1.0,2.402796343085199
21,258,4.0,3.3166940602585946
21,288,3.0,2.9474846636313776
21,291,3.0,2.720205177996329
21,292,3.0,2.6636902118065704
21,294,3.0,2.5534343922485654
21,295,3.0,2.874521658843512
21,298,5.0,3.3216603884614666
21,299,1.0,1.9415527698956803
21,319,2.0,2.760279632337804
21,320,3.0,4.050008976939695
21,324,4.0,2.8916116339302613
21,325,4.0,2.1560346735302534
21,326,5.0,2.4091762731662056
21,327,3.0,2.9004927275851973
21,328,3.0,2.665837991100125
21,370,1.0,1.9282405900741413
21,396,2.0,2.7263239114017863
21,424,1.0,1.4259076438710205
21,439,1.0,1.214678868538647
21,440,1.0,1.8608761081638976
21,441,3.0,2.1983523951252755
21,445,3.0,3.1722163399858623
21,447,5.0,3.0668198141723693
21,448,4.0,2.8005770738006874
21,452,4.0,1.9802769322491547
21,457,1.0,1.0
21,473,3.0,3.0607163914781617
21,558,5.0,3.3080333356360745
21,565,3.0,2.0202925820961566
21,569,3.0,2.0164518766689765
21,590,1.0,1.8036134802602797
21,591,3.0,3.2044781444909782
21,595,3.0,2.255824785386049
21,596,3.0,2.8957763791104423
21,665,3.0,2.443911859697508
21,668,1.0,2.402650782275901
21,670,3.0,2.3081737506615894
21,671,5.0,3.557468072012625
21,678,2.0,1.9738096876815168
21,687,2.0,1.2611548202071732
21,688,1.0,1.0766144930318684
21,696,2.0,2.697439898131078
21,717,1.0,2.0699505888929326
21,741,3.0,2.8074046603167315
21,742,3.0,2.9755635678566215
21,758,1.0,1.3169957208326735
21,773,3.0,2.435438564721736
21,774,2.0,2.382856636362733
21,816,1.0,2.180321197467546
21,820,3.0,2.3218914160121105
21,834,1.0,1.9009450373592705
21,839,1.0,2.7682798977797107
21,844,4.0,3.251369635008782
21,859,2.0,2.490941698603697
21,860,2.0,1.99961226854371
21,875,4.0,2.3579061147672493
21,928,3.0,2.4362622909291947
21,930,1.0,1.8006576717139633
21,931,2.0,1.7595538310517127
21,948,1.0,1.4158242346745737
21,974,3.0,2.0258400569931267
21,977,2.0,1.9355560446618179
21,979,2.0,2.7406525221463136
21,982,1.0,1.593677487563388
21,985,2.0,2.603680112789162
21,995,2.0,2.697589506851245
22,29,1.0,2.561496272011272
22,79,4.0,3.9957228620656497
22,80,4.0,2.8214699249623783
22,96,5.0,3.9535531275513005
22,110,1.0,2.4688421451259615
22,117,4.0,3.644393797630472
22,118,4.0,3.0595387489710824
22,121,3.0,3.283208779840321
22,128,5.0,3.591706191258775
22,153,5.0,3.763655622426168
22,154,4.0,3.8128087894658393
22,168,5.0,4.145203236289736
22,172,4.0,4.256801897118844
22,173,5.0,4.241465285848594
22,176,5.0,4.0701230117406215
22,186,5.0,3.9234753219874086
22,194,5.0,4.158027179384872
22,195,4.0,4.00972120484902
22,204,5.0,3.854647740934428
22,208,5.0,3.9164589869437387
22,222,4.0,3.6602756909238456
22,226,4.0,3.2624290499962028
22,227,4.0,3.226938285214561
22,230,4.0,3.3028879113627623
22,238,5.0,3.9883713220779264
22,241,3.0,3.6204507721289354
22,258,5.0,3.9653460682846693
22,294,1.0,3.198795133168556
22,358,5.0,2.807467845169178
22,376,3.0,2.769166845628873
22,377,1.0,1.890913815489685
22,386,3.0,2.7137315278845633
22,393,4.0,3.331272917174032
22,399,4.0,3.251531396896107
22,403,5.0,3.394441668276634
22,407,3.0,2.16817685209541
22,411,1.0,2.967901661990643
22,433,3.0,3.8937458535125065
22,435,5.0,4.096181271957382
22,455,5.0,3.4532346699491505
22,456,1.0,2.3861995539477157
22,502,4.0,3.514074979464189
22,510,5.0,3.992959448965604
22,511,4.0,4.323155233216439
22,550,5.0,3.32182011261664
22,554,1.0,2.838124324220219
22,648,4.0,3.95607098992373
22,683,1.0,2.43945220061132
22,687,1.0,1.8770597632757915
22,692,4.0,3.612804777601394
22,780,1.0,3.1272871175739874
22,791,1.0,3.0570432116500847
22,871,3.0,2.190114775492405
22,878,1.0,2.0107068258566176
22,948,1.0,2.109425839339715
22,997,1.0,2.8321822553196916
22,999,4.0,2.756792930699352
22,1001,1.0,2.0176168133800547
23,1,5.0,3.775469980792048
23,13,4.0,3.757312243070494
23,28,3.0,3.8613278841000276
23,32,3.0,4.034238704668266
23,50,4.0,4.2521702912943375
23,70,2.0,3.7540699275204217
23,71,3.0,3.6754619545097196
23,83,4.0,4.162842739380977
23,88,3.0,3.4470881977479473
23,90,2.0,3.100130852225103
23,98,5.0,4.211596462789177
23,99,4.0,3.701727170565725
23,109,3.0,3.467175304980786
23,133,4.0,3.876763881288746
23,143,3.0,3.6790633532516326
23,170,4.0,4.321791950754804
23,172,4.0,4.104421127423505
23,177,4.0,3.7969095423912407
23,183,3.0,4.033960686975371
23,188,3.0,3.7654607188654805
23,189,5.0,4.11529273170103
23,191,3.0,4.175160381525889
23,196,2.0,3.8913772189042986
23,209,5.0,4.011149067134664
23,213,3.0,4.059826024711065
23,215,2.0,3.5923255783407697
23,219,1.0,3.144470502190755
23,222,4.0,3.4937428916608937
23,228,4.0,3.758240513856666
23,229,3.0,3.0493893924986133
23,238,5.0,4.01601714915346
23,257,3.0,3.6357010053230296
23,258,5.0,3.8108473621548002
23,269,5.0,4.0231256608771755
23,315,3.0,4.035969868200834
23,323,2.0,2.9118555625848135
23,357,3.0,4.351269270957032
23,380,5.0,3.3051789979108395
23,381,4.0,3.713003648557888
23,385,4.0,3.4599460829475936
23,404,4.0,3.5209026481086005
23,405,4.0,3.1516283785064783
23,419,3.0,3.6858829085765814
23,421,5.0,3.6287937849147323
23,427,5.0,4.325767097258354
23,463,4.0,3.997533958713001
23,483,4.0,4.403424643410846
23,504,4.0,3.9189384506094034
23,511,5.0,4.235018744249078
23,512,5.0,4.344134657643351
23,516,4.0,3.997974106532816
23,518,5.0,3.9898761325776766
23,527,4.0,3.9951585247886623
23,528,4.0,4.183230836163778
23,546,3.0,2.9634683171483838
23,549,3.0,3.505625624752617
23,662,3.0,3.4137639474808794
23,705,4.0,4.040042563756798
23,710,4.0,3.6123780651089743
23,739,2.0,2.9979128795885863
23,747,3.0,3.515520256531185
23,1005,3.0,4.20929411680962
23,1006,3.0,3.4274334030517233
24,9,5.0,4.85182575461609
24,25,4.0,4.542026009204765
24,56,4.0,5.0
24,64,5.0,5.0
24,100,5.0,5.0
24,109,3.0,4.605383636813146
24,117,4.0,4.711173326149365
24,129,3.0,4.808392391571403
24,153,4.0,4.862803881846816
24,178,5.0,5.0
24,191,5.0,5.0
24,216,4.0,4.938042351977258
24,258,4.0,4.778123475134722
24,275,5.0,4.892625180908806
24,286,5.0,4.618327682683121
24,294,3.0,4.141637440288736
24,318,5.0,5.0
24,358,3.0,3.8900508661164563
24,367,2.0,4.603125842055368
24,372,4.0,4.581970653986172
24,427,5.0,5.0
24,475,4.0,4.865177467282399
24,477,5.0,4.229229782533116
24,508,4.0,4.703785312033631
24,662,5.0,4.486835909180777
24,742,4.0,4.598996721669169
24,763,5.0,4.583193662241047
25,8,4.0,4.462169231881101
25,13,4.0,3.9351563667586884
25,25,5.0,3.9989965958284874
25,50,5.0,4.707352889478448
25,114,5.0,4.701273123007233
25,127,3.0,4.601928807148134
25,135,3.0,4.347237352705731
25,151,4.0,4.147257618087343
25,169,5.0,4.861408307942836
25,174,5.0,4.646432976994579
25,181,5.0,4.449348685676456
25,189,5.0,4.416220893917982
25,197,3.0,4.423505231798638
25,208,4.0,4.3089363910939
25,222,4.0,4.167197470843441
25,228,4.0,4.29426218179596
25,238,4.0,4.2835884825052695
25,239,4.0,4.132833062358442
25,257,4.0,4.308519796653287
25,258,5.0,4.359786574591283
25,269,4.0,4.350557946266176
25,275,4.0,4.366296042361919
25,357,4.0,4.651622564918666
25,427,4.0,4.557918143571101
25,432,2.0,4.1931996138691305
25,455,4.0,3.9073808762645843
25,477,4.0,3.818297234010094
25,478,5.0,4.450296283896062
25,480,4.0,4.670028981827972
25,498,4.0,4.501240382496671
25,501,3.0,3.9277195460557257
25,520,3.0,4.521631082627964
25,615,5.0,4.359263503275196
25,633,4.0,4.275916909661097
25,729,4.0,4.015949241039438
25,742,4.0,4.164555279811102
25,969,3.0,4.172361165975186
26,7,3.0,3.161690656421849
26,9,4.0,3.123142163898802
26,13,3.0,2.815596186467678
26,15,4.0,3.0487499344021143
26,25,3.0,2.8222894010155732
26,100,5.0,3.4713815201269096
26,117,3.0,2.9619082376712598
26,125,4.0,2.8101430706988895
26,127,5.0,3.6428262816179404
26,150,3.0,3.072239643935282
26,235,2.0,2.2485311739227063
26,237,3.0,2.979771653392385
26,240,3.0,2.2123453786691716
26,255,3.0,2.67750627613629
26,257,3.0,3.0679956233986023
26,258,3.0,3.1703119064251415
26,269,4.0,3.3765112001415614
26,286,3.0,3.076537258536641
26,292,3.0,3.1041232682425353
26,294,3.0,2.55793398979822
26,315,3.0,3.465039731354556
26,321,3.0,2.6684119302750733
26,322,3.0,2.522236772911214
26,333,3.0,2.9542852936173416
26,343,3.0,2.6045638196318626
26,410,2.0,2.4757984172184586
26,455,3.0,2.5296008512630968
26,476,3.0,2.4496860429783327
26,508,3.0,3.041957938330771
26,597,2.0,2.3706670528716023
26,685,3.0,2.5899582733338025
26,742,3.0,2.8744165167532865
26,864,2.0,2.5038664761604608
26,871,2.0,1.7824581875870602
26,926,2.0,2.055732742177531
26,930,2.0,2.0280828559645543
26,979,3.0,2.6800659364621855
26,1008,3.0,2.5737389942104416
26,1009,2.0,2.7872386932898676
26,1015,3.0,2.1812802976454115
26,1016,3.0,2.639235696772466
27,100,5.0,3.864867841766193
27,121,4.0,2.9778374338595275
27,246,4.0,3.8074446719895327
27,281,3.0,2.9481593330481175
27,295,3.0,3.2179659029424537
27,298,4.0,3.465764369968437
27,325,2.0,2.712851016127775
27,370,4.0,2.6597941110875656
27,475,2.0,3.6524669428732905
27,508,3.0,3.5815222854386652
27,515,4.0,3.911282245404804
27,596,2.0,3.0770442344229223
27,742,3.0,3.3245625092904367
27,925,3.0,3.078816657166948
27,978,2.0,2.359858276100914
28,7,5.0,4.0398572049309704
28,12,4.0,4.559056007297229
28,50,4.0,4.480307762594999
28,70,4.0,3.8767099540470786
28,79,4.0,4.272241327989856
28,89,4.0,4.330366455755469
28,95,3.0,4.03807242303493
28,98,5.0,4.412458184619814
28,100,5.0,4.183418756747214
28,143,4.0,3.8865949130179294
28,145,3.0,3.112244694822958
28,153,3.0,3.9415284908663324
28,173,3.0,4.368431763748202
28,174,5.0,4.4546145112465645
28,184,4.0,3.793359867282256
28,201,3.0,3.9153129596756777
28,209,4.0,4.07480919581137
28,217,3.0,3.596832793097013
28,218,3.0,3.7211601430201156
28,222,5.0,3.8755834443629027
28,223,5.0,4.303887177844677
28,228,5.0,4.065058515927543
28,234,4.0,4.01190736988479
28,258,5.0,3.963651158578065
28,271,4.0,3.606037805598736
28,282,4.0,3.886016036157409
28,294,3.0,3.420595956291407
28,380,4.0,3.6353246235697494
28,423,2.0,4.009104231584079
28,436,5.0,3.8489903341014378
28,441,2.0,3.2140826880677573
28,450,1.0,2.8808877067224126
28,479,4.0,4.361901241150199
28,480,5.0,4.455511526894624
28,568,4.0,3.8829927755049183
28,646,4.0,4.1234277973356654
28,665,3.0,3.2815749068355893
28,678,2.0,3.068372854911213
28,800,4.0,3.3475160566469864
28,895,4.0,3.4848615350819303
29,98,4.0,4.641576887230134
29,189,4.0,4.438266201778989
29,245,3.0,3.4618885210081443
29,259,4.0,3.175024798387392
29,269,4.0,4.352361415075295
29,270,4.0,3.925624913889802
29,294,4.0,3.5187370468641324
29,302,4.0,4.524945764966798
29,332,4.0,3.725244504774127
29,343,3.0,3.5774294496066448
29,358,2.0,3.136833057259528
29,539,2.0,3.092113015919915
29,678,3.0,3.0564952912547905
29,689,2.0,3.2596799488381025
29,748,2.0,3.4225934744172353
29,874,4.0,3.874870354865439
29,1018,4.0,3.963900396995221
30,7,4.0,4.230176414087167
30,28,4.0,4.330825411673618
30,82,4.0,4.064945720312321
30,181,4.0,4.28016777244962
30,231,2.0,3.1679067228190343
30,255,4.0,3.634993817222624
30,286,5.0,4.151378845391525
30,289,2.0,3.550848129109564
30,294,4.0,3.6598361002943562
30,301,4.0,3.7953674196998417
30,435,5.0,4.275529530002045
30,531,5.0,4.335956328435063
30,538,4.0,3.828133335776109
30,539,3.0,3.092646150731615
30,678,2.0,3.280040812356669
30,688,3.0,2.8088456085345355
30,1007,5.0,4.467970102697728
30,1013,3.0,2.8761927348095346
31,79,2.0,4.342539946910684
31,124,4.0,4.3408717045457745
31,135,4.0,4.334677875895769
31,302,4.0,4.402791122979351
31,321,4.0,3.5078288298700695
31,484,5.0,4.525246199794798
31,493,5.0,4.532348136994187
31,498,4.0,4.383371516891648
31,504,5.0,4.294167487488045
31,514,5.0,4.334965247804821
31,682,2.0,3.3547796014297577
31,705,5.0,4.399786116074035
31,886,2.0,3.378633555598889
32,100,3.0,4.026374795704234
32,117,3.0,3.6585142519193834
32,118,3.0,3.2682614443097435
32,122,2.0,2.7361379778237596
32,151,3.0,3.6856236710445525
32,235,3.0,2.9724168020385866
32,245,2.0,3.2042793222529227
32,246,4.0,4.051218385383324
32,249,4.0,3.2936359956433225
32,250,4.0,3.4414294463020947
32,257,4.0,3.696444786107542
32,259,2.0,2.9321018540804893
32,276,4.0,3.666558252776624
32,290,3.0,3.275170687699842
32,294,3.0,3.241719490653608
32,591,3.0,3.6633772548411465
32,866,3.0,3.268334445532032
32,1012,4.0,3.567110653765235
32,1016,1.0,3.499212206480018
33,258,4.0,4.139003581599341
33,292,4.0,3.838152231231936
33,307,3.0,3.8817621806054214
33,313,5.0,4.507900651277454
33,328,4.0,3.7843469838669437
33,333,4.0,4.0289386511498595
33,343,4.0,3.6633277873269985
33,751,4.0,3.925114853412987
33,872,3.0,3.736234605835334
33,895,3.0,3.7485285270623883
34,242,5.0,4.465530167230833
34,245,4.0,3.1977386023880308
34,259,2.0,2.8400109821160333
34,286,5.0,3.6799621462035876
34,299,5.0,3.429639311776569
34,310,4.0,3.5307475168419695
34,312,4.0,3.5632740194671606
34,329,5.0,3.579609574751168
34,332,5.0,3.3873887615338933
34,690,4.0,3.686818038000254
35,242,2.0,3.421759265619757
35,243,2.0,2.414047369273723
35,259,4.0,2.505325119325767
35,322,3.0,2.935888417436798
35,332,4.0,3.169345851235768
35,680,4.0,2.394129461823797
35,877,2.0,2.5143956168315293
35,1025,3.0,2.5882742900224374
36,268,2.0,4.237310486265386
36,269,3.0,4.230644674275561
36,307,4.0,4.137173206160195
36,310,4.0,3.899918017816968
36,319,2.0,4.091758355395708
36,339,5.0,3.705859454938989
36,682,1.0,3.6254847597984865
36,748,4.0,3.749114623943322
36,882,5.0,4.360799520551711
36,883,5.0,3.846968584638315
36,885,5.0,3.749621816811085
37,11,4.0,3.887359036265386
37,22,5.0,4.059929211956984
37,24,4.0,3.4761753617101387
37,55,3.0,3.8439569902660136
37,56,5.0,4.111952941571189
37,79,4.0,4.016349138380723
37,117,4.0,3.605718963909708
37,161,5.0,3.515076131835133
37,176,4.0,4.005838940184518
37,183,4.0,4.030511106014489
37,195,5.0,3.9843366420775523
37,222,3.0,3.6113423860934315
37,265,4.0,3.9154364704935163
37,288,4.0,3.460404016222711
37,363,3.0,2.8920054740116923
37,403,5.0,3.5597368429368674
37,540,2.0,2.7707243430108237
37,597,5.0,3.0589513533773514
37,685,3.0,3.2793517476212246
37,948,4.0,2.6912026328213727
38,1,5.0,4.58763322263518
38,22,5.0,4.804354356847862
38,28,4.0,4.737335957192027
38,67,4.0,3.9998508916313944
38,71,5.0,4.711622989109718
38,79,3.0,4.749431615915805
38,82,5.0,4.571504004507197
38,88,5.0,4.431904042343564
38,94,5.0,3.999381420065021
38,95,5.0,4.614361403390335
38,99,5.0,4.3606434138319035
38,118,5.0,4.228289063933991
38,122,1.0,2.9042499542735953
38,133,2.0,4.595213185390536
38,139,2.0,3.6801837333393523
38,140,5.0,4.383062943605164
38,145,1.0,3.572927147575084
38,153,5.0,4.278367872696574
38,161,5.0,4.412858364730712
38,211,1.0,4.463937591821756
38,216,5.0,4.594682962416649
38,218,3.0,4.233256878361887
38,225,5.0,3.914676491910191
38,226,1.0,4.18158995369007
38,234,5.0,4.297315296630039
38,252,5.0,3.673659788706158
38,257,1.0,4.403451607064005
38,318,3.0,5.0
38,328,4.0,4.239431619841528
38,383,2.0,3.22666854112369
38,384,5.0,3.3292299711102262
38,389,5.0,4.1793209718183775
38,392,5.0,4.394808183245129
38,393,5.0,4.346564052392662
38,403,1.0,4.369803439305743
38,404,5.0,4.275907079623808
38,419,5.0,4.483805153077334
38,423,5.0,4.572240576570523
38,424,3.0,2.6948075074159377
38,432,1.0,4.469842336915535
38,444,1.0,3.3033750917481965
38,450,1.0,3.7458714007948375
38,465,5.0,4.339250640086486
38,508,2.0,4.034871431191585
38,526,1.0,4.614246683719122
38,550,2.0,4.063763698120422
38,573,1.0,4.007483321238015
38,616,3.0,3.8437482779534586
38,672,3.0,3.2807626391697
38,679,5.0,3.8103630049382424
38,720,5.0,4.112547403796349
38,758,1.0,2.662657303663176
38,780,4.0,3.522741422831919
38,838,2.0,4.327640785352841
38,916,5.0,3.4900602643888137
38,1014,5.0,3.7739603222171394
38,1030,5.0,2.9940125091890892
38,1034,1.0,3.509945781096729
39,258,4.0,4.155059730560274
39,300,3.0,4.095941200629745
39,306,3.0,4.197044650238604
39,315,4.0,4.174767385838776
39,333,4.0,3.977937012300477
39,345,3.0,3.6053542988851137
39,347,4.0,3.9363590681774703
39,352,5.0,3.0834481675001943
39,900,3.0,4.001770005615422
40,243,2.0,1.6150173729872779
40,258,3.0,2.61560625464801
40,268,4.0,2.704032250689804
40,271,2.0,2.2412265150751267
40,294,4.0,2.174154001018579
40,303,4.0,2.612068760181403
40,333,4.0,2.4177319325373845
40,340,2.0,2.484361580212357
40,345,4.0,2.4397123754264194
40,347,2.0,2.624698907231424
40,750,3.0,2.6463509911759884
40,754,4.0,2.2224435940948566
40,880,3.0,2.1280958238002494
41,1,4.0,4.097492249646289
41,28,4.0,4.132655517085982
41,31,3.0,3.7814909593743646
41,69,4.0,3.9664148242429933
41,98,4.0,4.366681968427399
41,100,4.0,4.291949580760722
41,153,4.0,4.026273490051542
41,170,4.0,4.292981483423622
41,174,4.0,4.375702686395177
41,181,4.0,4.19579294206991
41,209,4.0,4.197080321913011
41,265,3.0,4.076723903362831
41,286,4.0,3.8356661567614436
41,289,2.0,3.313537290796011
41,313,3.0,4.399712525498247
41,423,2.0,3.977252974545953
41,435,3.0,4.141682835542603
41,486,4.0,3.986020080723696
41,518,3.0,4.106600137845368
41,746,3.0,3.8785658684835753
41,751,4.0,3.7524584300574184
42,12,4.0,4.589298770624891
42,25,3.0,3.748847585459163
42,28,5.0,4.362411154577556
42,44,3.0,3.47807479797331
42,48,5.0,4.2598417298678255
42,63,4.0,3.6570047296290116
42,69,4.0,4.355561259010166
42,70,3.0,3.8924067519694483
42,72,3.0,3.585104588088519
42,77,5.0,3.872214862662661
42,79,5.0,4.5285697563759655
42,82,4.0,4.3172084460218
42,88,5.0,4.01392697947533
42,95,5.0,4.304796261047568
42,96,5.0,4.371943552207795
42,98,4.0,4.498787827574401
42,99,5.0,4.099504092604179
42,102,5.0,3.5434809880055527
42,118,4.0,3.6858561494368254
42,121,4.0,3.909671811534342
42,131,2.0,3.9895657268430282
42,142,4.0,3.520669906340254
42,143,4.0,4.3052233476171144
42,172,5.0,4.594832143148632
42,176,3.0,4.279467155883148
42,183,4.0,4.2965334765221135
42,185,4.0,4.204077796417418
42,194,5.0,4.392075716416644
42,195,5.0,4.279784591198433
42,196,5.0,4.2368755586701905
42,204,5.0,4.263190262637267
42,210,5.0,4.444271001057866
42,211,4.0,4.146474744248816
42,215,5.0,4.15243806987258
42,216,5.0,4.2815373982721745
42,222,4.0,4.025020202280494
42,230,5.0,3.9566802882830365
42,234,4.0,3.978455779921722
42,265,3.0,4.402684729642949
42,274,5.0,3.874793011599293
42,276,1.0,3.649328244127976
42,280,4.0,3.4194423026856464
42,281,3.0,3.5872909493206624
42,357,5.0,4.4999333235014385
42,367,2.0,3.857270779865982
42,380,4.0,3.827588072930525
42,403,3.0,3.892707051438779
42,404,5.0,3.9901677637436084
42,405,4.0,3.7266197808084547
42,409,3.0,3.4554120824935315
42,410,3.0,3.4693087742611697
42,413,1.0,2.9828933628768515
42,418,5.0,3.915365106346083
42,423,5.0,4.269809544479078
42,428,3.0,3.9679430358809302
42,432,3.0,4.104455316030802
42,451,2.0,3.752213718011772
42,456,3.0,2.815123634922548
42,479,4.0,4.341010277016483
42,496,5.0,4.495074977608726
42,506,3.0,3.8990462644325863
42,521,2.0,4.031991588984998
42,546,3.0,3.469056907790292
42,566,5.0,4.027832790467165
42,568,4.0,4.078559341537404
42,588,5.0,4.234356082020175
42,603,4.0,4.4295665250202685
42,606,3.0,4.043109590792996
42,625,3.0,3.7446884276971915
42,684,4.0,4.1666051488289675
42,685,4.0,3.6657220154400463
42,692,4.0,4.176796322173459
42,732,5.0,4.233804373091558
42,736,5.0,4.006600400645371
42,742,4.0,3.986704984468184
42,746,3.0,4.026510383304339
42,781,4.0,3.7115601762843076
42,785,4.0,3.6806368998766232
42,794,3.0,3.922057667306943
42,834,1.0,2.7816336700769533
42,845,5.0,3.815550629077796
42,866,4.0,3.525535012073648
42,925,4.0,3.490068746648368
42,939,4.0,3.8405479083361818
42,953,2.0,3.4955842221065843
42,977,2.0,3.0996511232007298
42,999,4.0,2.9802159415120073
42,1028,4.0,3.428160604795168
42,1040,3.0,3.002705280097539
42,1041,4.0,3.5132486867639026
42,1043,2.0,3.502584258701752
42,1044,4.0,3.5634289254966633
42,1045,2.0,3.461671237329597
42,1049,3.0,3.1399514798081976
42,1051,4.0,3.2515148931427795
43,1,5.0,4.370156617923067
43,5,4.0,3.5715636074663877
43,7,4.0,4.1231465792025865
43,11,5.0,4.103986491501827
43,14,2.0,4.176937795919498
43,15,5.0,4.20206534832998
43,17,3.0,3.332509942815662
43,26,5.0,3.7136447669383106
43,40,3.0,3.2407140649739588
43,47,1.0,3.9994175980911
43,49,4.0,3.6464536029775534
43,50,4.0,4.7405919440103155
43,51,1.0,3.7300297952673875
43,52,4.0,3.9988898108817814
43,54,3.0,3.7601816129475796
43,56,5.0,4.254067650303308
43,63,3.0,3.531800295420126
43,64,5.0,4.6643239435701265
43,66,4.0,3.979199403013675
43,71,4.0,4.172944802909555
43,77,3.0,3.7619844913414964
43,91,3.0,3.8799818465512006
43,95,4.0,4.190800637895441
43,98,5.0,4.512646721956928
43,114,5.0,4.741506547636316
43,117,4.0,4.115458487304981
43,118,4.0,3.596286174876994
43,120,4.0,2.7293814381385766
43,137,4.0,4.02291684613539
43,151,4.0,4.1219930078347
43,153,5.0,4.200833831055638
43,155,4.0,3.495405882626881
43,161,4.0,3.8296054434482225
43,173,5.0,4.5951135502891844
43,175,2.0,4.147056623786345
43,181,4.0,4.436015721730329
43,191,5.0,4.530569774784053
43,203,4.0,4.189428303575214
43,204,4.0,4.2520827747070555
43,210,5.0,4.321188887705276
43,215,5.0,4.143344257081406
43,216,5.0,4.27411086545862
43,225,2.0,3.413247371050267
43,235,3.0,3.1840479831089725
43,237,4.0,4.157156158858297
43,238,2.0,4.176174841408285
43,241,4.0,3.8649893721488393
43,252,4.0,3.3114524488548813
43,271,3.0,3.6684047061555347
43,272,5.0,4.644434983578053
43,275,4.0,4.312348265645701
43,284,5.0,3.6743747999382066
43,285,4.0,4.421970135134202
43,286,4.0,4.1405851735779535
43,289,4.0,3.5544876844764572
43,298,4.0,3.950706729651863
43,300,5.0,4.223663265289841
43,302,4.0,4.595073285720781
43,315,4.0,4.4337871724938065
43,316,5.0,4.5286781223112715
43,318,5.0,4.706008687110284
43,321,3.0,3.6287182577369514
43,323,3.0,3.513572074923644
43,328,4.0,3.9473369389628425
43,336,4.0,3.0948961219613245
43,371,4.0,3.780678040810736
43,382,5.0,3.953714358891314
43,393,4.0,3.8112253186936433
43,402,4.0,3.8111914359777725
43,403,4.0,3.850245205252351
43,405,4.0,3.7831224838058923
43,409,3.0,3.390272440004286
43,423,4.0,4.241501368375038
43,432,3.0,4.135482424627471
43,471,3.0,3.987399060909726
43,486,4.0,4.228111539567825
43,498,5.0,4.392464222416236
43,501,4.0,3.8874632213191074
43,516,5.0,4.459499438174082
43,531,4.0,4.276808761728209
43,553,4.0,3.7187172894267375
43,568,4.0,4.00082655608926
43,596,3.0,3.71305903823343
43,597,3.0,3.5337168171413973
43,628,3.0,3.850668458088691
43,631,2.0,3.812301205246229
43,648,5.0,4.230961753102039
43,684,4.0,4.1489062354523725
43,692,5.0,4.114748282999724
43,705,4.0,4.312798502752199
43,724,4.0,3.9840497238924737
43,732,4.0,4.11568322837304
43,751,2.0,3.8853988976494507
43,792,1.0,4.092482218111086
43,815,4.0,3.618479874139513
43,820,2.0,3.108420822605232
43,847,5.0,4.066767729746374
43,866,4.0,3.6603664954161013
43,879,4.0,3.7608751721882223
43,931,1.0,2.649913360339639
43,944,2.0,3.429011146823156
43,946,4.0,3.5709305702269036
43,950,3.0,3.6992262928515767
43,951,3.0,3.3141157508742385
43,956,1.0,3.9484980114909907
43,966,4.0,4.417717212031669
43,993,3.0,3.809776054902584
43,1053,3.0,3.5682362684700846
43,1057,2.0,2.641298763587958
44,5,4.0,3.46153530509068
44,9,5.0,4.011458896586222
44,11,3.0,4.042095034585588
44,15,4.0,3.8698636852683976
44,21,2.0,3.125446974142107
44,55,4.0,3.937311013091698
44,56,2.0,4.2461819207236
44,82,4.0,3.8455438269297346
44,88,2.0,3.706993065097843
44,91,2.0,3.8345757800716993
44,95,4.0,3.9100419689614334
44,96,4.0,4.129298856660735
44,106,2.0,3.116958291898298
44,118,3.0,3.3638476004072135
44,120,4.0,2.559105543501401
44,123,4.0,3.24694414127261
44,147,4.0,3.611679912603949
44,148,4.0,3.4692217957417304
44,153,4.0,3.982835061941088
44,155,3.0,3.0814253995287815
44,161,4.0,3.6371102627947085
44,164,4.0,3.707764712263743
44,168,5.0,4.289361408664262
44,174,5.0,4.422233013883662
44,176,5.0,4.113304749230647
44,185,4.0,4.294240219748635
44,191,4.0,4.342022785077928
44,193,3.0,4.158139783901535
44,195,5.0,4.167866214297068
44,202,4.0,3.909968191618004
44,204,4.0,3.9912395275977124
44,208,4.0,4.1040741650573045
44,209,5.0,4.120631198118701
44,214,5.0,3.5928264971606474
44,216,1.0,4.0510767492236885
44,227,4.0,3.464940364498832
44,228,5.0,4.05342533847862
44,229,3.0,3.355224842121457
44,230,2.0,3.6315685501417896
44,237,3.0,3.7699015962634363
44,238,4.0,4.024715655739355
44,240,4.0,3.052451094411092
44,245,4.0,3.406249650742471
44,250,5.0,3.6625896537362452
44,252,2.0,3.108487533732093
44,257,4.0,3.863538235080799
44,258,4.0,3.998402715022307
44,274,4.0,3.6451236821447606
44,294,4.0,3.3472723345361226
44,317,4.0,4.131171807689859
44,357,4.0,4.416647879873532
44,378,3.0,3.853295877152084
44,385,3.0,3.747577645118364
44,412,1.0,2.8165806556626003
44,433,4.0,3.8273687867074973
44,434,4.0,4.152752046914124
44,443,5.0,3.9951965350528558
44,449,5.0,3.2241413656023474
44,470,3.0,3.7370981770139116
44,474,4.0,4.385468373223933
44,507,3.0,4.03710000655963
44,530,5.0,4.243831818951545
44,542,3.0,2.7552476690667937
44,588,4.0,3.865960391254925
44,603,4.0,4.439007673690277
44,644,3.0,4.001086293951688
44,660,5.0,3.9238661190883297
44,665,1.0,3.079398214821162
44,717,3.0,3.0445170655198748
44,755,3.0,3.4830755681275787
44,1058,4.0,3.374121380892713
45,1,5.0,3.9517413274325226
45,15,4.0,3.820350702992929
45,21,3.0,3.1576132015379064
45,25,4.0,3.635512065296383
45,100,5.0,4.14511661403526
45,108,4.0,3.2425667306821966
45,109,5.0,3.7188182367380005
45,118,4.0,3.40899584165206
45,121,4.0,3.57392138388725
45,127,5.0,4.339023541711
45,237,4.0,3.8120831269597666
45,276,5.0,3.771365278216142
45,472,3.0,3.2351227885178164
45,473,3.0,3.3240015252928106
45,476,3.0,3.1972236025340672
45,763,2.0,3.5811282149262285
45,952,4.0,3.3730966116815577
45,1060,3.0,3.155319705917263
45,1061,2.0,3.2428608129668666
46,7,4.0,4.5186309035618075
46,127,5.0,4.90294238782275
46,151,4.0,4.361736668838991
46,181,4.0,4.57266935465419
46,288,2.0,4.174963443083025
46,294,2.0,3.9950867441647238
46,307,3.0,4.236207668543741
46,313,5.0,4.778703751736615
46,327,4.0,4.316241619540865
46,328,4.0,4.1077620947344355
46,333,5.0,4.259200648364885
46,538,3.0,4.261841228049553
46,690,5.0,4.343869701690866
46,909,5.0,4.747306494979032
46,1024,5.0,4.526848131776048
46,1062,5.0,5.0
47,268,4.0,3.9399884720075304
47,292,4.0,3.63350295501905
47,302,5.0,4.280624351842822
47,306,4.0,4.13294534955521
47,321,4.0,3.4813945658301195
47,323,2.0,3.022997308168059
47,324,3.0,3.609399749512189
47,340,5.0,3.821833905153362
47,995,3.0,3.876660139216474
48,28,2.0,4.0710557006462915
48,50,4.0,4.376474680964111
48,71,3.0,3.9438580954339457
48,132,5.0,4.154515337594475
48,170,4.0,4.12721281101145
48,172,5.0,4.283613490030227
48,174,5.0,4.3577541351853615
48,181,5.0,4.099357695065411
48,187,5.0,4.253815422062064
48,195,5.0,4.138650803839278
48,202,4.0,3.960980913688601
48,210,3.0,4.056909169128732
48,228,3.0,4.012205412448512
48,259,4.0,2.9550037377664418
48,266,3.0,2.9529507954682606
48,286,3.0,3.585647836749549
48,306,4.0,3.8050582343139188
48,308,5.0,3.0405915583089356
48,309,3.0,3.372542107280153
48,423,4.0,4.0075627993048535
48,425,3.0,3.9389103299240675
48,427,4.0,4.369698631925742
48,433,3.0,3.788539456240896
48,511,5.0,4.29781973982056
48,522,2.0,3.9462749419944263
48,603,4.0,4.387950431498304
48,609,4.0,3.7530605894226303
48,654,5.0,4.131581027183425
48,656,4.0,4.190392981690882
48,661,5.0,4.218048176449353
48,680,3.0,2.9232036646841797
48,690,4.0,3.34815359568007
48,988,2.0,2.6481446653915492
49,1,2.0,2.5270561107242386
49,3,3.0,1.8476618217488956
49,7,4.0,2.854661849706541
49,10,3.0,3.152298344880603
49,11,3.0,2.6754283445204647
49,17,2.0,1.9824454041874713
49,38,1.0,1.3806097063079341
49,39,2.0,2.3565827040518768
49,40,1.0,1.767615753509997
49,47,5.0,3.0291624743231087
49,49,2.0,2.0170002177039894
49,52,2.0,2.8367902993536087
49,53,4.0,2.0508357971164104
49,55,4.0,2.602204655475105
49,56,5.0,3.1079111979966467
49,68,1.0,2.2402566096240015
49,70,2.0,2.600675399523948
49,72,2.0,1.990977199129474
49,95,2.0,2.4560494471470378
49,100,4.0,3.0567174308119323
49,101,3.0,2.376092755683839
49,102,2.0,2.0614378375580387
49,108,2.0,2.2095762635969702
49,111,2.0,2.110346485863764
49,116,4.0,3.2149413210623097
49,117,1.0,2.059548006224442
49,122,2.0,1.8446088611651241
49,123,1.0,2.020358226386411
49,129,2.0,2.9456922197239854
49,143,3.0,2.499782374823238
49,148,1.0,1.4761604118003935
49,151,5.0,2.6671275047466643
49,168,5.0,3.1521407305650766
49,172,1.0,2.91931187040153
49,173,3.0,2.986804855313744
49,175,5.0,3.080516961003732
49,179,5.0,3.22965828256236
49,185,5.0,3.2239820627451
49,202,3.0,2.6354276210439194
49,204,1.0,2.5135113776970206
49,213,3.0,3.0049723464134463
49,219,1.0,1.9893280701476885
49,231,3.0,1.6554813038002738
49,238,4.0,2.960958705167886
49,258,2.0,2.4429922290065607
49,268,3.0,3.025543818349912
49,290,2.0,1.9559917855091171
49,294,1.0,1.6895105079258523
49,299,2.0,1.939416641517492
49,302,4.0,3.069809195660737
49,312,3.0,2.1141968302417435
49,313,3.0,2.7040173456435195
49,325,3.0,1.839139888592142
49,334,4.0,2.535218600926028
49,343,2.0,1.9694582269545615
49,346,4.0,2.9427893734688055
49,347,3.0,2.550341548061092
49,369,1.0,1.4077994841921981
49,385,1.0,2.0717533839492512
49,386,4.0,1.85855681060214
49,401,2.0,1.8738349830679644
49,406,2.0,1.2965691086718736
49,413,1.0,1.5533553048571336
49,418,3.0,2.3880750440401974
49,423,2.0,2.5480895227378486
49,462,2.0,3.1274248073945787
49,473,3.0,2.4774185377155806
49,476,1.0,1.7486457103190425
49,508,3.0,2.762443496187198
49,514,4.0,3.1351814645814002
49,518,4.0,2.905288351060534
49,531,3.0,2.9324060053170102
49,542,2.0,1.1561621323618345
49,546,1.0,1.5600410921694867
49,547,5.0,2.9834161257177447
49,559,2.0,1.9071681178612718
49,569,3.0,1.3585300167149437
49,581,3.0,2.177126243264312
49,583,4.0,2.217841134312682
49,588,4.0,2.4835204241222546
49,590,1.0,1.1633248689851077
49,594,3.0,2.1029615885449795
49,625,3.0,2.2019351876856588
49,628,4.0,2.0133523447325268
49,657,5.0,3.1552341077915362
49,695,3.0,2.6674303482696526
49,713,3.0,2.4897192116178952
49,721,2.0,2.222729327364386
49,732,3.0,2.2920760621783947
49,737,1.0,2.6487978609215603
49,738,3.0,1.8543846040756375
49,741,4.0,2.5472189841859842
49,758,1.0,1.0
49,774,2.0,1.9924181708792088
49,821,1.0,1.581725453743919
49,878,2.0,1.4649508913131002
49,926,1.0,1.176516256812754
49,931,2.0,1.0890216976707525
49,959,2.0,2.7384284703276007
49,995,3.0,2.7185957923341393
49,998,2.0,1.5550293623051095
49,1003,2.0,1.276720593708498
49,1009,3.0,2.8542937726972943
49,1068,3.0,2.802300305476941
49,1070,3.0,3.4332695484058613
49,1076,2.0,1.2449582396086374
49,1078,1.0,1.6127157559229373
49,1082,3.0,2.159332659652891
50,9,4.0,3.4163046843791745
50,123,4.0,3.132482063609699
50,125,2.0,3.245664447598593
50,246,3.0,3.818355932012793
50,253,5.0,3.7964145789075703
50,286,2.0,3.374627700482216
50,325,1.0,3.1910530417520397
50,475,5.0,3.6853751325174855
50,508,5.0,3.332493590714659
50,823,3.0,2.6999572054311587
50,1084,5.0,3.715619743641053
51,64,4.0,4.415280904436051
51,132,4.0,4.009820542426438
51,148,3.0,3.6878078523017077
51,182,3.0,3.9474747993250867
51,485,1.0,3.768771063208295
51,496,4.0,4.105464803837704
51,679,3.0,3.2512123227523855
52,15,5.0,4.601156033097313
52,93,4.0,4.834496835484609
52,95,4.0,4.663349446985883
52,116,4.0,4.9846624349184
52,235,2.0,3.9880993021161286
52,250,3.0,4.389687562030734
52,257,3.0,4.597334600332398
52,275,4.0,4.974949243724823
52,280,3.0,3.9650899273859865
52,287,5.0,4.602751352268825
52,405,4.0,4.232659649401973
52,427,5.0,5.0
52,475,4.0,4.811105102732439
52,498,5.0,4.995448487227767
52,531,5.0,4.833766803085543
52,657,5.0,5.0
52,742,4.0,4.463716296281791
52,748,4.0,4.09218722810029
52,845,5.0,4.382394077376974
52,1009,5.0,4.6456421241497825
52,1086,4.0,4.442679978788199
53,24,3.0,3.944902195841081
53,100,5.0,4.510568083738411
53,174,5.0,4.701551623129141
53,181,4.0,4.507917864972206
53,199,5.0,4.684334223629564
53,228,3.0,4.328787822915553
53,250,2.0,3.9608350992363617
53,258,4.0,4.370852411885412
53,281,4.0,3.8855316644899007
53,748,2.0,3.8524645088376372
53,845,3.0,4.088347017142729
53,924,3.0,3.938186551345277
54,50,5.0,4.181646702226703
54,106,3.0,2.9407808648414773
54,118,4.0,3.1683859597719928
54,121,4.0,3.339662456654731
54,127,4.0,4.096786681119128
54,147,5.0,3.3465221408038417
54,237,4.0,3.6108867193347427
54,257,4.0,3.6445646020109557
54,258,4.0,3.7803478601381153
54,260,4.0,2.7169428298269853
54,268,5.0,3.80553397068945
54,273,4.0,3.541095817406442
54,276,5.0,3.5964327612688423
54,298,4.0,3.643395158707387
54,302,4.0,4.1224584916320035
54,313,4.0,4.157395800097838
54,325,3.0,2.813875584604745
54,327,5.0,3.503882818300677
54,333,5.0,3.5552504896683366
54,406,2.0,2.5418616615901484
54,411,5.0,2.9664794500480554
54,475,5.0,3.702711715972747
54,595,3.0,2.8598757999656246
54,597,2.0,3.000364531985417
54,676,5.0,3.247322362766967
54,685,3.0,3.2444741966731945
54,741,5.0,3.3043708799497296
54,742,5.0,3.5166826741559825
54,748,5.0,3.1284909301353934
54,820,3.0,2.8198839741387687
54,827,3.0,2.7007809510554135
54,871,5.0,2.481675884129554
54,1012,2.0,3.4360304375192854
54,1016,4.0,3.308399591577517
54,1088,3.0,2.326804202236464
55,56,4.0,4.07183235476571
55,89,5.0,4.249217172596428
55,144,5.0,4.080934620544988
55,254,2.0,2.956490240019072
55,257,3.0,3.8934451536541115
55,273,5.0,3.6727937413552394
55,405,1.0,3.5305496364768145
55,678,3.0,3.1487537564847403
55,685,1.0,3.5727188969638073
55,1016,1.0,3.666460566301511
55,1089,1.0,2.7180074598982182
56,1,4.0,4.355055126476168
56,7,5.0,4.318542977570953
56,25,4.0,3.7942747100626906
56,29,3.0,3.22098732128461
56,31,4.0,4.1147321891652275
56,38,2.0,3.4480348010320254
56,44,4.0,3.7488341410586123
56,51,3.0,3.8418060269244974
56,56,5.0,4.52917281982321
56,63,3.0,3.4051329814541136
56,64,5.0,4.910211356235811
56,68,3.0,3.953592924995385
56,69,4.0,4.40506020067062
56,70,4.0,4.112284152652697
56,71,4.0,4.164107880097393
56,73,4.0,3.8163077312219706
56,77,3.0,3.811101252050908
56,79,4.0,4.454327958981403
56,82,4.0,4.220373808673749
56,90,2.0,3.509030343967158
56,91,4.0,4.008107570533983
56,94,4.0,3.3692956333182806
56,95,4.0,4.230937367212412
56,96,5.0,4.449604911123391
56,98,4.0,4.719779342257092
56,118,4.0,3.709999210259528
56,121,5.0,3.9488858759961256
56,122,2.0,3.1611437476469924
56,143,3.0,4.202468200535138
56,164,4.0,4.061391538029561
56,168,2.0,4.427555456914091
56,169,4.0,4.790358213235859
56,172,5.0,4.607233830432897
56,174,5.0,4.726614623870747
56,179,3.0,4.338103433931189
56,181,5.0,4.468986485412054
56,184,4.0,3.884023876559729
56,186,3.0,4.294614281113713
56,189,4.0,4.3256044858492055
56,194,5.0,4.464764367839511
56,195,5.0,4.4739228809841425
56,196,2.0,4.301371428162957
56,201,4.0,4.020275573435265
56,202,4.0,4.240121695284007
56,215,5.0,4.154406742127555
56,216,4.0,4.270249700737141
56,219,5.0,3.729731779380518
56,222,5.0,4.160735465584561
56,228,3.0,4.286432038310855
56,230,5.0,3.9584443379540173
56,231,3.0,3.226736281384942
56,235,1.0,3.443182589431054
56,239,4.0,4.023919662907086
56,258,4.0,4.329579217200218
56,294,4.0,3.7125835523553676
56,368,3.0,2.3349821335047247
56,372,3.0,4.035543854161727
56,383,2.0,2.7025027736978076
56,391,3.0,3.1311181687342455
56,392,4.0,3.8493922895867976
56,402,5.0,3.8494855771832563
56,426,4.0,3.511639388724867
56,432,5.0,4.118495426313705
56,433,4.0,4.112170084841145
56,435,3.0,4.316216919624811
56,447,4.0,3.773350809298931
56,449,5.0,3.4824170690943097
56,450,3.0,3.2028454308258656
56,451,3.0,3.604447998642123
56,546,3.0,3.6260855618931496
56,554,4.0,3.3101662770369864
56,568,4.0,4.02605817949635
56,585,3.0,2.91186609689068
56,588,4.0,4.2084820822877065
56,597,3.0,3.6181226979063403
56,623,3.0,3.2400879557814672
56,692,4.0,4.115440670642935
56,715,1.0,3.7245147661836504
56,728,3.0,3.3149241634813937
56,735,2.0,4.299073823017051
56,738,3.0,3.2749820846637876
56,746,4.0,4.051258516069966
56,747,4.0,3.905357591026642
56,755,3.0,3.6212289291790576
56,761,3.0,3.4880475047841566
56,769,4.0,2.7953421339109146
56,797,4.0,3.492820023483499
56,815,4.0,3.4997887202861353
56,849,2.0,3.2537993143071984
56,869,3.0,3.249928002204043
56,993,3.0,3.7818811226569236
56,1036,2.0,2.9946340707272716
56,1047,4.0,3.126181449977963
56,1090,3.0,3.060413393245841
56,1092,3.0,2.98736175232852
57,7,4.0,3.9711978056418777
57,28,4.0,4.221977399903479
57,56,3.0,4.199236123265625
57,79,5.0,4.360940458201659
57,100,5.0,4.2563212623760345
57,151,3.0,3.8495308687466236
57,173,5.0,4.422276036603483
57,199,5.0,4.392725774700089
57,204,4.0,4.176518954537187
57,222,5.0,3.9898810775520497
57,225,3.0,3.341787264027653
57,237,4.0,4.014677697746335
57,243,3.0,2.988902881027884
57,248,5.0,3.9451872185578383
57,250,3.0,3.738437214624331
57,252,2.0,3.3158314427789173
57,264,2.0,3.2750707305645976
57,271,3.0,3.5598324035416784
57,281,4.0,3.6582211825562982
57,282,5.0,4.044246051893122
57,294,4.0,3.708934633169229
57,298,3.0,3.9975623203495174
57,304,5.0,3.9521870099445033
57,321,4.0,3.562867061697015
57,409,4.0,3.3684896413088024
57,410,3.0,3.478474756565548
57,411,4.0,3.261951485706665
57,419,3.0,4.049009707101411
57,456,3.0,2.719443839239968
57,476,3.0,3.482620916058143
57,588,4.0,4.077694216620453
57,597,3.0,3.406047637458587
57,682,3.0,3.59550903997853
57,744,5.0,3.725316503731756
57,756,3.0,3.287774467418197
57,760,2.0,2.9330991629098215
57,825,1.0,3.3658906576566667
57,831,1.0,2.7601672348849693
57,844,2.0,3.863803597979249
57,864,3.0,3.5675781380923093
57,866,3.0,3.6402205518696698
57,926,3.0,3.1770655261336627
57,932,3.0,3.3630413117053655
57,975,3.0,3.589896236331391
57,1011,3.0,3.564239821173189
57,1028,3.0,3.3960202255107323
57,1047,4.0,3.129412891379831
57,1059,3.0,3.257175149328079
57,1071,3.0,3.3282328648265747
57,1093,3.0,3.410129938386365
57,1094,2.0,3.1991121446595634
57,1095,2.0,3.069504452168674
58,8,4.0,4.32889291503336
58,9,4.0,4.413949071022525
58,13,3.0,4.043300101742328
58,20,1.0,4.01016939413149
58,32,5.0,4.491930806713961
58,42,4.0,4.408220349822371
58,45,5.0,4.660424632370987
58,50,4.0,4.583301899448936
58,61,5.0,4.449052908278567
58,64,5.0,4.721684106535077
58,69,1.0,4.137476170562305
58,89,3.0,4.635682687708867
58,100,5.0,4.557818447761769
58,109,4.0,3.9554413817989778
58,120,2.0,2.700025195838636
58,123,4.0,3.771544964666199
58,144,4.0,4.308519429079944
58,150,4.0,4.372951269286935
58,156,5.0,4.555211454324292
58,173,5.0,4.621445207866929
58,182,4.0,4.562949016653851
58,193,3.0,4.390197089698617
58,194,3.0,4.415600302216067
58,195,4.0,4.351954496485117
58,198,3.0,4.574904325914226
58,204,4.0,4.126594845056726
58,214,2.0,3.9481794625438065
58,216,3.0,4.284159995873908
58,222,4.0,3.964976456507612
58,228,5.0,4.1821847919771065
58,237,4.0,4.014548604281423
58,240,4.0,3.4836942108229287
58,246,5.0,4.460964757907067
58,248,4.0,4.161673199218867
58,257,5.0,4.068742406772606
58,268,5.0,4.4225748620870835
58,272,5.0,4.576698374224262
58,275,5.0,4.30601661275224
58,283,1.0,4.199946001679959
58,284,4.0,3.5533097178557536
58,311,4.0,4.244725271601376
58,318,3.0,4.651491896245762
58,340,4.0,4.116033428383694
58,347,3.0,4.017825970508199
58,381,4.0,4.109943366315535
58,408,5.0,4.94704725818105
58,425,5.0,4.499000605886695
58,475,5.0,4.400640757304089
58,480,3.0,4.694127632233546
58,483,5.0,4.80082293648488
58,490,4.0,4.432890621393972
58,546,2.0,3.394357392912753
58,558,5.0,4.346522903568606
58,568,4.0,3.8401564113937416
58,654,5.0,4.640834488078808
58,663,2.0,4.356061523745734
58,684,4.0,4.057826168221926
58,709,5.0,4.572371340987857
58,813,5.0,4.199644352582558
58,850,5.0,4.252215125825957
58,923,5.0,4.693683345078035
58,950,1.0,3.73151625161681
58,955,4.0,3.8419747238379545
58,960,4.0,4.394446102545972
58,1019,4.0,4.342836702360747
58,1069,2.0,4.126739052516145
58,1097,5.0,3.809152317126704
58,1098,4.0,4.458737413966312
58,1099,2.0,4.423659491803259
58,1100,2.0,3.649742584329142
58,1102,1.0,3.528878469931967
58,1103,5.0,4.299828233636841
58,1104,2.0,3.7134324260913507
58,1106,4.0,3.625147608154963
59,7,4.0,4.566961708437388
59,10,4.0,4.606576610000962
59,12,5.0,5.0
59,13,5.0,4.28116073444719
59,14,5.0,4.581056732979789
59,18,4.0,4.1588471671772425
59,23,5.0,5.0
59,25,4.0,4.083406058767602
59,33,3.0,4.157336931087651
59,39,4.0,4.271128249653949
59,45,5.0,4.910259628194652
59,47,5.0,4.585127302035434
59,48,5.0,4.923256205576789
59,50,5.0,4.969748623124118
59,54,4.0,4.047405474367337
59,65,4.0,4.325483209867566
59,70,3.0,4.387871312521492
59,71,3.0,4.252725332637021
59,77,4.0,3.94448909207704
59,82,5.0,4.35505674934118
59,92,5.0,4.498912404135765
59,95,2.0,4.3587664423982515
59,98,5.0,5.0
59,100,5.0,4.828597376025989
59,101,5.0,4.21242111799713
59,102,2.0,3.646245687122101
59,109,4.0,4.066534176365705
59,118,5.0,3.696594513120347
59,121,4.0,3.9157968787080097
59,125,3.0,3.977083130692524
59,126,5.0,4.236179220423295
59,127,5.0,5.0
59,131,4.0,4.511339862643275
59,132,5.0,4.750873434999003
59,134,5.0,5.0
59,136,3.0,4.709978060507372
59,140,1.0,3.5385166381496314
59,141,4.0,4.037859852549921
59,142,1.0,3.5627784262231037
59,148,3.0,3.6952855622946372
59,169,4.0,5.0
59,170,4.0,4.860102895186128
59,172,5.0,4.8571167032706075
59,173,5.0,4.758175792333978
59,175,4.0,4.7380541330496175
59,177,4.0,4.717425409276107
59,183,5.0,4.920021465316845
59,186,5.0,4.572771383647869
59,188,4.0,4.663407617115486
59,195,5.0,4.675262647522187
59,196,5.0,4.532740113101153
59,200,5.0,4.701477546011585
59,202,4.0,4.4961634431194515
59,203,4.0,4.7417881934131385
59,204,5.0,4.530573561360449
59,208,5.0,4.675278307233411
59,209,5.0,4.781784937826616
59,215,5.0,4.269675253910843
59,218,5.0,4.183814443385984
59,227,3.0,3.9762994005630663
59,229,3.0,3.83684030328857
59,230,4.0,4.085537833214075
59,235,1.0,3.633149542712288
59,238,5.0,4.695278379177644
59,241,4.0,4.264775435501421
59,258,3.0,4.559637279356939
59,274,1.0,3.9361083000630477
59,286,3.0,4.412637758309521
59,287,5.0,4.2513356606041555
59,318,5.0,5.0
59,323,4.0,3.399722614383032
59,367,4.0,4.218304907397455
59,381,5.0,4.351813402979109
59,382,4.0,4.362503023569359
59,385,4.0,4.211548092543641
59,387,3.0,4.243960018651764
59,405,3.0,3.914591004497714
59,418,2.0,4.013816287252082
59,419,2.0,4.250563428724777
59,421,5.0,4.295599269619775
59,427,5.0,5.0
59,428,5.0,4.702097818581119
59,429,4.0,4.681482899650838
59,431,4.0,4.279156801969123
59,433,5.0,4.557025605673546
59,447,5.0,4.339526088590689
59,448,4.0,4.359587382854633
59,468,3.0,3.94975472254555
59,470,3.0,4.317947036442087
59,473,3.0,3.873126645084402
59,476,2.0,3.5192514316924655
59,485,2.0,4.277656439135177
59,488,3.0,4.869309280966632
59,490,4.0,4.711190224683417
59,496,4.0,4.7302774195929524
59,501,1.0,4.081305278956648
59,506,5.0,4.642363548239499
59,511,5.0,4.95104523103304
59,513,4.0,5.0
59,516,4.0,4.615940867160954
59,521,5.0,4.665841649223198
59,527,5.0,4.859844823254163
59,528,4.0,4.974827408312601
59,547,3.0,3.985823203441889
59,549,4.0,4.286119617459563
59,550,5.0,4.00841255378103
59,559,5.0,3.9000779783723236
59,562,4.0,3.84344065944666
59,564,2.0,3.1973287449152727
59,566,4.0,4.263767391019534
59,568,5.0,4.22236748547268
59,569,4.0,3.4807100207102377
59,570,4.0,3.7528667003909915
59,582,4.0,4.511479036344492
59,583,5.0,3.875512602695453
59,588,2.0,4.289886945915207
59,597,2.0,3.6329609355099777
59,604,3.0,4.636575654314931
59,609,2.0,4.305964839423418
59,611,3.0,4.835679785794552
59,625,3.0,3.8673576157226903
59,640,5.0,4.2059604167520135
59,659,3.0,4.663663216626068
59,660,4.0,4.361309676396451
59,663,4.0,4.595363184777999
59,664,4.0,4.413650077675483
59,692,3.0,4.228916822994597
59,699,4.0,4.1901061300981
59,702,5.0,4.062263027608597
59,707,3.0,4.625324709742992
59,708,4.0,4.4065339665142
59,709,5.0,4.64138230694026
59,710,3.0,4.229821023415727
59,715,5.0,4.4121132497161195
59,717,2.0,3.2947057794022205
59,724,5.0,4.121834299394969
59,729,4.0,4.087636139284401
59,732,3.0,4.384483592923455
59,735,5.0,4.485896967040658
59,739,4.0,3.787374741771954
59,742,3.0,4.076514181872006
59,760,2.0,3.332922026758099
59,764,4.0,3.373973454260587
59,823,5.0,3.501536806634081
59,825,4.0,3.654296008324438
59,846,4.0,3.3769189965397213
59,855,4.0,4.60894078343315
59,866,3.0,3.4810679162797666
59,871,2.0,2.7682609096266404
59,926,1.0,3.0941399944080406
59,928,4.0,3.5155768770459943
59,931,2.0,2.9206845489376168
59,951,3.0,3.2057374566314936
59,972,4.0,4.146872685697196
59,974,3.0,3.5971654563550874
59,1009,4.0,4.315318875082271
59,1028,1.0,3.3493792375975233
59,1047,2.0,3.141190405002269
59,1065,5.0,4.336834752348502
59,1107,4.0,4.230983456156579
59,1108,3.0,4.224307166825742
59,1109,3.0,4.251959367428874
59,1110,4.0,3.8271451658168028
59,1113,4.0,4.273146846138431
59,1116,3.0,4.166908162783851
59,1117,4.0,3.6694519849460843
59,1118,2.0,4.314370095415766
60,13,4.0,4.286861622323808
60,21,3.0,3.5458411862002133
60,28,5.0,4.46900624102133
60,47,4.0,4.311073757142983
60,56,4.0,4.676646676802298
60,60,5.0,4.861056449117367
60,61,4.0,4.758421789441327
60,64,4.0,4.895801433580022
60,71,3.0,4.189778840405384
60,77,4.0,3.9199916085755473
60,79,4.0,4.547770430555648
60,82,3.0,4.216799062169407
60,88,4.0,3.9789193511945102
60,98,4.0,4.807189695352158
60,132,4.0,4.529727924721165
60,138,2.0,3.170029717299459
60,143,3.0,4.167512039527495
60,151,5.0,4.266601845785529
60,152,4.0,4.432850055779285
60,161,4.0,3.9965378394161863
60,162,4.0,4.063435669287895
60,163,4.0,4.082063526680708
60,172,4.0,4.678792836150846
60,176,4.0,4.557812404582515
60,178,5.0,4.900326103529629
60,179,4.0,4.6305883159409245
60,180,4.0,4.675540433339171
60,183,5.0,4.688404213735939
60,186,4.0,4.410288193149773
60,194,4.0,4.637009643248394
60,197,4.0,4.681005374059175
60,199,5.0,4.801516454805691
60,200,4.0,4.467805718734956
60,207,3.0,4.544437301651955
60,208,5.0,4.5146404539917
60,216,4.0,4.454068624427461
60,218,4.0,4.094715469607635
60,222,4.0,4.268168294813235
60,234,4.0,4.399730809179328
60,272,4.0,4.81802483939353
60,403,3.0,4.095446110786301
60,416,4.0,3.8540286934208
60,417,4.0,3.5608421918072937
60,420,4.0,4.021010762865538
60,427,5.0,4.750680077141687
60,430,5.0,4.732499882794222
60,443,4.0,4.483514255846449
60,474,5.0,4.885981223828453
60,478,3.0,4.694194320241494
60,480,4.0,4.89400406960087
60,485,4.0,4.188531030356878
60,489,5.0,4.6785578036354405
60,490,4.0,4.587746746686968
60,492,5.0,4.505842717337428
60,493,5.0,4.801531364378944
60,495,3.0,4.085666622863008
60,498,5.0,4.698693515438414
60,499,3.0,4.498567308086998
60,502,4.0,4.256148446350077
60,505,4.0,4.632002365473424
60,507,4.0,4.50149084038955
60,508,4.0,4.364846902276823
60,511,4.0,4.82047070035111
60,514,4.0,4.633864734466641
60,523,4.0,4.643755682764155
60,525,5.0,4.6160535056176215
60,529,4.0,4.62441186811533
60,558,4.0,4.548213201296951
60,604,4.0,4.612195882790596
60,605,3.0,3.9329354182906697
60,606,4.0,4.541922024196516
60,613,4.0,4.7412050163458375
60,616,3.0,4.337051405576091
60,633,4.0,4.422642053359483
60,638,5.0,4.353688548727858
60,659,4.0,4.541144626265647
60,660,4.0,4.258487360546679
60,671,4.0,4.348800381539832
60,673,4.0,4.15935375806233
60,699,4.0,4.092707034421895
60,729,4.0,4.063586236425157
60,751,2.0,4.147576313202721
60,810,4.0,3.844647872600857
60,842,4.0,3.5158501785877263
60,1020,4.0,4.475996852080829
60,1021,5.0,4.519571596755006
60,1123,4.0,4.24967049582194
60,1124,4.0,4.32049988604142
60,1126,4.0,3.9519049249750355
61,243,2.0,2.039723154816092
61,323,3.0,2.3610561423386476
61,328,5.0,2.693922804799874
61,331,2.0,2.655508128621233
61,342,2.0,2.084503921335075
61,347,5.0,2.780062258395164
61,678,3.0,2.2511882856643677
61,690,2.0,2.786670958916772
61,1127,4.0,2.1092213406960694
62,3,3.0,2.915518300886765
62,4,4.0,3.540353609403422
62,8,5.0,3.868435997929666
62,12,4.0,4.32141689841693
62,14,4.0,3.772593690988734
62,20,4.0,3.547776987191877
62,21,3.0,2.7188811289445236
62,24,4.0,3.3820104313064965
62,28,3.0,3.7785378574605373
62,33,1.0,3.170760713350952
62,47,4.0,3.6708784614537384
62,55,5.0,3.595938013673282
62,59,4.0,3.959018025469597
62,65,4.0,3.307716397463969
62,68,1.0,3.3096165801510464
62,78,2.0,2.159638852274977
62,86,2.0,3.7670315481931875
62,89,5.0,4.064882306515578
62,96,4.0,3.7661477040320372
62,100,4.0,4.128251192742988
62,111,3.0,3.2545595238171257
62,114,4.0,4.26224405630905
62,118,2.0,2.9397928238438964
62,121,4.0,3.104354988151552
62,125,4.0,3.2291601968620487
62,132,5.0,3.9419600208160834
62,135,4.0,3.9720309397993994
62,138,1.0,2.1627349357966663
62,147,3.0,3.2790553714797572
62,153,4.0,3.6886472688553336
62,155,1.0,2.586907358918679
62,157,3.0,3.6691386423227055
62,162,4.0,3.2801468090573835
62,164,5.0,3.350484171935464
62,168,5.0,4.006195582292522
62,173,5.0,4.071231775685225
62,176,5.0,3.849289012385211
62,179,4.0,3.9660216020862897
62,180,4.0,4.120957917446337
62,181,4.0,3.913075008734431
62,182,5.0,3.960852658123486
62,183,4.0,3.903274926228253
62,209,4.0,3.8965681709977193
62,213,4.0,3.876401537720638
62,216,4.0,3.749234278126268
62,225,3.0,2.5947088523758834
62,227,1.0,3.0377063095490815
62,228,3.0,3.6813206442675943
62,229,3.0,2.910433216629674
62,232,3.0,2.9322461535094404
62,235,4.0,2.9750503060696767
62,249,2.0,3.292661385630674
62,257,2.0,3.604198783864215
62,258,5.0,3.654039750355472
62,270,2.0,3.6089310934509515
62,281,3.0,2.8755703886912833
62,286,3.0,3.525966023977659
62,288,2.0,3.3133635886735813
62,294,1.0,3.051535167569134
62,298,4.0,3.5842180315031804
62,302,3.0,4.059876112051168
62,306,4.0,3.7167031115810296
62,318,5.0,4.241232859406972
62,328,3.0,3.251513206692948
62,365,2.0,2.8099228175445585
62,382,3.0,3.426560742169541
62,401,3.0,2.809418160577446
62,421,5.0,3.414397920501398
62,423,3.0,3.6760451055813164
62,433,5.0,3.596693128314855
62,443,3.0,3.8224300035372636
62,448,2.0,3.2361114435596536
62,462,2.0,3.884041434310175
62,464,4.0,3.5292430995385566
62,473,4.0,3.264886869338154
62,475,4.0,3.9359735372773548
62,498,4.0,4.059947077330491
62,508,4.0,3.6595360355213304
62,514,3.0,3.9616649521055876
62,527,4.0,3.9859671896795916
62,541,3.0,2.6550635035514794
62,559,3.0,2.9007488317406107
62,660,4.0,3.5371293806714657
62,664,4.0,3.647385675920413
62,665,2.0,2.6290616535428266
62,685,2.0,3.0520745753308316
62,697,4.0,3.2797595053372106
62,702,2.0,3.0870636115237984
62,712,4.0,3.1544807637320247
62,716,4.0,2.787060369059063
62,742,2.0,3.371896746436683
62,763,1.0,3.247924350589967
62,774,1.0,3.0384816097851783
62,815,3.0,2.7788799292164095
62,827,2.0,2.544226019902453
62,845,3.0,3.252385418654575
62,856,4.0,3.6807104965310207
62,921,2.0,3.7859802211545177
62,955,4.0,3.267799134746007
62,1012,3.0,3.5246924381551334
62,1016,4.0,3.2080662242493236
62,1060,1.0,2.7108053723603653
62,1073,4.0,3.7867831441916855
62,1074,4.0,2.659490221336743
62,1107,1.0,2.9463322290634535
62,1118,3.0,3.2368774546311077
62,1128,2.0,3.0857727738967933
62,1131,3.0,3.772584376754061
62,1136,3.0,2.9013685604735073
63,6,3.0,3.207693549765187
63,13,4.0,2.9541413555462386
63,20,3.0,3.142605953454405
63,50,4.0,3.4717085533926095
63,100,5.0,3.4016118384120073
63,106,2.0,2.162132688596874
63,109,4.0,2.792985898428561
63,111,3.0,2.7344703690395935
63,116,5.0,3.3329701670965455
63,126,3.0,3.0399636831928625
63,150,4.0,3.0541797378089064
63,222,3.0,2.769089908214692
63,225,2.0,2.1030989635145527
63,237,3.0,2.8809017489396904
63,242,3.0,3.530389369842585
63,246,3.0,3.243068375113766
63,250,5.0,2.574414084824019
63,251,4.0,3.656964215547243
63,255,4.0,2.5019339720068023
63,268,3.0,3.135734484456725
63,277,4.0,2.8233159522311917
63,288,3.0,2.6563161872507584
63,289,2.0,2.4888882891763897
63,300,4.0,2.8314732983705393
63,301,5.0,2.724391957054478
63,306,3.0,3.3694800198289325
63,323,1.0,2.17894139235138
63,328,2.0,2.5981975720217685
63,408,4.0,3.7054465515304247
63,412,3.0,2.053802076295055
63,508,4.0,3.0824416253554467
63,678,2.0,1.9877971382516944
63,762,3.0,2.7880565758745144
63,841,1.0,2.035308382437519
63,924,3.0,2.6559759975027997
63,948,3.0,1.740527226987912
63,952,3.0,2.6614767338651184
63,979,3.0,2.720886750582793
63,1007,5.0,3.3590277223306804
63,1008,3.0,2.871352733629752
63,1009,4.0,2.884293830936371
63,1011,1.0,2.7198014194784004
63,1028,3.0,2.226827117390626
63,1067,3.0,2.9506338668093086
63,1137,5.0,3.302891417093928
64,1,4.0,3.9458155068677723
64,2,3.0,3.401792733720693
64,4,3.0,3.8046515332934225
64,7,4.0,3.94851375141498
64,8,4.0,4.066990136443389
64,9,4.0,3.992551583280852
64,12,5.0,4.493502272093999
64,17,3.0,3.2864762988147644
64,38,3.0,3.0725227052578417
64,52,3.0,3.897570426181642
64,56,5.0,4.2004846501394395
64,58,3.0,3.87802069768412
64,62,2.0,3.378948777292329
64,64,4.0,4.468633020707005
64,69,4.0,3.9874465212535544
64,70,5.0,3.8027763486886155
64,71,3.0,3.8359338575135964
64,72,4.0,3.3131487974828535
64,77,3.0,3.339603338994644
64,83,3.0,4.128012133806288
64,93,2.0,3.8183543097367716
64,95,4.0,3.8324723267300396
64,96,4.0,4.032607303410799
64,100,4.0,4.204132164544241
64,125,2.0,3.4929844653932123
64,151,3.0,3.7954505768501163
64,154,4.0,3.949702170865665
64,156,4.0,4.126795751676637
64,157,4.0,3.8397201341421985
64,160,4.0,3.667195161855311
64,161,3.0,3.4834343511289902
64,173,5.0,4.265284888720384
64,175,5.0,3.9774466145811957
64,176,4.0,4.130234458010115
64,181,4.0,4.0988840770230714
64,187,5.0,4.32269398697342
64,199,4.0,4.342721375865593
64,202,4.0,3.9529061440745457
64,211,4.0,4.064936305941162
64,212,3.0,3.8407243832949973
64,214,3.0,3.6388953869364626
64,215,5.0,3.8285270058634864
64,216,4.0,4.06451796645002
64,217,2.0,3.3646076673153575
64,222,4.0,3.7463738077783764
64,229,4.0,3.2473997276912625
64,230,5.0,3.531496608348874
64,231,3.0,2.9052784838066694
64,232,2.0,3.3142722499174484
64,238,4.0,4.065822133814581
64,239,3.0,3.750335589166461
64,240,1.0,3.0727801457464103
64,284,4.0,3.324092290018152
64,311,2.0,3.748290678200068
64,318,4.0,4.511640916192913
64,333,3.0,3.5035756188079223
64,367,4.0,3.629315124621096
64,381,4.0,3.563097253536525
64,385,4.0,3.7497631052146914
64,392,3.0,3.541435587497062
64,403,4.0,3.5753396625490197
64,420,3.0,3.572841004427032
64,429,4.0,4.024580961281932
64,433,2.0,3.933641282922002
64,447,4.0,3.5557796080466177
64,451,2.0,3.3967092026015213
64,476,1.0,3.137276321358128
64,509,3.0,3.946506907149824
64,515,5.0,4.444714961505758
64,516,5.0,3.8950282253909014
64,527,4.0,4.212174223923661
64,539,1.0,2.6806865463656813
64,566,3.0,3.5917162750849903
64,582,4.0,3.709361390008859
64,633,5.0,3.9932824043324477
64,636,4.0,3.521947980108645
64,662,4.0,3.6044280054056004
64,663,3.0,3.9994591713108707
64,684,4.0,3.775333310906968
64,705,5.0,4.005366617079847
64,731,3.0,2.9045662290431253
64,736,4.0,3.9292631600365144
64,746,5.0,3.7480193532878605
64,778,5.0,3.6894476376191787
64,879,3.0,3.163895364508326
64,898,2.0,3.1901734690788737
64,959,4.0,3.7480542507044694
64,1063,3.0,3.8573538446931606
64,1133,4.0,3.0501614823175096
64,1139,1.0,3.0162068023869333
64,1141,5.0,3.009768100724151
65,7,1.0,4.2658293851103855
65,47,2.0,4.068636873992653
65,48,5.0,4.502620878779965
65,56,3.0,4.405317692608235
65,70,1.0,4.18805860787884
65,97,5.0,4.312172981150971
65,100,3.0,4.48360656681038
65,121,4.0,3.9578128926491623
65,125,4.0,4.155666236467621
65,135,4.0,4.389149605375123
65,173,3.0,4.61033089801667
65,191,4.0,4.607307137414095
65,196,5.0,4.371882040968073
65,197,5.0,4.536973168231334
65,202,4.0,4.263601419922251
65,210,4.0,4.399219165464124
65,211,4.0,4.388150148321765
65,216,4.0,4.381146893794954
65,239,5.0,4.186708419876171
65,318,5.0,4.868407126819735
65,328,4.0,4.092966180018809
65,427,5.0,4.693058293616957
65,429,4.0,4.341647852062081
65,435,4.0,4.3830503172473225
65,526,4.0,4.424127729671587
65,582,3.0,4.075617824019247
65,661,4.0,4.539186534445329
65,676,5.0,3.908251223395429
65,736,4.0,4.323832568562415
65,806,4.0,3.9408852524435343
65,1129,4.0,4.080678543410469
65,1142,4.0,4.600151948216264
66,1,3.0,3.8211099327144966
66,7,3.0,3.8031870550342055
66,15,3.0,3.6293883769622757
66,21,1.0,3.0503957206854837
66,117,3.0,3.628241529032065
66,181,5.0,3.968017506981064
66,249,4.0,3.2836907489996006
66,258,4.0,3.754847515180979
66,280,4.0,3.2265006540638943
66,281,4.0,3.2196341183797657
66,288,4.0,3.482977104257093
66,298,4.0,3.64908967522518
66,471,5.0,3.596399497068313
66,475,2.0,3.7891577439049304
66,597,3.0,3.21141206699053
66,742,5.0,3.5275165395716295
66,877,1.0,3.164374044480317
67,1,3.0,4.061176417627253
67,7,5.0,3.9254678918115484
67,64,5.0,4.52638033381406
67,121,4.0,3.820452942234906
67,122,3.0,2.649069694228168
67,123,4.0,3.39424264674619
67,147,3.0,3.6940207431399594
67,151,4.0,3.725789232506517
67,240,5.0,2.9333770120332914
67,276,4.0,3.688406774271175
67,405,5.0,3.6443039538515807
67,472,4.0,3.4413454165861124
67,743,4.0,2.5674566687016744
67,827,3.0,3.248556975523637
67,833,4.0,3.3428129498714383
67,871,3.0,2.6450389471702955
67,1093,5.0,3.4224563316138394
67,1095,4.0,3.1641148823531857
68,7,3.0,3.529067539156249
68,50,5.0,3.9865215312606987
68,117,4.0,3.1535295297916064
68,118,2.0,2.531092574990049
68,125,1.0,3.061398390008125
68,178,5.0,3.990874056956021
68,237,5.0,3.3295929897472214
68,245,3.0,2.9191571254634328
68,282,1.0,3.170263910819802
68,288,4.0,3.077311341340389
68,405,3.0,2.8487859201141577
68,411,1.0,2.552672367607435
68,471,3.0,3.1694150213032386
68,742,1.0,3.0787681444465744
68,1028,4.0,2.4435818944632217
68,1047,1.0,2.236048260707224
69,9,4.0,4.152397045993709
69,12,5.0,4.600945400185145
69,48,5.0,4.388676706383549
69,56,5.0,4.329783996730721
69,100,5.0,4.362022803164319
69,109,3.0,3.919676676713304
69,129,3.0,4.073518134745441
69,147,3.0,3.5904564826807293
69,150,5.0,4.036341492174452
69,151,5.0,4.040809678830623
69,174,5.0,4.4900088337252155
69,175,3.0,4.093279632221549
69,240,3.0,3.309166551414792
69,256,5.0,4.159996652349728
69,258,4.0,3.947365289281099
69,268,5.0,4.067809636015719
69,300,3.0,3.588447295196075
69,321,4.0,3.39223744564258
69,333,3.0,3.560059843460536
69,427,3.0,4.559760707148341
69,508,4.0,3.9475293068155186
69,591,3.0,3.789873422281096
69,689,3.0,3.034420889389059
69,748,2.0,3.162368408674397
69,1017,5.0,3.6578836948991196
69,1134,5.0,3.9187568348990123
69,1143,5.0,4.200330803320326
70,48,4.0,4.0649395754472195
70,50,4.0,4.422508209798851
70,69,4.0,3.9783529234423267
70,71,3.0,3.7608253826857436
70,82,4.0,3.7136670335925577
70,89,4.0,4.095826440573148
70,96,4.0,4.010986578575203
70,109,3.0,3.6081782797569533
70,121,3.0,3.4674405342503474
70,128,4.0,3.5410042496757455
70,139,3.0,2.7754419042003073
70,151,3.0,3.7456576867779443
70,152,4.0,3.8165295493548204
70,169,4.0,4.504148338796358
70,176,4.0,3.968422583750402
70,185,4.0,4.1435806046549475
70,186,4.0,3.9183060159411647
70,189,4.0,3.9728745834138124
70,191,3.0,4.190243800548897
70,193,4.0,3.9694090668970916
70,197,4.0,4.0918602918658005
70,202,4.0,3.867781804424002
70,206,3.0,3.5051395043340965
70,210,4.0,3.923923615579486
70,211,3.0,3.9981956003789887
70,217,4.0,3.211188985999093
70,228,5.0,3.8175667463264125
70,260,2.0,2.7500325862665163
70,265,4.0,3.9630014361802277
70,298,5.0,3.6266586104158263
70,338,2.0,2.7710827599337424
70,383,2.0,2.5236907576861647
70,398,2.0,2.3816846721905414
70,399,4.0,3.2950975485206673
70,417,3.0,3.1233955245300566
70,419,5.0,3.8405484215912677
70,423,5.0,3.870980307746008
70,431,3.0,3.5093504626601937
70,432,3.0,3.9348442492598146
70,472,3.0,3.135064428898582
70,482,4.0,4.086624892408454
70,511,5.0,4.138100238779721
70,527,4.0,4.054655651005222
70,542,2.0,2.6085033067458316
70,546,2.0,3.0562845144728987
70,584,3.0,3.5725698180356447
70,588,5.0,3.8387994256825566
70,625,3.0,3.3702830043034853
70,746,3.0,3.595439562806873
70,751,4.0,3.4992631663401594
70,762,3.0,3.45344304953862
70,1035,3.0,3.143413650961267
70,1065,4.0,3.491393851221224
70,1133,3.0,2.8948407346679845
71,50,3.0,4.230179144335271
71,56,5.0,4.134033760078852
71,65,5.0,3.8773389594823273
71,89,5.0,4.193245966066071
71,134,3.0,4.342179097715123
71,135,4.0,4.1415746341052575
71,151,1.0,3.8500323032274197
71,154,3.0,4.0235332853582735
71,222,3.0,3.687259192775927
71,276,4.0,3.8437679185126408
71,285,3.0,4.355975109277077
71,289,2.0,3.2386225492230647
71,346,4.0,3.9416298403590178
71,462,5.0,4.009646599681646
71,475,5.0,3.9956332101070555
71,923,5.0,4.312726601353321
72,12,5.0,4.435574506593076
72,28,4.0,3.9605466470792514
72,38,3.0,3.173895117066809
72,45,5.0,4.392836835319631
72,48,4.0,4.421660463190072
72,51,4.0,3.6872032416649194
72,54,3.0,3.4524816113248185
72,64,5.0,4.467792135628578
72,68,3.0,3.5829153015450546
72,70,4.0,3.9661908468462848
72,79,4.0,4.119239999079249
72,82,3.0,3.802027021933874
72,87,4.0,4.199966534054794
72,89,3.0,4.211632111462026
72,96,5.0,3.981722937969411
72,100,5.0,4.37127651030452
72,117,4.0,3.8321147007125678
72,121,3.0,3.476984740403373
72,124,4.0,4.2580064093638885
72,127,5.0,4.435554423311398
72,129,4.0,4.073824786053212
72,135,4.0,4.0835563288157335
72,161,5.0,3.6074002412251454
72,172,1.0,4.165375393412017
72,176,2.0,3.9596045122342822
72,177,4.0,3.904125474106928
72,180,4.0,4.271508924387677
72,181,1.0,3.9177150839875696
72,182,5.0,4.262787968962275
72,195,5.0,3.9196514130713394
72,196,4.0,4.031938076259235
72,203,3.0,4.045133315884988
72,204,4.0,3.8920277639383327
72,210,4.0,3.980908410179568
72,226,4.0,3.478354760232874
72,230,1.0,3.337526170023539
72,234,4.0,3.958300133270363
72,265,4.0,3.9305799643267134
72,356,4.0,3.510414093908622
72,357,4.0,4.567866271183025
72,382,4.0,3.9913777607982848
72,423,5.0,3.9965619971329036
72,427,5.0,4.530487608798382
72,435,5.0,4.191988673606621
72,479,4.0,4.500548286795324
72,480,5.0,4.511245132399397
72,484,4.0,4.294091347773351
72,504,4.0,4.2053027829853455
72,509,4.0,4.178009680983129
72,515,4.0,4.42422372828363
72,520,5.0,4.274816472387096
72,527,4.0,4.277848484857198
72,528,4.0,4.356724686530555
72,530,4.0,4.347816494571354
72,550,4.0,3.3614116788451573
72,566,4.0,3.645580690472079
72,568,4.0,3.697059704758896
72,581,4.0,3.495591438241245
72,603,4.0,4.490951326419177
72,644,4.0,4.044474193232002
72,679,2.0,3.2157029014891716
72,699,3.0,3.9054452125092505
72,866,4.0,3.4268260211706267
72,1110,3.0,3.095048065854078
73,7,4.0,3.91511641033332
73,12,5.0,4.389707165704127
73,28,3.0,3.8055503030398623
73,48,2.0,4.346569939904774
73,56,4.0,4.227588152218043
73,81,5.0,3.896289881164583
73,89,5.0,4.336338861878303
73,94,1.0,2.8862469316075305
73,100,4.0,4.241088428929147
73,127,5.0,4.403481289340434
73,156,4.0,4.197852066679402
73,173,5.0,4.081061429295171
73,180,4.0,4.333588803308503
73,196,4.0,3.8996690339883853
73,202,2.0,3.8144789055038353
73,206,3.0,3.732307599145031
73,271,2.0,3.2901162872526757
73,286,4.0,3.7601142041652134
73,288,3.0,3.36271945667934
73,318,4.0,4.4003902270294795
73,357,5.0,4.424370443965651
73,474,5.0,4.471384559965797
73,475,4.0,4.030096111701575
73,479,5.0,4.319711898427313
73,480,4.0,4.383754501853725
73,507,3.0,4.113724025589301
73,518,5.0,4.088853332434011
73,588,2.0,3.545151351933964
73,657,5.0,4.302793034264394
73,923,3.0,4.34967174924794
73,1073,4.0,4.139181392593947
73,1149,4.0,4.133175750451329
74,9,4.0,4.130824365283815
74,15,4.0,4.11279713467967
74,100,4.0,4.406488599202184
74,121,4.0,3.6926951486943067
74,124,3.0,4.3443267750517816
74,126,3.0,4.183454568996487
74,129,3.0,4.126775861391676
74,137,3.0,4.232645267019724
74,150,3.0,4.078094930217096
74,237,4.0,4.104466691145859
74,272,5.0,4.627268660737633
74,285,3.0,4.587735735528426
74,288,3.0,3.8162566204323873
74,301,3.0,3.717537629964039
74,324,3.0,3.7137764038896184
74,326,4.0,3.716546600651971
74,333,4.0,3.997181140854593
74,1084,3.0,4.0979198630657505
75,100,5.0,4.047542064882462
75,108,4.0,3.1950924200093866
75,118,3.0,3.020220195962761
75,121,4.0,3.1906977048921625
75,125,3.0,3.281060520983099
75,137,4.0,3.9962610512990535
75,147,3.0,3.311925355258492
75,151,5.0,3.6537356169522197
75,190,5.0,4.028568336731859
75,237,2.0,3.4839531608432868
75,240,1.0,3.015875148887714
75,271,5.0,3.119104616985922
75,273,5.0,3.542126914310887
75,284,2.0,3.149468281106091
75,290,4.0,3.070868961655364
75,291,1.0,3.0230795258468866
75,409,3.0,2.781102991452273
75,410,5.0,3.1393519745561713
75,411,5.0,2.972007763930339
75,472,4.0,2.7863030412738885
75,475,5.0,3.9346249594854292
75,476,1.0,2.9413700380087966
75,496,5.0,3.98350781716175
75,546,3.0,3.0237373445629747
75,597,3.0,2.9353036687908807
75,696,4.0,3.0990572649222723
75,742,1.0,3.415862596852308
75,820,3.0,2.783113762849482
75,824,1.0,2.6971982692607335
75,952,5.0,3.375934182312977
75,1001,1.0,2.5715134836331597
75,1017,5.0,3.3513326886533856
75,1047,3.0,2.6047747090333147
75,1150,4.0,3.4619892433699073
75,1151,2.0,2.1848066667909127
76,12,3.0,4.187615439956483
76,23,5.0,4.043368480789234
76,59,4.0,3.881720803313929
76,61,4.0,3.7479321321371635
76,64,5.0,4.172826581834817
76,89,4.0,4.0703372416834
76,92,4.0,3.6336447124455975
76,98,5.0,4.0959131646324325
76,100,5.0,3.9728357672610737
76,121,2.0,3.031391719839736
76,135,5.0,3.9758892562797916
76,150,5.0,3.6431449223333128
76,175,4.0,3.8094299614168756
76,197,5.0,3.989442962629616
76,200,5.0,3.720967914757442
76,258,3.0,3.5714167201753644
76,276,5.0,3.6485652205807746
76,286,5.0,3.5794121083172357
76,288,2.0,3.2013444828975697
76,325,2.0,2.5014302170351828
76,327,3.0,3.3436660098346778
76,333,3.0,3.251639519961737
76,385,2.0,3.398735717926506
76,421,3.0,3.5017792528354814
76,474,5.0,4.180113187027773
76,518,3.0,3.8180494269989858
76,531,4.0,3.7391347471302776
76,582,3.0,3.528893230179752
76,603,3.0,4.237293651397259
76,690,2.0,3.3191173683271105
76,772,3.0,3.4282295699792797
76,811,4.0,3.8846528146511683
76,960,3.0,3.4360666116593963
76,1007,4.0,3.7298214769701272
76,1129,5.0,3.678943010174803
76,1156,3.0,3.539195652952405
76,1158,4.0,3.9950583664066275
77,4,3.0,3.336781082227935
77,23,4.0,3.8800697654427125
77,50,4.0,3.848402489063704
77,52,5.0,3.629593560709525
77,69,3.0,3.4319246996600485
77,89,5.0,3.9204007807860157
77,91,3.0,3.571615645203116
77,100,3.0,3.7543432127409275
77,125,3.0,3.052354269533526
77,144,3.0,3.5523605807937257
77,153,5.0,3.5080178448051775
77,168,4.0,3.8659756388931066
77,172,3.0,3.8619406232796356
77,174,5.0,3.842265446588399
77,176,4.0,3.7051127286052097
77,179,5.0,3.779919841444951
77,181,3.0,3.5883472907238625
77,195,5.0,3.642953507916055
77,210,3.0,3.538477022204753
77,238,5.0,3.6440485405489103
77,265,3.0,3.570780032929763
77,276,2.0,3.4180816482189083
77,357,3.0,3.9540278223481558
77,405,3.0,2.884340976997577
77,431,5.0,3.3413972198643855
77,474,5.0,4.008767409312498
77,483,4.0,4.122229793117752
77,484,5.0,3.8889031352804952
77,498,5.0,3.751495846891568
77,518,4.0,3.6389416976209263
77,523,5.0,3.640463878304028
77,778,2.0,3.327197439727509
77,1028,1.0,2.670649242365335
78,255,4.0,3.3710143982199354
78,269,3.0,3.9152011140708396
78,289,4.0,3.1534941918622645
78,298,3.0,3.6207954858360427
78,323,1.0,2.9912514462627504
78,412,4.0,2.679015860794524
78,1160,5.0,3.2379015230427033
79,6,4.0,4.465104739185648
79,7,5.0,4.425427602578963
79,13,3.0,4.244266121957119
79,50,4.0,4.848422535854343
79,100,5.0,4.696670022085964
79,124,5.0,4.690925709869495
79,137,4.0,4.600711625200315
79,150,3.0,4.3782744181674165
79,246,5.0,4.720325616041262
79,251,5.0,4.7815152854118015
79,262,5.0,4.391805607462401
79,269,5.0,4.617172532986876
79,286,5.0,4.382290430670952
79,288,3.0,4.097128948910542
79,290,3.0,3.9150473915257633
79,301,3.0,4.114250155935661
79,303,4.0,4.539969608755825
79,313,2.0,4.79981548263625
79,325,5.0,3.5709761010961003
79,370,2.0,3.71482210651375
79,508,3.0,4.314896931260399
79,740,4.0,4.45739594674889
79,813,5.0,4.650178749961718
79,900,4.0,4.6351443881649805
79,937,2.0,4.23875799450467
79,1008,4.0,4.220394677832616
79,1017,3.0,4.006081616631795
79,1161,2.0,4.129281415686211
80,45,4.0,4.490096208070758
80,50,3.0,4.6444166246009235
80,58,4.0,4.128986842237611
80,87,4.0,4.382834022391648
80,194,3.0,4.436947192066052
80,199,2.0,4.592240513793435
80,208,5.0,4.273913029020315
80,215,5.0,4.200589717854527
80,234,3.0,4.136623870880693
80,269,3.0,4.241991930568035
80,423,3.0,4.208030601225775
80,466,5.0,3.935584357216884
80,582,3.0,4.072738054231991
80,699,3.0,4.004507856020553
80,886,4.0,3.47075397999944
81,3,4.0,3.3060436129120654
81,7,4.0,3.890406615091294
81,93,3.0,3.765394587826722
81,98,5.0,4.341841959292162
81,118,2.0,3.4667569126004967
81,124,3.0,4.04718425460195
81,147,4.0,3.5919189731383434
81,151,2.0,3.7789659919423477
81,169,4.0,4.587686806485253
81,222,2.0,3.8362483483047143
81,273,4.0,3.7276391404569513
81,274,3.0,3.7073853322299035
81,280,4.0,3.311095681777773
81,282,5.0,3.8469660842206106
81,318,5.0,4.499111661763299
81,410,4.0,3.2679297477067797
81,411,2.0,3.2494919202904557
81,412,1.0,2.7471953791743933
81,432,2.0,3.919845566954708
81,471,3.0,3.748501899684656
81,476,2.0,3.358279890555307
81,544,2.0,3.5100194625428434
81,595,4.0,3.1738178848622334
81,742,2.0,3.744638541828876
81,756,1.0,3.114765888179294
81,824,3.0,2.9523599691145845
81,926,3.0,3.0477636960228724
81,1028,1.0,3.2568884221616674
82,8,4.0,3.7932373179747167
82,11,4.0,3.519621386297016
82,13,2.0,3.1104943994952774
82,14,4.0,3.6043355581327
82,15,3.0,3.4562800874322
82,25,2.0,3.1645045205079927
82,56,3.0,3.74012897281857
82,64,5.0,4.150460034672798
82,69,4.0,3.7239463087994307
82,70,4.0,3.583223483249565
82,73,4.0,3.2725302254302515
82,103,2.0,2.1663353963556893
82,109,1.0,3.1465191300090303
82,127,2.0,4.018255867558784
82,135,3.0,3.758641248219426
82,140,3.0,2.8758261983209
82,147,3.0,2.903927701904966
82,151,2.0,3.3906021064797
82,174,5.0,4.052252716590015
82,178,4.0,4.09772771737151
82,183,3.0,3.8087604370015353
82,185,3.0,3.97572390197701
82,191,4.0,3.971745247434827
82,194,4.0,3.886631840070279
82,199,4.0,4.0594746016100824
82,202,4.0,3.633001238258936
82,208,3.0,3.7911026919478634
82,216,4.0,3.749351054858181
82,218,3.0,3.1701432927612516
82,220,2.0,2.9598675393170772
82,222,3.0,3.3200918129410857
82,225,3.0,2.5388215060555837
82,231,2.0,2.531035800840934
82,240,1.0,2.3849674344794645
82,265,4.0,3.6449443556262624
82,275,2.0,3.6515960758579786
82,276,4.0,3.250536655251562
82,281,3.0,2.8642542992248483
82,289,1.0,2.6550311045551496
82,294,4.0,2.824471370828906
82,310,4.0,3.2095220530683655
82,343,1.0,2.5449364923845925
82,357,4.0,4.076291594277789
82,405,3.0,2.98202293542954
82,411,3.0,2.4942302542417973
82,413,1.0,2.2098279537629826
82,414,4.0,3.385048485284259
82,455,4.0,2.7894332206951447
82,458,1.0,2.7580768728117357
82,472,3.0,2.8105186783205425
82,476,3.0,2.739858563942642
82,477,3.0,2.845982000306739
82,479,4.0,4.089670086707649
82,480,4.0,4.1168226771288445
82,481,5.0,3.8376835625018484
82,482,4.0,3.9758942652900946
82,495,3.0,3.3794893689889496
82,504,4.0,3.7739572923009335
82,508,2.0,3.2945505221826616
82,513,4.0,4.07635118750142
82,518,4.0,3.6313736000797876
82,519,4.0,3.818770193967962
82,520,3.0,3.9142454383992975
82,527,3.0,3.872725274819924
82,529,4.0,3.8246570089516823
82,596,3.0,3.0516706691220934
82,597,3.0,2.69561420466123
82,657,4.0,4.0084431510679615
82,661,4.0,4.0377852932686
82,671,1.0,3.5095646378945866
82,705,3.0,3.754312846508597
82,717,1.0,2.3985769772203787
82,756,1.0,2.497312463728037
82,919,3.0,3.3370461349187113
82,1001,1.0,1.7599901885237959
82,1028,2.0,2.4776780042646935
82,1033,1.0,2.2168528498903806
82,1101,4.0,3.579447264967972
82,1126,4.0,3.1930984637554563
82,1134,2.0,3.216607724820622
82,1162,1.0,1.792960072648026
82,1164,2.0,1.7010309287949408
83,1,4.0,3.7899170248486986
83,22,5.0,4.359283284730114
83,28,4.0,4.197456959361062
83,35,1.0,3.033884796499076
83,43,4.0,3.4078912641286583
83,63,4.0,3.6483729522084674
83,77,4.0,3.7867915169342794
83,78,2.0,3.01665534010674
83,82,5.0,4.162835725266017
83,94,4.0,3.636868091744109
83,95,4.0,4.08807118351688
83,97,4.0,4.032380002234693
83,105,2.0,2.6275111468259613
83,106,4.0,2.910048383603126
83,110,4.0,3.2325974380928186
83,117,5.0,3.6478958032913864
83,118,3.0,3.4228113499397628
83,122,1.0,2.1158451597873413
83,125,5.0,3.5800874064049473
83,139,3.0,3.4076626356436166
83,181,4.0,4.103761510562608
83,186,4.0,4.065746848751592
83,210,5.0,4.175236173708661
83,215,4.0,4.085402477034427
83,216,4.0,4.062477785113221
83,234,4.0,3.870421111666647
83,252,4.0,2.9993978062677167
83,254,2.0,2.951160217069913
83,255,5.0,3.390088430780909
83,265,5.0,4.209939142508701
83,281,5.0,3.4677323565047486
83,294,3.0,3.1685407547559943
83,301,2.0,3.039543596706102
83,323,4.0,2.857902368000385
83,338,4.0,2.700210045965475
83,364,1.0,3.052327350396884
83,385,4.0,3.9885526572081926
83,391,2.0,3.267944273982743
83,405,5.0,3.363239494947623
83,407,1.0,2.625181690599432
83,412,1.0,2.2427632922441303
83,413,1.0,2.6453162630116793
83,423,4.0,4.101750246172667
83,452,3.0,3.230052443115006
83,465,4.0,3.8370757538773783
83,468,4.0,3.8818819220075014
83,471,3.0,3.495684475793221
83,476,3.0,3.2144216047042313
83,543,2.0,3.5846106285103736
83,568,4.0,4.015924086631839
83,575,4.0,2.975886548310981
83,576,4.0,3.555001916227127
83,609,4.0,3.6119615300227474
83,623,4.0,3.398195137309917
83,631,2.0,3.62765312668735
83,640,2.0,2.896091829810879
83,660,4.0,4.058521181924769
83,663,5.0,3.794794174991032
83,684,4.0,4.101523698641711
83,685,4.0,3.3652738536892994
83,692,4.0,4.045220816354372
83,720,4.0,3.5948474605762857
83,722,4.0,3.1949974472709712
83,748,2.0,3.1972155198226977
83,768,4.0,3.376112032727794
83,783,4.0,3.4284862246608214
83,795,3.0,2.7796109915099816
83,866,3.0,3.359042739598632
83,892,2.0,2.684839261356096
83,929,3.0,2.70946620774545
83,932,4.0,3.2673984336823994
83,977,3.0,3.012688980977802
83,1028,4.0,3.0027329788217356
83,1035,4.0,3.6145457720656418
83,1043,3.0,3.377076076268521
83,1101,2.0,3.954197350850232
83,1165,2.0,2.3253961914561527
84,7,4.0,4.007762973888991
84,12,5.0,4.535326321598111
84,31,4.0,3.792256613146813
84,64,5.0,4.53344354540588
84,121,4.0,3.596329380460291
84,148,4.0,3.5088603360865878
84,151,4.0,3.816733347039214
84,194,5.0,4.279819697768826
84,222,4.0,3.806323385186091
84,237,4.0,3.875883535342359
84,265,5.0,4.129453755524351
84,284,3.0,3.428944897227334
84,289,5.0,3.4575848464288397
84,291,3.0,3.511255238514264
84,322,3.0,3.3823067579770845
84,385,4.0,3.776048606574217
84,405,3.0,3.4649868900776957
84,523,4.0,4.120717833450248
84,528,5.0,4.380650549815977
84,529,5.0,4.1640850067778565
84,742,3.0,3.7681913930448
84,748,4.0,3.3649526101302887
84,879,4.0,3.677756496097722
84,1033,4.0,3.1639654936298287
84,1040,3.0,3.000222848959605
85,8,4.0,3.9045633001795466
85,13,3.0,3.420538262708719
85,25,2.0,3.2250093785582097
85,45,3.0,3.999588647868107
85,51,2.0,3.291474752308979
85,53,3.0,3.0098305555553795
85,56,4.0,3.9467722190391137
85,58,4.0,3.677654935596244
85,70,4.0,3.6158149720458233
85,71,4.0,3.6868779330206074
85,83,4.0,3.9830457766618097
85,86,4.0,3.8788844845818877
85,89,4.0,4.035448762088313
85,94,3.0,3.056710922650832
85,95,4.0,3.685933199766131
85,97,2.0,3.757017118382558
85,98,4.0,4.161254979588488
85,108,2.0,3.0225911861925576
85,124,5.0,4.003261765888855
85,127,5.0,4.230703891374611
85,133,4.0,4.074775024515021
85,154,4.0,3.794827876315726
85,157,3.0,3.5929321926831363
85,160,3.0,3.577236874089212
85,163,3.0,3.6315229104388815
85,175,4.0,3.7840225199131083
85,179,4.0,3.9578949046744833
85,187,5.0,4.1787662553939
85,192,4.0,4.168817164706782
85,199,5.0,4.3286422773376785
85,203,5.0,3.8010657516934754
85,208,5.0,3.929249474849806
85,209,4.0,3.894554026761473
85,211,5.0,3.963643811519302
85,212,2.0,3.7907674373047624
85,213,4.0,4.048443259335813
85,215,4.0,3.697409532079522
85,216,3.0,3.8795148619139415
85,228,3.0,3.6563808613835453
85,234,4.0,3.714642110091372
85,237,3.0,3.4599024234370206
85,241,3.0,3.3972478310658794
85,250,3.0,3.2605353220831894
85,259,2.0,2.554597729608842
85,268,4.0,3.6022462006438203
85,269,3.0,3.8007995876446623
85,272,4.0,3.948821473745734
85,275,3.0,3.9507412266705044
85,277,2.0,3.418605702587799
85,282,3.0,3.341750593951984
85,283,3.0,3.5750769312669752
85,286,4.0,3.654567518291897
85,289,3.0,2.9696732726916757
85,298,4.0,3.4145455556738633
85,300,3.0,3.270631644946808
85,317,3.0,3.816932718491903
85,318,4.0,4.370915540574604
85,327,3.0,3.3531367770608926
85,340,3.0,3.48088580888185
85,372,4.0,3.4013466607262544
85,380,4.0,3.2745075190998603
85,382,4.0,3.5712809302099036
85,389,3.0,3.479914114483673
85,404,3.0,3.669544130301701
85,414,4.0,3.6272839323239325
85,417,3.0,3.1897595197870228
85,418,3.0,3.576172138957199
85,420,4.0,3.6015304301515862
85,425,4.0,3.855742377208453
85,427,3.0,4.3872802136684275
85,433,3.0,3.669159573898958
85,443,4.0,3.884449811952742
85,449,4.0,2.866217141322314
85,451,4.0,3.2565319108018684
85,464,5.0,3.548137415906854
85,479,4.0,4.295415932647463
85,480,4.0,4.382957399437444
85,488,4.0,4.371834982804775
85,492,4.0,3.946104773957947
85,498,4.0,4.2236438110015
85,499,4.0,4.041546798746644
85,501,3.0,3.65463439905665
85,502,4.0,3.768944473885471
85,507,4.0,4.07677263234886
85,508,2.0,3.491892022500782
85,509,4.0,3.8964486625687633
85,511,4.0,4.241001465886712
85,514,5.0,4.064319650016458
85,517,5.0,3.935943365763451
85,523,4.0,4.043165743900505
85,528,4.0,4.198259394996901
85,530,3.0,4.050424531500087
85,566,3.0,3.3792692038766448
85,568,3.0,3.458155388734788
85,588,3.0,3.6952331513256604
85,604,4.0,4.064300991946995
85,622,3.0,3.441030758975645
85,629,3.0,3.4410553261096015
85,632,3.0,3.9922567346386604
85,639,3.0,3.8267649544724343
85,642,4.0,3.6385770869251566
85,647,4.0,4.205435860952853
85,655,3.0,3.769550325026729
85,658,3.0,3.3450510992095404
85,660,4.0,3.755473287129655
85,661,4.0,4.204219832159339
85,690,2.0,3.2160511303557224
85,692,3.0,3.514774895959375
85,702,2.0,3.111668637930553
85,708,4.0,3.5817653684153026
85,709,5.0,3.866628965480393
85,792,4.0,3.758553647279663
85,842,3.0,3.335925147334023
85,855,3.0,3.7941188281239375
85,971,3.0,3.6961760199498395
85,984,2.0,2.654210786813583
85,1009,2.0,3.3319977204330233
85,1021,3.0,3.9566319032729353
85,1065,3.0,3.5587793250268636
85,1074,3.0,2.8505806013177395
85,1098,4.0,3.744961752571053
85,1101,4.0,3.8154871237355583
85,1131,4.0,4.002671898223688
85,1137,4.0,3.671651723137556
85,1149,3.0,3.8710315867465033
85,1153,4.0,3.4428500329317457
85,1167,3.0,3.783726989620848
85,1168,3.0,3.4562822230868737
85,1169,4.0,3.8527583672844252
86,258,5.0,3.800240659842337
86,286,3.0,3.646096546643114
86,288,3.0,3.4283626333291277
86,289,3.0,3.220878356860534
86,300,3.0,3.499207216190681
86,319,3.0,3.852991583997822
86,327,4.0,3.635284331992392
86,872,3.0,4.101629155384984
86,879,2.0,3.3423038990601612
86,881,2.0,3.3743656184977224
86,889,5.0,4.347061774295165
86,1175,5.0,4.175504775797492
87,2,4.0,4.138981774631379
87,4,5.0,4.2349597464373625
87,7,4.0,4.378021936787711
87,8,5.0,4.696626518606827
87,9,4.0,4.1774803946921155
87,25,4.0,3.981644102612475
87,33,3.0,3.93388599615439
87,39,3.0,3.7309955487953657
87,40,3.0,3.6170834965536716
87,55,4.0,4.324444881526428
87,63,4.0,4.060386362897884
87,64,5.0,5.0
87,67,4.0,3.775349895864995
87,68,3.0,4.05378987526526
87,70,5.0,4.381149723910723
87,73,3.0,4.373051725611278
87,79,5.0,4.842859181016136
87,82,5.0,4.647683184152942
87,87,4.0,4.7307484945384495
87,88,5.0,4.500618704639911
87,90,2.0,3.874183380148131
87,96,5.0,4.795683338078684
87,97,5.0,4.585185188439443
87,118,4.0,3.968972667293327
87,120,2.0,3.0946426128407776
87,135,5.0,4.581224830970865
87,154,4.0,4.352143053098749
87,157,3.0,4.401779931921308
87,161,5.0,4.3971183816940576
87,163,4.0,4.340907426166542
87,177,5.0,4.559480688622163
87,182,4.0,4.487252623070233
87,183,4.0,4.7725159417787095
87,186,5.0,4.635037303168357
87,192,3.0,4.388273336297887
87,196,5.0,4.68450267097861
87,201,2.0,3.9683339574672294
87,208,5.0,4.639176670584241
87,209,5.0,4.419100433898321
87,210,5.0,4.753106209641621
87,211,5.0,4.661362920443649
87,229,4.0,4.027942194807734
87,231,3.0,3.574056447815216
87,233,4.0,4.059494052605536
87,238,3.0,4.419175060045001
87,239,4.0,4.44585653741761
87,254,4.0,3.517713516945419
87,274,4.0,4.311095899263053
87,300,3.0,4.308763401316439
87,303,3.0,4.096999728042481
87,318,4.0,5.0
87,367,4.0,4.236927789444481
87,382,3.0,4.001075385313654
87,384,4.0,3.62499955447989
87,385,5.0,4.498251624723186
87,386,2.0,3.5733831646547656
87,393,4.0,4.336649811668824
87,401,2.0,3.3981443533287643
87,403,3.0,4.266748541748846
87,409,3.0,3.7574359125513754
87,411,4.0,3.5951900037064353
87,491,5.0,4.4671433640244045
87,515,4.0,4.871243472939502
87,519,4.0,4.618513109602695
87,521,3.0,4.5061865219717845
87,523,5.0,4.675734732552901
87,550,4.0,4.128433506366825
87,554,4.0,3.733513146002175
87,566,5.0,4.471239875562532
87,568,5.0,4.457358445909802
87,576,3.0,3.8622586045899894
87,585,4.0,3.335677934897772
87,628,4.0,4.120913725901587
87,629,4.0,4.018753826113626
87,651,4.0,4.776952277254554
87,679,3.0,3.852171237978682
87,684,5.0,4.633781800860955
87,702,3.0,3.5826527288590566
87,705,4.0,4.6619141927736685
87,732,4.0,4.60655046535564
87,775,2.0,3.619476938434712
87,790,4.0,3.5491725315834186
87,796,4.0,3.9761524453590837
87,810,3.0,3.9032289944394
87,996,3.0,3.258741395723569
87,1000,3.0,3.445699230510046
87,1016,4.0,4.11957859113033
87,1047,3.0,3.5509075427395675
87,1072,3.0,3.44339177115898
87,1074,3.0,3.6445901744363747
87,1079,2.0,2.997844278754733
87,1089,3.0,3.114871912976408
87,1182,3.0,3.0106870166843995
87,1183,3.0,3.2479023071237645
87,1184,3.0,3.1067209805333444
87,1187,2.0,3.4258704966798983
87,1189,5.0,4.63604208926095
87,1190,4.0,3.915405193265035
88,261,5.0,3.3166098478767676
88,301,4.0,3.9130241299732385
88,302,3.0,4.676812453389241
88,315,4.0,4.669483502034563
88,321,1.0,3.7884960939479293
88,690,4.0,4.277245149068462
88,750,2.0,4.4755599320814
88,881,5.0,3.646625552883405
88,886,5.0,3.5897827563557474
88,904,5.0,4.548117392284786
89,14,4.0,4.624391687993306
89,26,3.0,4.1806655077072
89,83,4.0,4.64572260016881
89,93,2.0,4.702151206934576
89,117,5.0,4.495736858703195
89,121,5.0,4.3095157595045785
89,127,5.0,4.980907185470986
89,150,5.0,4.505728909691312
89,151,5.0,4.458457376185811
89,197,5.0,4.684876504139464
89,212,3.0,4.410356585433631
89,213,4.0,4.606322126224088
89,216,5.0,4.616775166030597
89,221,1.0,4.6748406646733605
89,246,5.0,4.777077484269795
89,257,5.0,4.577119163995276
89,268,5.0,4.698387123540858
89,277,4.0,4.315529890441231
89,283,4.0,4.557896002669583
89,381,4.0,4.232555049692642
89,387,5.0,4.147593241276553
89,517,5.0,4.42359113631549
89,694,5.0,4.569266602321624
89,707,5.0,4.591208924882813
89,716,3.0,3.9383351080160156
89,732,5.0,4.40308225549456
89,737,1.0,3.9276531397173544
89,739,2.0,4.07409153086061
89,762,3.0,4.329945793065119
89,813,5.0,4.610784226428031
89,815,4.0,4.0559179186334084
89,845,2.0,4.267982861189375
89,936,5.0,4.730943661910029
89,949,3.0,3.974730446390639
89,952,2.0,3.988327505373574
89,1048,3.0,3.9914564380650046
90,6,4.0,4.367300556214634
90,9,4.0,4.675833697870417
90,11,4.0,4.465966976158601
90,12,5.0,5.0
90,14,5.0,4.669893554408237
90,17,4.0,4.035621674187087
90,22,4.0,4.716850101880448
90,25,5.0,4.113998628629206
90,30,5.0,4.859445383277327
90,31,4.0,4.355084523951976
90,33,4.0,4.111701490216497
90,42,4.0,4.492093608055856
90,45,3.0,4.949685587678737
90,79,4.0,4.712622430342097
90,83,5.0,4.850040814246584
90,86,5.0,4.826875663208409
90,96,4.0,4.619242606534349
90,98,5.0,4.971058075103921
90,100,5.0,4.814337684353165
90,131,5.0,4.711963079980945
90,132,5.0,4.777525794730112
90,143,5.0,4.490181058613329
90,148,2.0,3.726230039159484
90,149,3.0,4.232419659118986
90,150,3.0,4.415926696874955
90,155,5.0,3.9492515296654647
90,166,4.0,5.0
90,177,5.0,4.616436295997145
90,178,5.0,5.0
90,179,5.0,4.827743284823825
90,180,4.0,4.894077792209575
90,182,3.0,4.781199380425134
90,185,5.0,4.976231385871163
90,187,4.0,4.878308369093784
90,190,5.0,5.0
90,191,5.0,4.914814026332349
90,197,5.0,4.928981213805127
90,199,5.0,5.0
90,202,3.0,4.585250746638629
90,203,5.0,4.575657960025005
90,213,5.0,5.0
90,237,4.0,4.1660027977044125
90,241,5.0,4.293268389287591
90,245,3.0,3.8284995746799764
90,258,3.0,4.46258578236005
90,259,2.0,3.6730377642185066
90,269,5.0,4.753450737809291
90,272,5.0,4.841056410786541
90,287,4.0,4.153658773475875
90,289,3.0,3.7169128968996934
90,301,4.0,3.9820512975086917
90,307,5.0,4.1316372680342095
90,311,4.0,4.347632301220374
90,312,4.0,3.8135993671090307
90,313,5.0,4.759009025091444
90,318,5.0,5.0
90,323,3.0,3.6366510502419325
90,328,3.0,4.0221985242703795
90,347,4.0,4.4341791488733975
90,354,3.0,4.253085783200209
90,357,5.0,5.0
90,367,4.0,4.402176021988334
90,382,5.0,4.438129716894837
90,421,4.0,4.49058613032911
90,423,5.0,4.525213575742176
90,425,4.0,4.728050243884491
90,433,3.0,4.503411262186988
90,435,5.0,4.702662594084686
90,471,4.0,4.140975676578299
90,475,3.0,4.53045158638956
90,478,5.0,4.968029984842126
90,483,5.0,5.0
90,486,5.0,4.796244399262054
90,489,5.0,5.0
90,494,5.0,5.0
90,499,5.0,4.947460173059228
90,501,5.0,4.3580244918101885
90,506,5.0,4.840380157266114
90,507,5.0,4.919201242044059
90,512,4.0,4.828888778799262
90,514,3.0,4.8423657255218
90,517,3.0,4.759516466383131
90,518,2.0,4.611776961237159
90,521,4.0,4.619918680882934
90,526,5.0,4.646125596538714
90,529,5.0,4.897364007752677
90,547,3.0,4.3413084594872995
90,553,2.0,4.136542086168381
90,602,5.0,4.701076616398179
90,603,5.0,5.0
90,604,5.0,4.962348246427656
90,611,5.0,5.0
90,613,4.0,4.985033321641016
90,614,4.0,4.7492865123357255
90,618,5.0,4.5909072506459
90,631,5.0,4.578420251624989
90,648,4.0,4.933768647680106
90,652,4.0,4.732205227011674
90,657,5.0,5.0
90,659,4.0,4.889997143120137
90,662,5.0,4.181216065163968
90,690,4.0,4.126474341758666
90,692,4.0,4.371125049084783
90,693,3.0,4.440672134755728
90,705,5.0,4.82697268615458
90,707,5.0,4.96356745651247
90,713,4.0,4.083955750386536
90,739,5.0,3.964387975535735
90,813,4.0,4.663863836849899
90,821,3.0,3.7933697745832866
90,855,5.0,4.733536717448553
90,879,3.0,3.941812391019488
90,900,4.0,4.431619386404954
90,903,4.0,4.2893246072883775
90,904,3.0,4.437467645218326
90,906,2.0,4.336816392898373
90,923,5.0,5.0
90,945,5.0,4.8529660479750065
90,958,4.0,4.603210495568199
90,962,2.0,4.0346956057400725
90,964,5.0,4.724366163308144
90,966,5.0,4.697002169943417
90,971,4.0,4.672771175046824
90,995,4.0,4.056291021543089
90,1020,5.0,4.823757401682009
90,1048,4.0,3.805789454848938
90,1086,4.0,3.995123718406945
90,1101,4.0,4.707610725843761
90,1109,3.0,4.28734933809164
90,1125,4.0,4.959792697459904
90,1193,4.0,4.807986638843998
90,1194,4.0,4.954463615837552
90,1197,4.0,3.9607404626991736
90,1198,5.0,4.313206431963925
90,1200,4.0,4.494268519477162
90,1206,2.0,4.151669186004579
91,28,4.0,4.3173287679822465
91,64,4.0,4.73353988400042
91,82,5.0,4.214399567717733
91,97,5.0,4.142915823479222
91,99,2.0,3.957076828910247
91,131,2.0,4.031217517535753
91,134,4.0,4.475428739162921
91,161,3.0,4.003030411131226
91,172,4.0,4.5519090456811115
91,174,5.0,4.628715953299966
91,181,5.0,4.393774062658701
91,193,3.0,4.362091242417243
91,195,5.0,4.324902879374029
91,230,4.0,3.956352840908551
91,234,5.0,4.158727693146944
91,264,4.0,3.4492229092405697
91,265,5.0,4.366891737459371
91,289,4.0,3.4984262999170337
91,313,4.0,4.693226481465849
91,318,5.0,4.748143741605979
91,322,4.0,3.6749443935348753
91,323,2.0,3.435961650553054
91,326,3.0,3.85298831420925
91,327,4.0,3.97762316861108
91,331,5.0,3.997004866538658
91,338,4.0,3.305305282272466
91,351,4.0,3.528093666893913
91,357,5.0,4.557199260068333
91,423,5.0,4.154170437423469
91,427,4.0,4.517930092034257
91,435,4.0,4.282000275450752
91,479,4.0,4.551918102124795
91,480,4.0,4.626486638464075
91,482,3.0,4.1668489506286175
91,484,4.0,4.425146650904617
91,504,3.0,4.189214650600578
91,507,4.0,3.960496836925811
91,510,3.0,4.354881871337218
91,515,5.0,4.610744836285644
91,526,4.0,4.400208721303542
91,529,4.0,4.363386583290346
91,616,4.0,3.791876296874043
91,618,3.0,3.7449930799242606
91,682,2.0,3.647170814105784
91,683,3.0,3.0420213814659656
91,689,5.0,3.5848981353479275
91,748,2.0,3.750659164343487
91,1050,3.0,3.9906323911338397
92,2,3.0,3.1652443374170427
92,11,4.0,3.9074756793784933
92,15,3.0,3.4860346524127466
92,22,3.0,4.127225396350443
92,24,3.0,3.334214435551887
92,28,3.0,3.9568983671357554
92,31,4.0,3.673798643558362
92,32,3.0,3.8517181900141106
92,42,4.0,3.989589292136527
92,43,3.0,3.071930454210935
92,46,4.0,3.779178291629545
92,48,4.0,4.261412671804261
92,53,3.0,3.1674027427329774
92,62,3.0,3.0568915501453646
92,66,3.0,3.3489899893292794
92,67,3.0,2.729118601012936
92,73,3.0,3.292170196976865
92,77,3.0,3.2762531808953366
92,79,4.0,3.957635881470757
92,81,3.0,3.770607423107979
92,85,3.0,3.005471998400515
92,87,3.0,4.092738336454204
92,88,3.0,3.475655087134329
92,89,5.0,4.191910516699349
92,93,4.0,3.7320348467778324
92,94,3.0,2.967846279491269
92,96,4.0,3.9703292961408754
92,98,5.0,4.353612417304642
92,101,2.0,3.3192050682141923
92,102,2.0,3.071718548929818
92,106,3.0,2.652036367751255
92,109,3.0,3.4508733918095014
92,115,3.0,3.6999313002050824
92,121,5.0,3.20262206182014
92,123,2.0,2.959354543565211
92,124,4.0,4.076943815912892
92,129,4.0,3.7564060083870148
92,132,3.0,4.039363434409499
92,134,4.0,4.365697162183166
92,135,4.0,4.0635447189957095
92,144,4.0,3.923099823598243
92,148,2.0,3.0374307721274443
92,154,4.0,3.7880631431394742
92,159,4.0,3.1548489070917274
92,161,2.0,3.3636257061476917
92,164,4.0,3.519377034652478
92,168,4.0,4.124842207852463
92,172,4.0,4.292559035338863
92,173,3.0,4.256007399987093
92,175,4.0,4.044772038742027
92,176,5.0,4.013975045162891
92,180,5.0,4.2518580396982895
92,181,4.0,3.9800220633779646
92,183,4.0,4.078937904828346
92,184,3.0,3.503309357934008
92,189,4.0,4.079010565996617
92,190,4.0,4.328980735897799
92,191,4.0,4.217147908070276
92,196,4.0,3.9401139631601843
92,201,3.0,3.6273665650246927
92,203,4.0,3.982383800936367
92,209,5.0,4.0230172152886725
92,214,4.0,3.4943973214765736
92,215,4.0,3.7294446093143403
92,216,3.0,3.944285771943551
92,219,4.0,3.1399412197608583
92,220,1.0,3.0831676822441807
92,223,5.0,4.267056974165783
92,226,3.0,3.2625471833560615
92,229,3.0,3.08900803797117
92,238,5.0,4.038547141983473
92,241,3.0,3.4453689783826973
92,248,4.0,3.6242689828737036
92,249,3.0,3.1585162592269937
92,252,4.0,2.758375492829619
92,273,4.0,3.5327186981070704
92,276,5.0,3.6276172902453587
92,278,3.0,2.7823458023395995
92,281,3.0,3.0161352726610318
92,288,3.0,3.3222034809808862
92,289,3.0,3.051185385984655
92,291,4.0,3.1173713228317244
92,295,2.0,3.245435254068462
92,313,5.0,4.001040835389124
92,318,2.0,4.493946043830502
92,328,3.0,3.1861618551428528
92,367,3.0,3.554609409642653
92,376,3.0,2.491946097328726
92,386,3.0,2.5496711236079834
92,393,3.0,3.2851914205645656
92,403,4.0,3.380488384854361
92,410,3.0,3.032657943542953
92,412,2.0,2.376528715853328
92,423,3.0,3.843601094314954
92,431,4.0,3.5454646440476947
92,453,1.0,2.073525940292436
92,455,2.0,3.19003264615613
92,463,4.0,3.8744758511821007
92,471,4.0,3.3225003419973826
92,475,5.0,3.8591536941952116
92,476,2.0,2.7292304434943055
92,501,2.0,3.417761592957712
92,508,5.0,3.605458620092242
92,515,4.0,4.340555817846626
92,518,5.0,3.9730748781764715
92,521,4.0,3.983729386530787
92,527,3.0,4.115939392488817
92,528,4.0,4.190586439839115
92,531,4.0,3.8727956236849144
92,540,2.0,2.2771777220673193
92,551,2.0,2.617950834932966
92,552,3.0,2.5476981097272784
92,559,3.0,3.028666351490551
92,561,3.0,3.04086009528727
92,568,3.0,3.505292243360127
92,576,2.0,2.971310544228162
92,581,4.0,3.2458380387412893
92,582,5.0,3.6790503370079284
92,587,3.0,3.4117622412695945
92,595,3.0,2.495920529771226
92,596,2.0,3.144105420338949
92,619,4.0,2.89155003627426
92,628,4.0,3.271433030970649
92,640,5.0,3.333535383224032
92,655,4.0,3.931959099486201
92,660,4.0,3.7573372827619895
92,663,4.0,3.952674724441415
92,665,3.0,2.7900668353881146
92,672,3.0,2.8279385829302512
92,673,4.0,3.5248219602548145
92,678,2.0,2.561301997802023
92,692,4.0,3.54886990982705
92,709,2.0,4.112627030564528
92,712,3.0,3.2550744650323775
92,715,4.0,3.5525611328108524
92,717,3.0,2.5013934333064025
92,720,3.0,2.758482421414594
92,722,3.0,2.5883943802547
92,725,3.0,2.3136494015252658
92,727,4.0,3.4292381764891506
92,728,3.0,2.6631904144641028
92,731,4.0,2.644292491755451
92,739,2.0,3.0026154448242077
92,747,4.0,3.4505657990860197
92,748,3.0,2.88322792679903
92,756,3.0,2.5636061065084483
92,763,3.0,3.1383339858190378
92,778,4.0,3.489633588036876
92,781,3.0,3.113810762315332
92,785,3.0,2.8887419424680325
92,790,3.0,2.6079813933652494
92,794,3.0,3.1182795993261854
92,802,2.0,2.514340376947944
92,820,1.0,2.5431850971494154
92,825,4.0,2.705918779794084
92,831,2.0,2.2831183931382117
92,834,1.0,2.229316742311763
92,845,3.0,3.2440731036915182
92,846,3.0,2.7682211127767262
92,925,3.0,2.910991426324726
92,928,3.0,2.6488378439213798
92,930,2.0,2.4487012897942413
92,931,1.0,1.915384520392991
92,947,4.0,3.359933631325766
92,955,4.0,3.34944100427279
92,961,4.0,3.3763863555960643
92,963,5.0,4.326039041660622
92,977,2.0,2.398450948898012
92,986,2.0,2.033731181937732
92,1012,4.0,3.325789452618776
92,1014,3.0,2.904587479848042
92,1016,2.0,3.1037975445994848
92,1033,2.0,2.4020307423910294
92,1041,3.0,2.9726965475481415
92,1047,1.0,2.4582957635089513
92,1049,1.0,2.1232889199987053
92,1079,3.0,2.1043640234154735
92,1095,2.0,2.25671245442195
92,1142,4.0,3.967816752649676
92,1207,3.0,2.269594236486999
92,1209,1.0,2.274180860283955
92,1212,3.0,3.108338081581928
92,1213,2.0,2.0723837761903376
92,1215,2.0,1.9536611672107842
93,15,5.0,3.0840749443148407
93,125,1.0,2.8865239478325533
93,222,4.0,2.9983858360159923
93,235,4.0,2.3253146877010056
93,275,4.0,3.310701573957169
93,412,2.0,1.9040805905660805
93,476,4.0,2.6266358309484916
93,477,5.0,2.6992081385081983
93,815,4.0,2.7431732208549326
93,820,3.0,2.382905460971767
93,845,4.0,2.894053203201967
94,1,4.0,4.072051205335304
94,8,5.0,4.243930737492104
94,9,5.0,4.44482925996906
94,12,4.0,4.809811395245514
94,17,2.0,3.5756332497041554
94,23,5.0,4.757850459236982
94,24,4.0,3.6825904086064303
94,28,4.0,4.160667361051457
94,31,4.0,3.8936585148223406
94,33,3.0,3.725802398447387
94,34,1.0,2.87967701601012
94,38,2.0,2.8441222039603433
94,39,3.0,3.7454402579461963
94,45,5.0,4.806339872301769
94,50,5.0,4.656381237550489
94,52,5.0,4.477459209971665
94,55,4.0,4.041979117861913
94,58,5.0,4.176354730810306
94,61,5.0,4.5491241032147975
94,62,3.0,3.3141420065842637
94,63,3.0,3.0968368018178687
94,64,5.0,4.738510711195808
94,68,4.0,3.6892165063212983
94,70,4.0,4.068530356414411
94,76,4.0,3.777492853126369
94,79,4.0,4.1850091500917825
94,82,4.0,3.7078850896568425
94,88,3.0,3.5488230264296474
94,89,3.0,4.563474561508417
94,92,4.0,4.130015239017214
94,96,3.0,4.1012235479711565
94,99,3.0,4.0106216430215476
94,100,5.0,4.616225709885067
94,101,2.0,3.650519763560651
94,102,3.0,3.329103919828091
94,109,4.0,3.7453931255374275
94,118,3.0,3.027689801923361
94,133,4.0,4.299580324450272
94,135,4.0,4.5001796320645475
94,144,3.0,4.124952566645494
94,153,5.0,4.206729499809502
94,155,2.0,2.9308951807795585
94,156,5.0,4.4289098904535456
94,157,5.0,4.16272590272977
94,161,3.0,3.3781349080609187
94,168,5.0,4.550300298022954
94,170,5.0,4.772719674158264
94,174,4.0,4.474427261621098
94,175,4.0,4.425865559799601
94,180,5.0,4.699119261729841
94,184,2.0,3.7512535048987776
94,185,5.0,4.693425804161765
94,186,4.0,4.098207749848715
94,193,5.0,4.3429730492327305
94,202,2.0,4.0259833049178475
94,203,5.0,4.3051034687116925
94,206,4.0,3.9129761769527582
94,211,5.0,4.457138716125028
94,214,5.0,3.8479068526688125
94,216,3.0,4.200108845144558
94,217,4.0,3.4938396869221435
94,218,3.0,3.6384806511126726
94,222,3.0,3.7475075932369952
94,223,5.0,4.680943401225306
94,227,3.0,3.434963199732323
94,229,3.0,3.184868309364721
94,232,3.0,3.35583855539899
94,234,5.0,4.146286074617367
94,235,4.0,3.366746124208906
94,241,4.0,3.668776061422446
94,246,4.0,4.350895924438857
94,257,4.0,3.8385973768962987
94,258,5.0,4.030991153363968
94,265,4.0,4.012975364954928
94,273,4.0,3.8661574804526424
94,282,3.0,3.677750765219103
94,288,3.0,3.580599939474277
94,313,4.0,4.263191169871225
94,334,3.0,3.6652659098382716
94,343,4.0,3.3499556947114386
94,346,4.0,4.258776855615929
94,347,5.0,4.036810255921154
94,366,3.0,3.1994321408336592
94,380,3.0,3.4416596040742844
94,385,2.0,3.6176119464064924
94,390,5.0,3.5367473917336874
94,393,3.0,3.417746084523204
94,402,4.0,3.3649433013927714
94,405,3.0,3.401722091673766
94,410,4.0,3.5012211061288037
94,420,4.0,3.7453534333973946
94,421,4.0,3.856679028168368
94,425,5.0,4.41006832867381
94,428,5.0,4.521299942483841
94,431,4.0,3.656393876673105
94,443,4.0,4.328946742594038
94,447,4.0,3.7611803523956717
94,448,5.0,3.748110853390105
94,455,3.0,3.627663106859296
94,458,4.0,3.6840532708566336
94,467,4.0,4.335834875580836
94,470,4.0,3.9011823122933746
94,471,4.0,3.654746906378367
94,472,3.0,3.0675705070946835
94,483,5.0,4.870136600955438
94,496,3.0,4.315619762374679
94,537,4.0,4.41685430344859
94,541,3.0,2.8501514954765304
94,546,3.0,3.0876801229499855
94,550,1.0,3.424423981970074
94,556,3.0,3.400037594773135
94,561,3.0,3.3423380711434234
94,562,3.0,3.2892534811126555
94,566,2.0,3.623200658969685
94,572,3.0,2.930472197741432
94,576,2.0,3.1979458667005463
94,581,4.0,3.418115240546393
94,583,3.0,3.4412941504024177
94,588,4.0,3.945041847519176
94,603,4.0,4.860469532903013
94,616,4.0,4.143009641080218
94,624,2.0,3.2875497706120758
94,625,4.0,3.5197525330506787
94,644,5.0,4.651551422001387
94,646,5.0,4.721772317112462
94,650,5.0,4.253109681672355
94,651,5.0,4.446482487911598
94,652,4.0,4.515588710320332
94,655,4.0,4.231384867676109
94,657,5.0,4.810526376786768
94,674,3.0,3.627725027668833
94,684,4.0,3.9327637670829545
94,685,4.0,3.2744336892664023
94,693,4.0,4.196325599398499
94,696,4.0,3.262068250541482
94,700,2.0,3.407838615182822
94,715,4.0,4.027661609960669
94,720,1.0,3.0179897841631513
94,723,3.0,3.1786451843103345
94,727,5.0,3.887298030862189
94,731,3.0,2.9652093197151954
94,738,2.0,3.220857452481474
94,742,3.0,3.597790895662105
94,744,4.0,3.7351853342755956
94,765,3.0,2.881098719658968
94,768,3.0,3.0441976266025947
94,783,2.0,2.38510173095024
94,789,4.0,4.261990259701734
94,792,4.0,4.335668525489594
94,806,4.0,4.170794994473061
94,810,3.0,2.9500844302903566
94,820,1.0,2.803540233980204
94,824,4.0,2.9309518404040897
94,829,2.0,2.6316116227775685
94,860,2.0,3.0245423111224503
94,921,5.0,4.483051035593331
94,942,4.0,3.965277123969919
94,946,3.0,3.1904000144023517
94,949,5.0,3.5127350867380716
94,961,4.0,4.046568175944306
94,969,4.0,4.000919195765162
94,1004,3.0,3.6162178139084924
94,1028,2.0,2.952632641163034
94,1032,2.0,2.8541665082982854
94,1044,4.0,3.355301986805352
94,1048,4.0,3.4980356190160458
94,1074,2.0,3.0242554594089217
94,1089,2.0,2.275737598026576
94,1119,4.0,3.649344609167442
94,1147,4.0,3.858226751608447
94,1153,4.0,4.028454509090279
94,1199,3.0,3.32541306160834
94,1206,3.0,3.2384166925489692
94,1210,3.0,2.5351830834415794
94,1217,3.0,3.0044479864542133
94,1220,3.0,3.3834347527905506
94,1223,4.0,3.7025324629781986
94,1224,3.0,2.9848534139711034
94,1226,4.0,3.884035954623335
95,1,5.0,4.085341228874288
95,2,2.0,3.4458671177407014
95,3,1.0,3.2032754029072272
95,7,5.0,3.9524928901783336
95,14,5.0,3.919359342289537
95,15,4.0,3.7970824748131933
95,24,3.0,3.695730172540876
95,26,3.0,3.488237944137414
95,32,1.0,3.6232986191187004
95,33,3.0,3.3314401207561604
95,43,2.0,3.219789008207951
95,48,4.0,4.113655130077866
95,64,5.0,4.491001443265669
95,68,4.0,3.4881183495018955
95,69,5.0,4.155966676409548
95,79,4.0,4.1327207933088355
95,83,5.0,4.231496317074594
95,88,4.0,3.792521838208255
95,90,2.0,3.1628023737676845
95,96,4.0,4.100784882139296
95,101,1.0,3.655596203807141
95,111,4.0,3.636301033744033
95,117,4.0,3.7791738941851714
95,128,3.0,3.69533744296387
95,132,3.0,4.233223069706943
95,135,3.0,4.064095584307577
95,137,3.0,3.9295058578740156
95,142,4.0,3.1736654574388643
95,143,4.0,4.10982290466726
95,151,4.0,3.93622820496731
95,161,3.0,3.688873249271459
95,172,4.0,4.332102844826942
95,173,5.0,4.498461370751709
95,174,5.0,4.462544905512929
95,176,3.0,4.007615315136948
95,178,5.0,4.441009432703114
95,181,4.0,4.208966977435345
95,185,3.0,4.123818023834174
95,191,5.0,4.376955360674322
95,202,4.0,4.019845963996148
95,204,5.0,4.117172391862758
95,211,3.0,4.126912817665836
95,226,4.0,3.390079791126306
95,229,3.0,3.3246595246200976
95,232,4.0,3.347077381332369
95,233,4.0,3.2719221424629783
95,239,3.0,3.833155955065423
95,241,3.0,3.6663496168281746
95,265,3.0,4.0521235778687466
95,286,5.0,3.745551158361272
95,289,2.0,3.135250565312764
95,328,5.0,3.5380863118002264
95,357,4.0,4.361166059479492
95,366,4.0,3.2121327950916116
95,371,2.0,3.3351503596422214
95,378,4.0,3.912673368096346
95,385,4.0,3.8140038774117198
95,393,5.0,3.6114946847457006
95,395,3.0,2.6575096833035667
95,402,3.0,3.6524660867107297
95,403,1.0,3.6805544374939214
95,404,5.0,3.8268915554542997
95,416,4.0,3.6628940510372723
95,417,3.0,3.3009956270398275
95,422,2.0,2.8754756024921764
95,432,3.0,4.015899859039196
95,443,3.0,3.9131014547989187
95,445,4.0,3.597083540639147
95,471,5.0,3.676066953372295
95,474,4.0,4.3235151363562725
95,483,3.0,4.559158845151601
95,496,4.0,4.415593463775131
95,498,3.0,4.278130284810203
95,505,3.0,4.214585673016955
95,510,4.0,3.9955095280652846
95,514,2.0,4.000626678736327
95,518,4.0,3.7323205686536256
95,523,4.0,4.1240370527286725
95,527,4.0,4.148645673545625
95,546,2.0,3.3174079391637536
95,550,4.0,3.3614362629687804
95,554,3.0,2.8677170684991244
95,560,1.0,2.587025071319664
95,568,4.0,3.798484945208134
95,573,1.0,3.217495493108638
95,588,3.0,3.9925563992096795
95,591,5.0,3.5487071426537247
95,622,4.0,3.3689598487951296
95,625,4.0,3.5304085474940967
95,627,4.0,3.228873796086183
95,636,1.0,3.3848009339845593
95,651,5.0,4.189450302501437
95,655,4.0,4.013721715361528
95,657,5.0,4.291618706499252
95,660,5.0,3.966060120528895
95,674,2.0,3.194748918580895
95,675,2.0,3.4961357917503837
95,683,4.0,2.553403487842033
95,699,2.0,3.7864225683771977
95,712,2.0,3.3401284802192213
95,716,3.0,3.2196624531893456
95,720,2.0,3.2009274164714823
95,728,3.0,2.943187654753996
95,736,4.0,3.998301505053951
95,737,3.0,3.4549042785550483
95,742,4.0,3.734997225295875
95,747,5.0,3.5673097853582445
95,768,1.0,3.000128968891831
95,787,2.0,3.1519339130217423
95,791,3.0,2.6700729475967835
95,843,4.0,2.7344746695368687
95,862,1.0,2.197816882346173
95,878,1.0,2.8601192391638643
95,976,2.0,2.1129502132661244
95,1018,3.0,3.4475378018527016
95,1090,1.0,2.6053185341046854
95,1206,4.0,2.9369245486386317
95,1217,3.0,2.994990017251957
95,1219,1.0,2.890326265225439
95,1229,2.0,2.299673073575587
95,1230,1.0,2.4141189414074864
96,1,5.0,4.605753245957621
96,8,5.0,4.664667230135752
96,23,5.0,4.6964426808342115
96,50,5.0,4.966717625420898
96,64,5.0,4.987933576742172
96,79,4.0,4.739799054389426
96,87,4.0,4.674732207932446
96,91,5.0,4.3374657415687095
96,96,4.0,4.704018344048604
96,100,5.0,4.779576363744404
96,153,4.0,4.487160559870956
96,156,4.0,4.610134303361481
96,170,5.0,4.648043847341563
96,173,3.0,4.7988913858774325
96,176,4.0,4.657142938479565
96,198,5.0,4.708975126927569
96,435,3.0,4.511379848419721
96,474,4.0,4.855038181931359
96,478,2.0,4.651101097165871
96,479,4.0,4.837730739219468
96,483,5.0,4.988944443410423
96,484,5.0,4.723656396630535
96,519,4.0,4.6693289491666246
96,525,2.0,4.536592033492921
96,645,5.0,4.405538512162076
96,673,4.0,4.282027421534252
96,1154,5.0,4.243787476249785
96,1232,5.0,3.534521069021473
97,7,5.0,4.231668145187233
97,28,5.0,4.18946479227188
97,32,5.0,4.273612069411852
97,50,5.0,4.545367136387207
97,79,5.0,4.291856466217301
97,89,5.0,4.43829055579633
97,97,5.0,4.029457288920238
97,98,4.0,4.488416525407882
97,115,5.0,4.081454315490021
97,168,4.0,4.33155403921843
97,174,4.0,4.508790883584407
97,192,1.0,4.363607478313427
97,194,3.0,4.2671141167324995
97,202,5.0,4.140909426453692
97,222,5.0,3.927540515750007
97,228,5.0,4.14630110408854
97,357,5.0,4.521178363924165
97,428,4.0,4.222775035691455
97,429,4.0,4.299301537771326
97,430,5.0,4.383820267808386
97,432,4.0,4.146952779377517
97,435,4.0,4.176176720394604
97,466,3.0,3.9713717288584456
97,482,5.0,4.249581437681292
97,484,3.0,4.359362746850186
97,655,5.0,4.186669403311602
97,661,5.0,4.387885419372049
97,670,5.0,3.616016234298039
98,47,4.0,4.107251323744588
98,70,3.0,4.213085772970433
98,116,5.0,4.267892268146008
98,163,3.0,3.764433852141596
98,173,1.0,4.3602949432598805
98,209,2.0,4.400120530840179
98,321,3.0,3.6408130737447197
98,517,5.0,4.188447474487722
98,655,3.0,4.2639117078849536
98,745,3.0,4.443669048872873
98,938,3.0,3.2415416262041727
99,3,3.0,3.5794019445349585
99,4,5.0,4.096164305674238
99,7,4.0,4.289232463627357
99,11,5.0,4.347544680252282
99,12,5.0,4.797496139827466
99,50,5.0,4.715061442431175
99,56,5.0,4.477599612662043
99,66,3.0,4.004862423300238
99,69,4.0,4.323109540005644
99,79,4.0,4.495808427066931
99,100,5.0,4.399129118854084
99,107,3.0,3.7276063731075366
99,111,1.0,3.872930860348824
99,118,2.0,3.731242084403343
99,123,3.0,3.655503421051674
99,124,2.0,4.254470916348517
99,168,5.0,4.400226676457713
99,181,5.0,4.434358374712551
99,182,4.0,4.415826747146581
99,196,4.0,4.300943111190397
99,203,4.0,4.260793361265028
99,204,4.0,4.297915366486491
99,232,4.0,3.9152158286121463
99,237,5.0,4.076383287701042
99,245,3.0,3.449315634373801
99,246,3.0,4.248945725308589
99,255,3.0,3.709823447809446
99,258,5.0,4.1177484018326265
99,265,3.0,4.38129147808712
99,268,3.0,4.155815177844582
99,273,5.0,4.102517841313859
99,274,1.0,3.869852111190518
99,288,4.0,3.850738936927446
99,312,2.0,3.2609161327634935
99,322,3.0,3.457402526138614
99,328,4.0,3.6911655443654134
99,331,3.0,3.697713319887161
99,338,4.0,3.1381615358267245
99,346,4.0,3.9063751321090057
99,354,2.0,3.8685386010396137
99,363,4.0,3.405681351550575
99,369,4.0,3.1588600403894307
99,402,4.0,3.929352843470876
99,403,4.0,4.100131025593268
99,406,3.0,3.0084673787355856
99,409,2.0,3.4370257346054665
99,410,5.0,3.7104502247992373
99,413,3.0,3.242693588826629
99,421,3.0,4.058190550036733
99,472,3.0,3.5383989202440036
99,508,4.0,3.978739289751432
99,546,4.0,3.588652011415442
99,597,4.0,3.6360970652672355
99,628,4.0,3.7950269326763113
99,676,4.0,3.5982658410294555
99,682,2.0,3.214163779384946
99,685,3.0,3.733399415997556
99,694,1.0,4.023092429772243
99,741,3.0,3.684979537748135
99,742,5.0,4.066906412329068
99,748,4.0,3.502409525446669
99,762,2.0,4.02642228432368
99,827,3.0,3.3635528921982707
99,871,2.0,2.814473835349149
99,873,1.0,3.2577163751125657
99,895,3.0,3.5003125575553033
99,926,3.0,3.354513142843948
99,963,3.0,4.539591800767452
99,978,3.0,2.865903586154776
99,1016,5.0,3.9370801554491215
99,1052,1.0,2.909420145783592
99,1067,4.0,3.9057135753996604
99,1119,4.0,4.0478720815334075
100,266,2.0,2.3121709150465257
100,268,3.0,3.22133132447208
100,288,2.0,2.934330523009444
100,289,3.0,2.7625018513080875
100,292,2.0,3.088012909181015
100,302,4.0,3.699076274746897
100,313,5.0,3.873954929226476
100,316,5.0,3.801197100940513
100,321,1.0,2.791899150217017
100,323,3.0,2.816953482525864
100,333,3.0,3.243401218970635
100,340,3.0,3.12089674081561
100,342,3.0,2.5621994935133126
100,344,4.0,3.3081574999643415
100,348,3.0,2.718933593389357
100,354,2.0,3.083128034777432
100,355,4.0,2.575253181530602
100,689,3.0,2.8251999601910045
100,691,4.0,3.050641440593707
100,750,4.0,3.6470361389041273
100,752,4.0,3.067631417389786
100,905,3.0,3.129820856921204
100,990,3.0,2.8336514796441534
100,1236,3.0,3.539195652952405
100,1238,2.0,2.5961593179160123
101,24,4.0,3.0411782337374076
101,50,4.0,3.9038915812997645
101,109,2.0,3.154124453884763
101,118,3.0,3.0157055149831313
101,121,4.0,3.2228197802718905
101,122,1.0,2.111647082395698
101,123,2.0,2.8348257542534987
101,222,3.0,3.351502311465314
101,237,5.0,3.343190078669801
101,252,3.0,2.637301629456468
101,281,2.0,2.992767136999445
101,282,3.0,3.3869988198935794
101,284,4.0,2.9043468395395364
101,304,3.0,3.151062652165175
101,369,2.0,2.3766087626418786
101,405,4.0,3.0561351918685045
101,471,3.0,3.2303949120437627
101,596,3.0,2.981554694323556
101,756,3.0,2.601875974647645
101,815,3.0,2.9720382624348862
101,829,3.0,2.423357852762119
101,840,3.0,2.646824736606753
101,928,2.0,2.667812619876485
101,975,2.0,2.8343630232104386
101,1034,2.0,2.196397825264765
101,1047,2.0,2.5420719585271794
101,1051,2.0,2.786522119393154
101,1057,2.0,1.8914349623279145
101,1093,1.0,2.774937318605047
102,5,3.0,2.1020465058739086
102,47,2.0,2.645782492255609
102,50,4.0,3.2242396510897118
102,62,3.0,2.1262583587247055
102,66,3.0,2.404892952838252
102,67,1.0,1.9486823484604578
102,70,3.0,2.5955169899223645
102,79,2.0,2.9074897229451864
102,83,3.0,3.036533497438553
102,89,4.0,3.0180350975471897
102,94,2.0,2.0737522681598235
102,96,3.0,2.8900862610888622
102,98,4.0,3.112526275572154
102,99,2.0,2.6481666531527788
102,101,4.0,2.4658897346291404
102,102,3.0,2.0787454239666725
102,118,3.0,2.2008141963223067
102,121,3.0,2.390102673560322
102,144,3.0,2.755189261999872
102,161,2.0,2.38262679985572
102,163,2.0,2.5242841890960817
102,164,3.0,2.5192248220980664
102,167,2.0,2.0525092341165325
102,173,3.0,3.126413014364807
102,176,3.0,2.8651368349858144
102,181,2.0,2.95755971023672
102,183,4.0,2.895932251073225
102,184,2.0,2.2438001056373875
102,186,4.0,2.769883555221716
102,195,4.0,2.8493850601141992
102,202,4.0,2.725762317049189
102,208,4.0,2.8567532863534257
102,217,2.0,2.149500761627199
102,222,3.0,2.664490858965728
102,233,3.0,2.0953876700156413
102,239,3.0,2.5518529263942504
102,248,3.0,2.570589456328202
102,264,2.0,1.7627388254292147
102,271,2.0,2.1725416025878705
102,286,3.0,2.4998893413228442
102,298,3.0,2.5427388320273874
102,300,3.0,2.516682615746974
102,302,3.0,2.958826604246605
102,307,4.0,2.3424037868651038
102,313,3.0,3.0827665253
102,322,3.0,2.0307700720097963
102,326,3.0,2.226936628186829
102,350,3.0,1.897673175012186
102,358,3.0,1.5954643869179397
102,363,2.0,1.7380451674417743
102,385,3.0,2.5384878741378074
102,391,2.0,1.5811023158661026
102,393,3.0,2.3543813964511937
102,399,2.0,2.1915104723635985
102,403,3.0,2.383200590274722
102,405,2.0,2.243488457899973
102,418,3.0,2.476371231649224
102,432,3.0,2.7606612582136174
102,443,3.0,2.7079060914969046
102,444,1.0,2.0067986227361865
102,445,2.0,2.641584683207615
102,448,3.0,2.414656408511779
102,502,3.0,2.5935392539808912
102,510,4.0,2.7556100523826546
102,515,1.0,3.0327160144252265
102,524,3.0,3.0358027432875048
102,530,3.0,2.9512006216556173
102,554,2.0,1.8307523769252394
102,559,3.0,2.1476509547506613
102,565,2.0,1.8575175552486853
102,568,2.0,2.491874865751174
102,576,2.0,1.9052811484751486
102,577,3.0,1.443878170447889
102,578,2.0,2.0732226737624635
102,588,4.0,2.6882512791355064
102,597,3.0,2.06730908808054
102,625,3.0,2.2160325847973583
102,629,3.0,2.3105609624817958
102,635,2.0,1.8254115054549
102,636,3.0,2.3420255745867538
102,663,3.0,2.7731163461765487
102,675,3.0,2.601981693646331
102,685,3.0,2.163575128573504
102,686,3.0,2.4736984699107674
102,689,3.0,1.825614893710636
102,720,2.0,1.9176672926641054
102,732,3.0,2.588760638695507
102,734,2.0,1.5344970886057299
102,746,2.0,2.5782444364889674
102,748,3.0,2.1989070356009686
102,768,2.0,1.9859597668716065
102,797,2.0,1.876196202449095
102,809,3.0,1.8854877091518902
102,810,2.0,1.8369768092789853
102,823,3.0,1.7791072881595191
102,827,2.0,1.713543057304189
102,831,2.0,1.4342476682275707
102,840,2.0,1.7027175316301233
102,866,2.0,2.140478132825267
102,930,2.0,1.6971274621398509
102,986,1.0,1.5714264931772473
102,1025,2.0,1.7146474591772394
102,1030,1.0,1.3091131810199852
102,1239,2.0,1.543079063559393
103,24,4.0,3.3168063225070545
103,50,5.0,4.0899032288897965
103,69,3.0,3.6727490754991168
103,96,4.0,3.8272591284398243
103,117,4.0,3.5210497228416795
103,121,3.0,3.231352289718589
103,126,5.0,3.7194273401296836
103,127,4.0,4.05532066553227
103,144,4.0,3.7217586112758205
103,222,3.0,3.4960420233186866
103,234,3.0,3.5443134932738536
103,300,3.0,3.485986310661827
103,471,4.0,3.4434273958808252
103,527,5.0,3.791211981613982
104,7,3.0,3.0060960231647393
104,25,3.0,2.702726198560048
104,100,4.0,3.256991371944029
104,117,2.0,2.8366591417761136
104,122,3.0,1.7935748078565505
104,147,3.0,2.6198197396321152
104,150,5.0,2.982954577332902
104,235,2.0,2.1370111438764936
104,245,2.0,2.4519736156727356
104,248,2.0,2.8967970085036696
104,249,3.0,2.3973050267406055
104,269,5.0,3.070163969011161
104,282,3.0,2.874789333346424
104,283,4.0,2.880905734843909
104,285,4.0,3.391956994439859
104,287,2.0,2.821431740399901
104,288,2.0,2.6351665359233136
104,293,3.0,3.022843721547277
104,299,3.0,2.053293510834669
104,300,3.0,2.76506897468617
104,301,2.0,2.5044881772402303
104,312,3.0,2.3544618341760133
104,324,1.0,2.3627430071414235
104,325,1.0,1.9086996179625169
104,327,2.0,2.5558424054695354
104,331,3.0,2.6231720186439396
104,342,3.0,2.1979429040671565
104,346,3.0,2.834489857036295
104,347,2.0,2.9000246739941504
104,354,3.0,2.6682961213148664
104,411,1.0,2.222486254774247
104,412,3.0,1.8629514427700071
104,475,4.0,3.0293665158886576
104,544,3.0,2.4949658396846006
104,546,1.0,2.2871121165369033
104,713,3.0,2.787076111933893
104,744,1.0,2.7186877201696835
104,751,4.0,2.7208247125371847
104,756,2.0,2.1217840977545377
104,823,1.0,2.097391859600954
104,827,2.0,1.883174058616068
104,984,1.0,2.1769034062448056
104,1010,1.0,2.6925306631743533
104,1011,3.0,2.4943994285244973
104,1016,1.0,2.5432998492199363
104,1017,1.0,2.3802395407208046
104,1226,3.0,2.6647143297343137
104,1241,1.0,2.337993547380507
105,258,5.0,3.5333426156352634
105,268,4.0,3.603489686845979
105,272,4.0,4.012809927351567
105,286,4.0,3.4814793431986373
105,307,2.0,3.265734786054257
105,333,3.0,3.347575662918338
105,752,3.0,3.1410881900829932
106,1,4.0,3.9467805384194143
106,8,4.0,4.091377930821729
106,15,3.0,3.8298612481263916
106,22,4.0,4.138430279036809
106,45,3.0,4.1800989057647
106,48,3.0,4.250426724452784
106,64,4.0,4.459950983983053
106,69,4.0,3.958523247852831
106,77,4.0,3.5231884294377123
106,86,3.0,4.037427111828451
106,88,3.0,3.6205089827868933
106,97,5.0,3.8776400775035533
106,107,4.0,3.684198355153642
106,165,5.0,4.139242080215356
106,194,5.0,4.1424062670439925
106,196,5.0,3.997300494891163
106,213,4.0,4.081627381498847
106,223,4.0,4.215425027430682
106,273,3.0,3.6669121459354543
106,285,4.0,4.260190168348258
106,286,4.0,3.8557093702375282
106,313,4.0,4.193317818960015
106,435,3.0,3.969058213478935
106,526,4.0,3.946802610448438
106,582,4.0,3.8531217670194975
106,584,4.0,3.69194699599038
106,660,4.0,3.8669225792357036
106,684,4.0,3.871698154112145
106,692,3.0,3.7402051885748784
106,699,4.0,3.7451017732605245
106,703,4.0,3.609890151188445
106,778,4.0,3.6515595476848857
106,828,2.0,3.0731018763356714
106,923,4.0,4.2475449283673665
106,956,3.0,3.8872244041013686
106,1115,4.0,3.6809967208946475
107,258,4.0,2.6992724894981426
107,269,5.0,3.0131291569704874
107,271,2.0,2.4897889878735784
107,300,1.0,2.483167118081413
107,302,4.0,3.267770573196466
107,305,4.0,3.0093139291088855
107,321,2.0,2.4570729238236333
107,333,3.0,2.570006684734263
107,340,5.0,2.839227376905024
108,10,5.0,3.8835789986032183
108,13,3.0,3.645046152442316
108,14,5.0,3.8506752210956523
108,21,3.0,2.9027265260478874
108,50,4.0,4.119127407891558
108,100,4.0,4.057603135554432
108,121,3.0,3.1767051839280516
108,125,3.0,3.370597561503255
108,137,5.0,3.986325183225829
108,181,3.0,3.7945152729014517
108,237,3.0,3.5203880119316233
108,275,5.0,3.7795781190129945
108,282,3.0,3.4716593743278668
108,290,4.0,3.095548074999555
108,471,2.0,3.4761106550477674
108,515,5.0,4.111136128959265
109,1,4.0,4.336762009568442
109,4,2.0,3.835915313031353
109,5,3.0,3.7895322801391953
109,7,4.0,4.034033221361531
109,8,3.0,4.260328943983663
109,9,3.0,3.832962034022267
109,31,4.0,4.081015038670043
109,42,1.0,3.8566098997824882
109,58,4.0,3.827798353022974
109,62,3.0,3.794401231134892
109,68,3.0,3.9041509656669726
109,69,4.0,4.238032252635584
109,89,4.0,4.277027052807231
109,90,3.0,3.4535692306568198
109,91,4.0,3.720787394630076
109,94,4.0,3.656834046359567
109,96,5.0,4.457761814952579
109,97,3.0,4.107263454836313
109,100,4.0,4.278292321880762
109,101,1.0,3.9228270000930374
109,117,5.0,4.080184845786873
109,121,5.0,3.9405103529820393
109,127,2.0,4.362424991332656
109,131,1.0,3.8753620768141164
109,147,4.0,3.775504191633676
109,154,2.0,3.853883220148888
109,157,4.0,3.917685750087707
109,158,1.0,3.016472154207264
109,159,4.0,3.810509794265037
109,162,2.0,3.636386287467819
109,172,5.0,4.600970117668423
109,176,5.0,4.369463153025353
109,178,3.0,4.310429003692476
109,183,5.0,4.357813910063177
109,195,5.0,4.351103473737452
109,196,4.0,4.129361397208178
109,200,2.0,4.038932388131045
109,204,4.0,4.255107158092218
109,214,1.0,3.6415665903094685
109,215,3.0,4.084960614326009
109,218,4.0,3.720772590893669
109,223,4.0,4.209223589324322
109,230,5.0,4.075314578362378
109,237,4.0,4.012074672078346
109,245,3.0,3.393133860419449
109,248,2.0,3.8308400113416146
109,252,5.0,3.3525708692712564
109,258,5.0,4.219869648847939
109,278,3.0,3.454679372369364
109,281,2.0,3.5704970210042166
109,291,3.0,3.6164084386159434
109,294,4.0,3.6759325764825266
109,295,4.0,3.5985005325391435
109,318,4.0,4.578152864058913
109,322,2.0,3.3586001103606185
109,356,4.0,3.7480289100818784
109,357,2.0,4.316159967232494
109,380,5.0,3.9277433744038555
109,388,5.0,2.7540666958960998
109,392,3.0,3.942784147650181
109,393,4.0,3.9168979396302355
109,402,4.0,3.9453479596212144
109,409,2.0,3.435690006896385
109,423,4.0,4.153499613425222
109,441,2.0,3.191696306857269
109,472,2.0,3.527830512538052
109,475,1.0,3.7988623936728922
109,520,5.0,4.348526059952442
109,546,3.0,3.5198098218137237
109,550,5.0,3.8592791786869127
109,552,2.0,3.1597576690607343
109,559,3.0,3.611489224447265
109,566,4.0,3.9617204074926975
109,588,4.0,4.159244213533597
109,627,5.0,3.6589670134178722
109,631,3.0,3.4665271853701465
109,665,5.0,3.2765402091482545
109,672,2.0,3.145810105416937
109,742,5.0,4.049266902248361
109,762,3.0,3.681653240926298
109,796,3.0,3.605098571890616
109,797,3.0,3.420294486455468
109,820,3.0,3.3269916247654168
109,823,3.0,3.119643705316974
109,845,4.0,3.714249006681384
109,849,2.0,3.2371403598840462
109,866,4.0,3.557503198632588
109,930,3.0,3.1952916798030127
109,931,2.0,2.6268471985292576
109,949,3.0,3.8016675989152984
109,975,3.0,3.286873813029398
109,1011,3.0,3.41984677782243
109,1012,4.0,3.7034415385054373
109,1013,3.0,2.596431539696459
109,1014,4.0,3.2833674131797816
109,1023,2.0,2.9597569208910444
109,1028,4.0,3.3752430363599863
109,1039,2.0,4.401254105470502
109,1157,4.0,3.196061260627292
109,1244,3.0,3.109894023648923
110,11,4.0,3.2912272571954864
110,22,4.0,3.7233374324618516
110,28,4.0,3.572378322291274
110,38,3.0,2.897701196720438
110,68,2.0,3.0634132380411083
110,77,4.0,3.2391858422211017
110,79,4.0,3.684160926370952
110,82,4.0,3.4427287896304897
110,188,4.0,3.1518701268922715
110,195,2.0,3.470276864193117
110,202,2.0,3.3965295675161835
110,204,3.0,3.495037502792733
110,212,1.0,3.050304361544372
110,232,3.0,2.9363243467602533
110,233,4.0,2.9466112884317424
110,245,3.0,3.0429722191949886
110,300,3.0,3.4853835353704192
110,301,2.0,2.996186866175207
110,307,4.0,3.281621962139382
110,327,3.0,3.0976317481325504
110,332,3.0,3.234087561481886
110,367,3.0,3.1381270924550986
110,384,2.0,2.296146696286011
110,423,4.0,3.4648095427966217
110,540,3.0,2.415481087690042
110,550,3.0,3.036979463669331
110,568,3.0,3.3200812499234065
110,575,3.0,2.1964126022001285
110,578,3.0,2.762574206592177
110,658,3.0,3.269652889845249
110,682,4.0,2.772729970136424
110,688,1.0,2.096363234395103
110,715,2.0,2.792214389778807
110,732,3.0,3.4879091091339327
110,734,2.0,2.3123199034081905
110,748,3.0,3.0495896342745246
110,751,3.0,3.1906240867651956
110,759,3.0,2.0696265382854246
110,779,3.0,2.42395174859061
110,783,3.0,2.6904218048959034
110,790,4.0,2.4906138001026195
110,791,2.0,2.549730990497834
110,794,3.0,3.3754714956705425
110,806,3.0,3.0312956040420427
110,944,3.0,2.748167016565064
110,1179,2.0,2.2744934255499256
110,1188,4.0,2.3069386315559486
110,1206,3.0,2.7547689984801536
110,1246,2.0,2.0378830506967827
110,1248,3.0,2.866382622257688
110,1250,3.0,1.9205922017722505
111,242,4.0,3.8470647523787855
111,269,5.0,3.848765712342068
111,272,3.0,4.153299028699427
111,301,4.0,3.2328141282762246
111,313,4.0,4.232070760379931
111,326,3.0,3.368774549509472
111,328,4.0,3.355386382666912
111,333,4.0,3.5978459184564593
111,340,4.0,3.3373180302228564
111,887,3.0,3.5324259075614948
111,896,2.0,3.466770332762697
111,1024,3.0,3.3754150795756863
112,286,4.0,4.179615812483613
112,289,5.0,3.6076622788329464
112,300,4.0,4.180452193470617
112,302,4.0,4.695328998966084
112,303,4.0,4.2765312190698355
112,306,5.0,4.463855469671069
112,307,4.0,4.086026278475586
112,312,5.0,3.8207637941143284
112,316,5.0,4.714209156137605
112,322,4.0,3.7199572275516934
112,325,1.0,3.37533133201651
112,327,1.0,3.9938360176848584
112,331,4.0,4.051366246829374
112,347,1.0,4.188846610191356
112,354,3.0,4.047066695600899
112,678,3.0,3.423571837973937
112,689,4.0,3.743963909190398
112,748,3.0,3.6520702711274318
112,750,4.0,4.504819021117348
112,754,4.0,3.8334003212450503
112,903,1.0,4.204791474534229
112,984,3.0,3.5694920213854107
113,100,4.0,4.281999463209232
113,126,5.0,4.103559529861936
113,242,2.0,4.216918151197257
113,246,5.0,4.303675777749067
113,262,2.0,4.13220320976827
113,277,3.0,3.8090472536579645
113,286,4.0,3.9166925940210136
113,294,4.0,3.6897563673047036
113,319,2.0,3.731590654710214
113,321,3.0,3.5613754803821394
113,322,3.0,3.588702399809266
113,324,2.0,3.64994436856145
113,326,5.0,3.798182070304361
113,327,5.0,3.8828213918521883
113,329,3.0,3.6763904704738084
113,508,4.0,3.8892458613247425
113,595,5.0,3.5286138024718876
113,678,2.0,3.4700973181224497
113,976,5.0,3.2469466625926673
113,1252,4.0,3.908604580874388
114,96,3.0,3.863007418569698
114,100,5.0,3.894536767277016
114,157,2.0,3.596866591707637
114,175,5.0,3.626681921624438
114,179,5.0,3.764862563413059
114,182,3.0,3.768213617166801
114,183,5.0,3.9192986219893124
114,186,3.0,3.685763674250027
114,191,3.0,3.9526291822952846
114,195,4.0,3.8094961212928893
114,204,3.0,3.6741048518523085
114,210,3.0,3.766491557141845
114,269,4.0,3.6901463283480846
114,482,4.0,3.775118198848875
114,496,4.0,3.8589156271609775
114,505,3.0,3.8163517727694374
114,507,3.0,3.6498332815173185
114,520,3.0,3.9567601861429087
114,640,2.0,2.9558450656334747
114,654,3.0,3.8669915310103975
114,1104,5.0,3.2196653092376857
115,8,5.0,4.489084930580633
115,9,5.0,4.6034801242986845
115,11,4.0,4.385433203671173
115,12,5.0,4.913138890154794
115,20,3.0,4.322036325902743
115,22,3.0,4.460695514173211
115,32,5.0,4.655217504669767
115,50,5.0,4.736833435405944
115,69,1.0,4.222859224209736
115,77,2.0,3.800887050119467
115,82,4.0,4.008712604057378
115,89,5.0,4.7636858424109
115,92,4.0,4.4021491597693965
115,93,3.0,4.608864576927475
115,127,5.0,4.923625254133313
115,172,4.0,4.6622118029374064
115,178,5.0,4.867142577185337
115,181,4.0,4.362143819466976
115,187,5.0,4.80126536540843
115,228,4.0,4.248637586185277
115,234,5.0,4.341817945459193
115,265,2.0,4.288542745185596
115,269,3.0,4.572066514832915
115,310,3.0,4.119365965311049
115,431,4.0,4.041439573360664
115,443,4.0,4.549470969731175
115,462,4.0,4.511969881960581
115,466,5.0,4.26495325479052
115,470,2.0,4.027661499019202
115,471,2.0,4.04370132721942
115,475,5.0,4.536096266760486
115,496,1.0,4.513582330718849
115,511,5.0,4.767518165617678
115,530,5.0,4.577741310910451
115,543,2.0,4.558014371562477
115,642,5.0,4.320114528438639
115,762,4.0,3.982227616905127
115,763,2.0,3.9263528245306323
115,952,5.0,4.0419085775938175
115,969,1.0,4.03603230227844
115,1008,5.0,4.202756063557271
115,1067,4.0,4.189923440242947
115,1073,5.0,4.663112645176114
116,7,2.0,3.5117598251246918
116,65,2.0,3.294656375291614
116,137,2.0,3.498571135993169
116,180,5.0,3.7346554306812276
116,185,3.0,3.7177511734570965
116,187,5.0,3.898910687399723
116,195,4.0,3.5461892858745183
116,199,4.0,3.835788464740407
116,248,3.0,3.248910212330339
116,250,4.0,2.9682803080475564
116,255,3.0,2.821267554355168
116,257,3.0,3.271924940041562
116,259,4.0,2.2535572668744415
116,260,2.0,2.0960065910294623
116,262,3.0,3.2035356210873633
116,264,3.0,2.180005461708997
116,271,4.0,2.59146712950281
116,286,3.0,3.0297082313755825
116,294,2.0,2.6397931195038233
116,299,3.0,2.279124478599791
116,301,3.0,2.718596309421553
116,313,5.0,3.583971222339002
116,322,2.0,2.552645169079284
116,331,3.0,2.8015439255495647
116,332,3.0,2.788979244611226
116,344,5.0,2.9834876106843122
116,347,2.0,2.9980172145473043
116,350,3.0,2.5213895388963965
116,421,3.0,3.2654306937512936
116,484,4.0,3.7635106389334703
116,531,2.0,3.4742781727079013
116,582,3.0,3.247032341507965
116,604,3.0,3.575204758506867
116,661,4.0,3.7371368418739803
116,730,4.0,3.2988127962159535
116,750,4.0,3.2263019219961517
116,751,3.0,2.8755207897311523
116,758,1.0,1.8997165907163254
116,760,3.0,2.3277762934692037
116,806,4.0,3.2270921192334843
116,840,1.0,2.3795916898693132
116,880,3.0,2.64047043381516
116,887,3.0,3.048314052310331
116,895,2.0,2.5737075648866536
116,903,2.0,2.934445772930127
116,905,2.0,2.8551228862306446
116,914,2.0,2.4226644298362356
116,942,3.0,3.176402597549254
116,993,2.0,3.195954128970678
116,1016,2.0,2.8341993954675835
116,1082,3.0,2.234153830495198
116,1089,2.0,1.571705531009186
116,1216,3.0,2.8319218228567618
116,1253,2.0,2.7236635478040965
116,1257,1.0,2.290445946324009
117,1,4.0,4.307193794735953
117,12,5.0,4.781153210771833
117,15,5.0,4.1718985362640675
117,25,4.0,3.9152701895787407
117,50,5.0,4.742558055381842
117,56,5.0,4.495840829208056
117,98,4.0,4.702189535512797
117,109,4.0,3.974575003077878
117,117,5.0,4.159822862807195
117,121,4.0,3.9125221525381324
117,143,1.0,4.256111370108229
117,150,4.0,4.17566230240598
117,151,4.0,4.15015971756708
117,168,5.0,4.494801535956309
117,174,4.0,4.741117272911531
117,176,5.0,4.466737260460199
117,181,5.0,4.480810096650988
117,195,5.0,4.429528576422454
117,214,5.0,3.931865566600444
117,222,5.0,4.1157312648280024
117,240,3.0,3.4400115145145946
117,257,5.0,4.1847160557051115
117,258,4.0,4.223025608814266
117,268,5.0,4.265653294517922
117,288,3.0,3.914593027420395
117,298,5.0,4.133392730415874
117,307,5.0,3.926132062993373
117,313,5.0,4.583946375820478
117,338,3.0,3.19433957775882
117,358,4.0,3.28251155117057
117,368,3.0,2.693180406395804
117,405,5.0,3.788102947345486
117,411,3.0,3.517206346673629
117,421,5.0,4.04415376118965
117,588,3.0,4.235445090662513
117,597,4.0,3.6010836621423326
117,628,5.0,3.936792396080862
117,742,4.0,4.084422739765405
117,751,5.0,3.905834846745224
117,758,2.0,2.6073211928088984
117,772,4.0,3.8797443643925433
117,829,3.0,3.1279658770368255
117,886,5.0,3.683218089057063
117,928,3.0,3.64779563245149
117,1012,4.0,4.025895324161251
117,1014,3.0,3.5524300260065966
117,1016,5.0,3.8952998201642286
117,1047,2.0,3.2597116782061235
117,1057,2.0,2.9884629160744884
117,1095,3.0,3.2954811572097973
118,17,3.0,4.715384339072414
118,22,5.0,5.0
118,23,5.0,5.0
118,32,5.0,5.0
118,134,5.0,5.0
118,156,5.0,5.0
118,164,5.0,4.852792553758788
118,174,5.0,5.0
118,176,5.0,5.0
118,184,5.0,4.967101225841378
118,185,5.0,5.0
118,193,5.0,5.0
118,200,5.0,5.0
118,217,3.0,4.734082426802912
118,218,5.0,4.8424148042429405
118,324,4.0,4.975485012933647
118,421,4.0,5.0
118,433,5.0,5.0
118,436,5.0,5.0
118,474,5.0,5.0
118,475,5.0,5.0
118,511,5.0,5.0
118,528,4.0,5.0
118,547,5.0,4.98688749639075
118,654,5.0,5.0
118,655,5.0,5.0
118,774,5.0,4.73073248976252
118,816,3.0,3.92274458532754
118,853,5.0,5.0
119,12,3.0,4.889195761128725
119,24,4.0,4.028760945013478
119,40,4.0,3.592137780249038
119,54,4.0,4.047590359916608
119,83,4.0,4.63742361963576
119,86,4.0,4.471860998858054
119,87,5.0,4.591151995446524
119,100,5.0,4.666423609600834
119,105,2.0,2.9716897287970188
119,109,5.0,4.0504827710439555
119,111,5.0,4.020693049278786
119,117,5.0,4.240576321532103
119,144,4.0,4.4603284030051356
119,147,4.0,3.958307660556221
119,154,5.0,4.337400185602473
119,174,4.0,4.76590857998336
119,182,4.0,4.539884677236599
119,188,4.0,4.398583077680408
119,193,4.0,4.60564538040526
119,199,5.0,4.844195189637164
119,209,4.0,4.517839219750657
119,213,5.0,4.597548533067936
119,222,5.0,4.23374601767365
119,235,5.0,3.5467493845965445
119,237,5.0,4.149942801155865
119,245,4.0,3.8322031216459798
119,250,2.0,3.9412749950813524
119,254,2.0,3.16629086658562
119,268,5.0,4.1722985237872905
119,269,3.0,4.409160736902429
119,272,5.0,4.740590594764585
119,274,4.0,4.052983072372228
119,275,5.0,4.476170457010737
119,282,5.0,4.217283877746836
119,310,5.0,4.1035795094394025
119,313,5.0,4.712762718802077
119,322,4.0,3.774520574306664
119,328,4.0,4.061937999324735
119,338,1.0,3.2128947348233012
119,382,5.0,4.220762011594913
119,385,5.0,4.29259876409723
119,392,4.0,4.2533156016082465
119,407,3.0,3.1344430210212333
119,451,5.0,3.9986855447476177
119,455,4.0,3.713289047941294
119,472,4.0,3.778332289972268
119,486,4.0,4.472735196417183
119,511,5.0,4.812840522506465
119,526,2.0,4.570110645658968
119,544,2.0,3.7986737270400877
119,546,4.0,3.6574765333159687
119,550,4.0,4.068163372984052
119,562,4.0,3.910865988433386
119,568,4.0,4.277166579515082
119,595,3.0,3.521181206999773
119,616,2.0,4.202968881354123
119,628,4.0,4.01311799087505
119,658,5.0,4.105443845520433
119,684,4.0,4.349760923579625
119,697,5.0,4.249542203804628
119,716,5.0,3.855887067371695
119,717,3.0,3.405116082821837
119,718,5.0,4.434868053430476
119,741,4.0,3.8129647518398055
119,742,5.0,4.210612051607532
119,829,5.0,3.309761712559913
119,845,4.0,3.9068045616091336
119,866,3.0,3.7865121227456977
119,930,3.0,3.286960150247826
119,977,3.0,3.564494880154918
119,982,4.0,3.15974216609264
119,995,4.0,3.9762574455893045
119,1086,4.0,3.9426449860653183
119,1101,5.0,4.465037969438196
119,1153,5.0,4.2643981605127745
119,1160,5.0,4.183277378765844
119,1170,3.0,3.8759575743463826
119,1197,4.0,4.022126971909401
119,1202,4.0,4.280712328168085
119,1259,3.0,3.4440321101706886
119,1261,4.0,4.2003349631002616
119,1262,3.0,4.057112534210374
119,1263,3.0,3.6476292110044253
120,9,4.0,3.801183535615
120,25,5.0,3.427173410191199
120,125,4.0,3.503611216960892
120,148,3.0,3.3215813275502817
120,245,3.0,3.260824444104889
120,252,3.0,2.962122081460774
120,257,2.0,3.6953804136856823
120,282,4.0,3.5792043538496725
120,286,5.0,3.7407190409376487
120,405,4.0,3.276497811193399
120,546,2.0,3.0366306804113856
120,924,4.0,3.360798181893128
121,9,5.0,3.8815206226292513
121,14,5.0,4.092380051893948
121,57,5.0,4.057778712337466
121,86,5.0,4.049991088546019
121,98,5.0,4.335324841767942
121,117,1.0,3.646911893991649
121,121,2.0,3.4093791236576894
121,122,2.0,2.706050498431361
121,125,2.0,3.5306672891417104
121,126,3.0,3.785869771595097
121,137,5.0,4.162142518252946
121,174,3.0,4.344704069451519
121,180,3.0,4.200784575906438
121,181,5.0,4.0984698052195885
121,192,4.0,4.186298072414413
121,235,1.0,2.9931810711993534
121,249,1.0,3.455593202204642
121,275,4.0,4.106260159361132
121,291,3.0,3.345531381448867
121,294,4.0,3.2815448175685438
121,405,2.0,3.3792361675615483
121,428,5.0,4.1006824810088895
121,508,4.0,3.652619994828424
121,509,5.0,4.1094775367548815
121,514,3.0,4.196049639800935
121,515,4.0,4.357665408542694
121,631,4.0,3.836958377970263
121,740,3.0,3.763328030328698
122,46,5.0,4.173817950038424
122,70,5.0,4.1055541190217095
122,175,5.0,4.2132860303770014
122,187,4.0,4.490342272040375
122,191,5.0,4.501638159076973
122,212,5.0,4.121361695129891
122,214,2.0,3.7742414512298743
122,215,4.0,3.964614084756809
122,378,4.0,3.984941145218227
122,382,3.0,4.080143316427906
122,387,5.0,3.9386515680334293
122,423,4.0,4.0862947271028
122,427,3.0,4.55461305845591
122,464,5.0,4.259321794011844
122,470,3.0,4.041120782178718
122,509,4.0,4.227026301875386
122,510,4.0,4.233893807549749
122,511,5.0,4.495863869935439
122,553,3.0,3.894265869199757
122,570,3.0,3.52074217626627
122,708,5.0,3.953542606483564
122,715,5.0,3.9343445611572645
122,727,4.0,3.964458164372304
122,736,4.0,4.2756972879499475
122,737,4.0,3.6580143941834278
122,792,3.0,4.222479623738921
122,1268,2.0,4.450850408252288
123,13,3.0,4.01772747305271
123,22,4.0,4.180426393520355
123,50,3.0,4.446830215912613
123,127,5.0,4.527056766840582
123,132,3.0,4.306270341422795
123,135,5.0,4.344839919355131
123,143,5.0,3.9105759410284047
123,165,5.0,4.401250898226439
123,192,5.0,4.540457131759478
123,255,1.0,3.467268676577557
123,275,4.0,4.331831710435651
123,285,5.0,4.560571413889467
123,427,3.0,4.576043274927425
123,480,3.0,4.5579267925478435
123,482,4.0,4.321924673036409
123,485,5.0,4.089103107333554
123,487,3.0,4.446385706798106
123,511,5.0,4.455566879992262
123,531,3.0,4.099086177156246
123,606,3.0,4.3733789690389635
123,704,3.0,3.579546063719846
123,707,5.0,4.297139097091145
123,735,2.0,4.092934933558732
123,847,4.0,4.184944896960081
123,962,3.0,3.6474784991838427
124,11,5.0,3.5889935527826293
124,50,3.0,3.8531562714421943
124,79,3.0,3.659164657709277
124,96,4.0,3.546076484400005
124,157,2.0,3.42003437093733
124,166,5.0,3.662353590634462
124,226,4.0,3.1515848488758045
124,496,1.0,3.6434615022471784
124,550,4.0,3.0967932191995455
124,616,4.0,3.500610282809064
125,1,4.0,4.165983933004847
125,22,5.0,4.371782952430529
125,25,1.0,3.5822406739480797
125,28,4.0,4.204410461053918
125,50,5.0,4.574891587760201
125,63,3.0,3.639729612094214
125,64,5.0,4.584799376431684
125,69,4.0,4.240080516835288
125,73,5.0,3.9058442537623668
125,80,4.0,3.0806649235575527
125,83,4.0,4.274698566155842
125,87,5.0,4.161011461976349
125,88,5.0,3.9278986607419717
125,94,5.0,3.5734247746376306
125,97,3.0,4.051032240283248
125,98,5.0,4.342628356483604
125,116,4.0,3.685739117280283
125,120,1.0,2.7448197850562117
125,134,5.0,4.1432181443673874
125,136,5.0,4.198147456787443
125,143,5.0,4.161743799184393
125,150,1.0,3.753992840170706
125,152,1.0,3.932666998117864
125,158,4.0,3.019968695999272
125,163,5.0,3.8048196741546843
125,173,5.0,4.462891869274753
125,174,5.0,4.581042804964564
125,175,2.0,3.83893921025034
125,190,5.0,4.2582227865572335
125,194,5.0,4.198354451111856
125,198,3.0,4.104973931932035
125,204,5.0,4.198681583798886
125,208,3.0,4.137048630984725
125,235,2.0,3.076662718672784
125,236,1.0,3.507565274403116
125,238,3.0,3.865204306217085
125,239,5.0,4.08203027535502
125,270,4.0,3.90186662000183
125,275,5.0,3.9893182444833037
125,283,5.0,3.7868952839607193
125,290,4.0,3.460018917704703
125,318,5.0,4.600183377740839
125,346,1.0,3.523199035520014
125,357,3.0,4.307444676576093
125,382,1.0,3.598158320389413
125,383,2.0,2.8600703570417045
125,384,3.0,3.136318704157935
125,386,3.0,3.1538809447640226
125,407,2.0,2.896436428592229
125,411,3.0,3.159519904629466
125,434,4.0,4.113539894029986
125,475,1.0,3.627513922679203
125,478,4.0,4.127809137573445
125,479,4.0,4.226978466851095
125,483,4.0,4.463863684811187
125,485,5.0,4.007573811520078
125,493,4.0,3.9634797399222634
125,496,5.0,4.35003307812304
125,498,5.0,4.166269308910289
125,511,5.0,4.238906930066226
125,568,5.0,4.011147692449668
125,577,2.0,3.0427479072978136
125,615,3.0,3.947289111128885
125,648,4.0,4.011038347624326
125,657,3.0,4.215180503022939
125,692,3.0,4.054864503953884
125,722,3.0,3.0964713134510937
125,732,4.0,4.079798319858796
125,734,3.0,3.0202226441460858
125,781,3.0,3.7223005798949287
125,785,3.0,3.641868683057849
125,796,3.0,3.5203115455428806
125,801,3.0,3.01567572832207
125,813,1.0,3.6134317550550947
125,864,3.0,3.420942435288503
125,926,3.0,3.2380651804241003
125,940,2.0,2.6935047056447736
125,945,5.0,4.051736616638999
125,949,3.0,3.588331337801025
125,996,3.0,2.832371730573184
125,997,2.0,2.2677645250189893
125,999,4.0,2.929510894485712
125,1000,3.0,2.8897135693439946
125,1036,2.0,3.2357881653546685
125,1052,2.0,2.454042543144552
125,1060,4.0,3.4326339555675265
125,1074,3.0,3.3825078057312252
125,1093,1.0,3.2452392068087343
125,1180,3.0,3.12194457671501
125,1183,2.0,2.98810812047138
125,1249,3.0,3.275668638971629
125,1272,1.0,2.451010396364433
126,243,5.0,2.955879297512581
126,245,3.0,3.4057351793620354
126,258,4.0,3.6739694887001693
126,260,1.0,2.9182170288815668
126,262,4.0,3.7722013971941637
126,288,4.0,3.420875546523446
126,289,3.0,3.130396019572456
126,294,3.0,3.3278393425887938
126,302,4.0,4.128651339701195
126,313,5.0,4.007023660832601
126,319,2.0,3.587989631621989
126,322,3.0,3.29547533438379
126,323,3.0,3.1668724008527764
126,327,3.0,3.5866496948099527
126,332,2.0,3.49388508849042
126,682,1.0,2.89795520399917
126,751,4.0,3.5079949609673546
126,752,3.0,3.4424625635329913
126,878,5.0,3.473593062363853
126,884,5.0,4.161228602653848
126,905,2.0,3.205698094626176
126,1175,5.0,4.633711338115223
127,227,4.0,4.552874395923537
127,229,5.0,4.466145327287345
127,243,5.0,3.913898622458751
127,268,1.0,4.323445184467953
127,286,1.0,3.7926774096673093
127,288,5.0,4.567943482182605
127,294,4.0,4.191541663970396
127,300,5.0,4.403304911392783
127,380,5.0,4.732530370962008
127,449,4.0,4.447156649154133
127,450,5.0,3.9470200245359788
127,748,5.0,4.183280030880176
128,1,4.0,3.9495399450219955
128,14,5.0,3.954662202592509
128,15,4.0,3.756803367471518
128,48,4.0,4.22637733424307
128,50,4.0,4.293867544181679
128,54,2.0,3.503386296064625
128,56,3.0,4.1489622262676225
128,58,3.0,3.8548605675489584
128,64,5.0,4.489566262744624
128,65,4.0,3.7721141994102427
128,77,3.0,3.5690974817112138
128,79,4.0,4.188148606914527
128,83,5.0,4.108462815583891
128,86,5.0,3.9635196049592905
128,97,3.0,3.907496496854015
128,98,4.0,4.35500749569125
128,99,4.0,3.790635978006002
128,111,3.0,3.5050525622121116
128,118,5.0,3.3420901961272858
128,136,5.0,4.123009125286727
128,140,4.0,3.266741947640454
128,143,5.0,3.8881244300937934
128,151,3.0,3.7386434646903988
128,173,5.0,4.088953657172435
128,182,4.0,4.119275836069134
128,190,4.0,4.214475453716638
128,204,4.0,3.9620537376871217
128,209,4.0,3.897962430734358
128,210,4.0,4.014607632788708
128,213,3.0,4.110667557447377
128,215,3.0,3.793119484947286
128,216,5.0,3.9954120249331044
128,227,2.0,3.4298939663123638
128,228,3.0,3.804018190678706
128,237,4.0,3.73110589140204
128,238,4.0,4.014930998115759
128,265,5.0,4.026236125250686
128,276,4.0,3.6603994868421363
128,280,1.0,3.14717446610663
128,282,3.0,3.713894484476591
128,283,5.0,3.841400746976781
128,284,3.0,3.22921433022171
128,294,4.0,3.2105623386931166
128,300,5.0,3.5491140817011306
128,317,4.0,4.033666965229318
128,322,2.0,2.9852923905243967
128,371,1.0,3.5992462359297566
128,378,5.0,3.774156047516572
128,402,1.0,3.5693909020923735
128,417,4.0,3.2504163266774553
128,418,4.0,3.58040801695905
128,422,4.0,3.166535138516996
128,423,4.0,3.9681913231592527
128,425,5.0,3.8032535190791483
128,427,5.0,4.261267927408399
128,482,4.0,4.215203532504299
128,485,3.0,3.997246162224526
128,494,4.0,4.100119016910024
128,505,4.0,4.0558255872211095
128,508,4.0,3.8191236681675114
128,568,4.0,3.7282125076642263
128,588,5.0,3.8694211900740525
128,591,4.0,3.5083051050706713
128,602,4.0,3.801605171961759
128,603,5.0,4.31213775656598
128,609,4.0,3.7227404665444714
128,614,3.0,3.909300224545743
128,660,2.0,3.8545469436649302
128,686,4.0,3.7145304402377355
128,723,3.0,3.1932829550859285
128,736,5.0,3.8143598688836944
128,739,4.0,3.450197678468459
128,747,3.0,3.5970189869884934
128,763,4.0,3.4984262887332367
128,785,2.0,3.3879539812111017
128,790,4.0,3.10187774881128
128,949,4.0,3.3486938736701704
128,965,3.0,3.737250210077758
128,966,4.0,4.06384505531756
128,1039,4.0,4.020401067960881
128,1063,2.0,3.821516032835434
128,1141,4.0,3.1072432485703048
129,245,2.0,2.25952879241622
129,258,2.0,2.906002137648598
129,268,1.0,3.123793561665156
129,269,4.0,3.2795337603135204
129,270,3.0,2.745622085775035
129,272,4.0,3.4592907381769926
129,288,1.0,2.5724656229871634
129,303,3.0,3.1738177514889867
129,307,2.0,2.574850169199525
129,313,3.0,3.208427468089556
129,327,3.0,2.7130450910549033
129,331,2.0,2.5605055691633694
129,339,2.0,2.2476015700454726
129,873,1.0,1.8614886700565934
129,995,2.0,2.9594737400134377
130,3,5.0,4.221265659398399
130,4,2.0,4.640097476575984
130,12,4.0,5.0
130,22,5.0,5.0
130,28,4.0,4.981714832572758
130,33,5.0,4.363222974145314
130,39,4.0,4.305111962571301
130,41,3.0,4.202615184352963
130,44,4.0,4.400874595078629
130,47,3.0,4.738225953786644
130,49,4.0,4.417310826774482
130,50,5.0,5.0
130,53,3.0,4.105156304150214
130,55,5.0,4.675042133593999
130,56,5.0,4.997749329081353
130,58,2.0,4.734852157652581
130,63,4.0,4.249870391400344
130,66,5.0,4.789897147544195
130,68,5.0,4.467045431755942
130,69,5.0,5.0
130,71,5.0,4.905847021340542
130,84,4.0,3.817422695198246
130,90,4.0,4.354081120740643
130,94,5.0,4.273385686004653
130,99,5.0,4.894290759825491
130,105,4.0,3.5680767142540186
130,109,3.0,4.555365427379529
130,111,5.0,4.4909498119440645
130,122,3.0,3.7403227255191966
130,125,5.0,4.601463642285448
130,128,4.0,4.514059368789344
130,134,5.0,5.0
130,143,5.0,5.0
130,147,4.0,4.412130428610913
130,148,4.0,4.229054189331562
130,150,5.0,4.78492229469016
130,158,5.0,3.614107685030812
130,161,4.0,4.618677744632169
130,168,3.0,5.0
130,172,5.0,5.0
130,173,3.0,5.0
130,174,5.0,5.0
130,176,5.0,5.0
130,183,5.0,5.0
130,184,4.0,4.591635567267009
130,195,5.0,4.976781132165575
130,200,5.0,4.813738062283038
130,202,5.0,4.921422802885426
130,204,5.0,5.0
130,206,3.0,4.468690986542579
130,210,5.0,5.0
130,216,4.0,5.0
130,217,3.0,4.387198744682712
130,218,5.0,4.592382229221116
130,222,4.0,4.690373809044506
130,226,5.0,4.4159401878832965
130,228,4.0,4.9368130151754395
130,229,4.0,4.1945063693511955
130,230,3.0,4.4829651444227
130,231,3.0,3.879226198151004
130,234,5.0,4.848783519000278
130,240,4.0,3.9550141380478663
130,243,2.0,3.7364595215948366
130,245,1.0,4.26300134566805
130,254,2.0,3.6719000885341755
130,255,4.0,4.453652745711049
130,267,5.0,3.5920911045068897
130,268,4.0,4.713162033655251
130,270,5.0,4.709135614853744
130,271,5.0,4.396455024756045
130,276,4.0,4.47745273077766
130,281,4.0,4.264373302748902
130,282,5.0,4.770291453532408
130,284,2.0,4.292395476473238
130,286,5.0,4.654043815787988
130,288,5.0,4.6317823551296655
130,295,3.0,4.359730364430283
130,298,5.0,4.719770671182502
130,307,4.0,4.567032388802976
130,316,4.0,5.0
130,322,4.0,4.266465119338208
130,331,3.0,4.58797801769446
130,332,4.0,4.583842864238046
130,333,5.0,4.685652970511068
130,335,3.0,3.7779694345761703
130,346,4.0,4.57653608559626
130,353,1.0,3.3950813618478826
130,356,4.0,4.412198533056319
130,357,5.0,5.0
130,358,4.0,3.8484754433514263
130,363,3.0,3.8941516544570094
130,366,5.0,4.37133740316489
130,367,4.0,4.604239238082312
130,374,4.0,3.361616788130252
130,379,4.0,4.1134662897305905
130,385,5.0,4.726688754004304
130,393,5.0,4.616909970318864
130,405,4.0,4.469556981632232
130,410,5.0,4.26795489302083
130,413,3.0,3.7550569974226864
130,418,5.0,4.800003282219091
130,433,3.0,4.807060618971445
130,443,5.0,4.915492642594391
130,496,5.0,5.0
130,508,4.0,4.562681632773032
130,534,5.0,4.407718898887776
130,541,3.0,4.06402341832088
130,542,3.0,3.665300661529583
130,546,4.0,4.197119399937911
130,550,5.0,4.41132150087571
130,554,4.0,3.828771903625931
130,564,4.0,3.4430007196069026
130,566,4.0,4.61753188819017
130,567,2.0,4.1617065163294225
130,568,5.0,4.745545238712493
130,569,3.0,3.7591366210042665
130,572,3.0,3.977161998530196
130,588,4.0,4.928188019220588
130,596,4.0,4.506958546866009
130,597,4.0,4.256023514743783
130,619,4.0,4.115612194771047
130,622,3.0,4.388244058217045
130,625,5.0,4.533522952294032
130,627,5.0,4.429150005480796
130,642,4.0,4.534295894238366
130,669,4.0,3.42265402160592
130,672,5.0,3.8752192827737892
130,678,4.0,4.027184877741252
130,682,4.0,4.146827884771206
130,684,5.0,4.826870650291443
130,685,3.0,4.389891437901467
130,689,2.0,4.0444486950180885
130,717,3.0,3.877427751669186
130,721,3.0,4.57975203322808
130,729,4.0,4.631828252649949
130,731,3.0,4.1412081623949115
130,742,5.0,4.614149686261987
130,743,2.0,3.291486654011395
130,748,4.0,4.296954644661877
130,756,4.0,4.008092918700364
130,772,4.0,4.243967318359811
130,779,4.0,3.706907478239031
130,798,1.0,3.7740797069632412
130,800,4.0,3.940863724828149
130,806,3.0,4.52048355421597
130,815,3.0,4.173159470831263
130,833,4.0,4.110980185102262
130,876,4.0,3.6195724061995684
130,881,4.0,3.6970088078278285
130,890,4.0,3.207243446581978
130,901,1.0,2.9701738169112857
130,930,3.0,3.729035382455302
130,931,2.0,3.3356586442139466
130,940,3.0,3.41824668766085
130,946,4.0,4.373564728369188
130,949,3.0,4.562166770933157
130,959,4.0,4.719292373475348
130,975,5.0,4.232192897285577
130,993,5.0,4.592210445767687
130,1014,3.0,4.045005327776858
130,1016,4.0,4.513109681020391
130,1017,3.0,4.1438822852318005
130,1047,5.0,3.8313226728065612
130,1049,3.0,3.487210734019914
130,1136,4.0,4.303747859506539
130,1207,1.0,3.350530162984134
130,1208,4.0,3.9921289369822297
130,1215,2.0,3.2929020018728705
130,1217,4.0,3.930706319225943
130,1228,3.0,3.5848268698586185
130,1246,3.0,3.5248878076401744
130,1248,3.0,4.2310791708227296
130,1273,2.0,3.9544157566050533
130,1274,2.0,3.145767808251573
130,1277,4.0,4.263881077140235
131,1,4.0,4.283766737782837
131,14,5.0,4.307677031335206
131,19,4.0,4.460237564925037
131,100,5.0,4.5255936776056185
131,126,4.0,4.352132301643521
131,221,3.0,4.335537637246224
131,274,3.0,4.004901513909
131,275,2.0,4.426751634559856
131,285,5.0,4.60876757818632
131,286,5.0,4.309205665150053
131,302,5.0,4.680279210831582
131,313,5.0,4.676169094347444
131,750,5.0,4.435297990711611
131,845,4.0,3.8408323585443296
131,1281,4.0,3.6504852865852455
132,124,4.0,4.009309868131531
132,137,4.0,3.878792221441835
132,154,4.0,3.7047640067950143
132,275,3.0,3.839039084540406
132,922,5.0,3.8307287104912104
133,258,5.0,3.470137201022052
133,260,1.0,2.4950070150541652
133,294,3.0,2.975757882337926
133,304,3.0,3.29215199055775
133,315,4.0,3.7585943409584854
133,322,2.0,2.8800317853274584
133,328,3.0,3.143020384645103
133,751,3.0,3.1653632668072498
134,15,5.0,3.9531390288300803
134,258,4.0,3.775521551979865
134,259,2.0,3.117157092489933
134,286,3.0,3.428166816323994
134,300,3.0,3.900281296676736
134,313,5.0,4.267900218316407
134,323,4.0,3.4655399203138293
134,339,2.0,3.4364339767808385
134,539,4.0,3.0246908242069384
134,748,5.0,3.6237899210238282
134,751,5.0,3.646921875766282
134,879,4.0,3.491452920112836
134,892,2.0,3.1235715863973517
135,12,4.0,4.2838923931347885
135,23,4.0,4.06926902294717
135,33,3.0,3.5422330812028178
135,39,3.0,3.407038913307531
135,54,3.0,3.339787673026471
135,77,4.0,3.3306386155147876
135,79,3.0,3.9855784265522862
135,176,4.0,3.9785876311785406
135,183,4.0,4.039476906069676
135,185,4.0,4.118872142204086
135,227,3.0,3.276070515356564
135,228,4.0,3.7745898202304664
135,229,2.0,3.1183313623934543
135,233,3.0,3.349990147658804
135,258,4.0,3.796942300996866
135,265,3.0,3.877673528326504
135,294,4.0,3.1942121664480148
135,325,4.0,2.9114524696321156
135,379,2.0,3.1644958145580526
135,431,2.0,3.560685966345663
135,443,4.0,3.8082662231542677
135,449,3.0,2.9919335255983333
135,475,4.0,3.920456903393911
135,504,4.0,3.876965231024615
135,564,1.0,2.1892104379309467
135,566,3.0,3.5335982486968165
135,603,4.0,4.269767612990636
135,642,4.0,3.574787057237836
135,653,4.0,4.022727097203356
135,744,4.0,3.534082042160018
135,802,2.0,2.8088673899943264
135,939,4.0,3.5827412403834176
135,943,3.0,3.648064130642873
135,1046,3.0,3.1788362737851243
135,1208,3.0,3.0929030723018496
136,14,5.0,5.0
136,19,4.0,5.0
136,42,3.0,4.84739426161711
136,56,4.0,5.0
136,89,4.0,5.0
136,100,5.0,5.0
136,117,4.0,4.631961193561801
136,223,4.0,5.0
136,276,5.0,4.857359484298296
136,298,4.0,4.690815104729376
136,313,2.0,5.0
136,515,5.0,5.0
136,747,4.0,4.713752196042982
136,847,4.0,4.8892333364738265
136,1142,4.0,5.0
137,15,4.0,4.592453361350875
137,50,5.0,5.0
137,51,1.0,4.502077435745142
137,55,5.0,4.56917482826406
137,117,5.0,4.638567439359372
137,144,5.0,4.858745911695533
137,172,5.0,5.0
137,183,5.0,4.878115883353196
137,195,5.0,4.892948748322691
137,222,5.0,4.666948194371381
137,235,5.0,3.874641725984425
137,237,4.0,4.5594279125675
137,249,4.0,4.221764035024414
137,250,5.0,4.469269539817254
137,257,5.0,4.6540543857681484
137,261,5.0,3.808217231824719
137,266,5.0,4.110286072732609
137,300,5.0,4.539756407436471
137,327,4.0,4.119553346411539
137,472,4.0,4.197183078727187
137,546,5.0,4.177555306620764
137,597,5.0,4.257464389954466
137,687,4.0,3.627444118495722
138,26,5.0,4.251584269155444
138,98,5.0,4.967166039953254
138,100,5.0,4.864466207663483
138,111,4.0,4.248862588681934
138,116,2.0,4.6478153462889225
138,121,4.0,4.177689928283356
138,150,3.0,4.556594724570558
138,151,4.0,4.407441998524532
138,185,4.0,4.87103563930825
138,211,4.0,4.714989459363434
138,238,5.0,4.660947665310028
138,285,4.0,4.916928642032525
138,318,5.0,5.0
138,357,4.0,5.0
138,483,5.0,5.0
138,484,4.0,4.894414587525157
138,493,4.0,4.85949652804414
138,496,4.0,4.720141489952891
138,514,5.0,4.624432863148792
138,517,4.0,4.571014462292414
138,519,5.0,4.836638931932775
138,523,5.0,4.743678933826551
138,614,4.0,4.5364292631569665
138,617,4.0,4.594413585670026
139,127,5.0,4.623454491949906
139,222,3.0,4.061719876435285
139,246,4.0,4.357477208217926
139,268,4.0,4.244279740705012
139,286,4.0,3.9707755056064293
139,303,5.0,4.104998903214352
139,307,4.0,3.9082172522352066
139,458,4.0,3.8692365601857084
139,508,4.0,4.158567689960407
140,258,3.0,3.992561543220872
140,268,4.0,4.114645049086663
140,289,4.0,3.4329688337326636
140,301,3.0,3.628029212939376
140,319,4.0,3.6880031038572083
140,322,3.0,3.2957367683221293
140,325,3.0,2.9868025376708913
140,332,3.0,3.5955762936935045
140,334,2.0,3.744061995568894
140,872,3.0,3.492104612056319
140,880,4.0,3.3733317921034516
141,1,3.0,4.005247662012151
141,50,4.0,4.448810430338829
141,106,5.0,3.4568270557033927
141,117,4.0,4.085145671455139
141,120,4.0,2.9126707881671017
141,125,5.0,4.0813529274833495
141,151,2.0,3.651140219275605
141,222,4.0,4.057598285933082
141,225,3.0,3.5385778866167263
141,237,4.0,4.085468679783339
141,245,3.0,3.6974582867933234
141,252,4.0,3.3657645289550144
141,258,5.0,4.010129267671705
141,274,5.0,4.0403122745437505
141,281,4.0,3.7640254216771125
141,288,3.0,3.651320301118594
141,290,1.0,3.4758357944388525
141,295,5.0,3.5183181743048184
141,300,5.0,4.069363905275123
141,322,4.0,3.631257255578299
141,328,4.0,3.968774469142554
141,405,3.0,3.760629701563804
141,410,4.0,3.1403584630105175
141,471,4.0,3.988035052859985
141,472,5.0,3.670812068400585
141,476,3.0,3.7271554705130976
141,535,5.0,3.4829699337653746
141,546,4.0,3.6171511761455215
141,678,4.0,3.320523267503982
141,744,5.0,3.824994885262915
141,748,3.0,3.7152764456182252
141,750,1.0,3.7851428052011813
141,825,4.0,3.592221472663059
141,826,2.0,3.254622392810516
141,864,3.0,3.7307617307050402
141,872,1.0,2.7066576165841996
141,880,1.0,2.8475390274954107
141,932,3.0,3.5600567312870792
141,1013,1.0,2.8696540046149277
141,1059,1.0,3.130749930173242
141,1142,1.0,3.797111203767707
141,1258,4.0,2.6034553445916666
142,28,4.0,4.125212012578828
142,55,2.0,4.10374012972914
142,82,4.0,3.93033521924682
142,89,3.0,4.5384546719726515
142,169,5.0,4.742500658549366
142,181,5.0,4.159604641526297
142,189,4.0,4.256551766115994
142,243,1.0,2.455793480090291
142,288,3.0,3.741399868287177
142,350,4.0,3.4856378611560452
142,358,2.0,3.091896136039843
142,362,3.0,3.2174602183226897
142,895,4.0,3.4568157592562314
143,325,5.0,3.422846800842442
143,328,4.0,3.856548393929874
143,331,5.0,3.890496211072137
143,347,5.0,3.944096780722459
143,682,3.0,3.8499360795869957
144,19,4.0,4.081332764828005
144,22,5.0,4.330243952557529
144,31,3.0,3.894541345918432
144,32,4.0,3.941815565575898
144,33,5.0,3.490944426352012
144,50,5.0,4.560439877266158
144,62,2.0,3.3889403955903368
144,64,5.0,4.660364414693294
144,65,4.0,3.925562962684129
144,66,4.0,3.8127860437206174
144,73,3.0,3.673829858427957
144,89,3.0,4.391634812858815
144,91,2.0,3.7845960233368756
144,93,1.0,3.814337753564605
144,96,5.0,4.149261420708063
144,105,2.0,2.787425449517845
144,106,3.0,3.0266911067695865
144,125,4.0,3.625401912058371
144,129,4.0,3.713769386900953
144,153,5.0,4.10973778437416
144,160,2.0,3.785358859505494
144,165,4.0,4.383477387003859
144,172,4.0,4.4037640741495885
144,176,4.0,4.14470501032238
144,180,4.0,4.345987146992159
144,181,4.0,4.223456117208085
144,182,3.0,4.236450314896453
144,190,5.0,4.39186023734455
144,191,4.0,4.4993958333022945
144,193,4.0,4.255115537739374
144,194,5.0,4.385281276142577
144,195,5.0,4.089131159945322
144,197,4.0,4.412925158934478
144,204,2.0,4.157188410252443
144,209,2.0,4.188698194979535
144,216,4.0,4.287505844203388
144,221,3.0,4.006911247911395
144,237,4.0,3.756413020305583
144,273,4.0,3.5680707100987012
144,274,3.0,3.7205868337276153
144,285,4.0,4.26207677512399
144,286,4.0,3.7409132172088793
144,293,4.0,3.7604819940003242
144,297,4.0,4.15955164852846
144,298,3.0,3.566428478620869
144,300,3.0,3.594240794496379
144,302,3.0,4.140298006295502
144,303,4.0,3.83404591795002
144,304,4.0,3.641744304750722
144,313,5.0,4.233314714574527
144,328,3.0,3.42818487501809
144,393,4.0,3.6140984321856515
144,403,3.0,3.7033445555356446
144,410,3.0,3.138459687348024
144,454,3.0,3.517597044549974
144,461,4.0,3.8563807696558854
144,471,4.0,3.637891949950505
144,480,4.0,4.576378810844506
144,508,4.0,3.6439361896878673
144,516,2.0,4.194079402632249
144,518,3.0,4.104115287148788
144,521,4.0,4.288929405213142
144,523,5.0,4.300011302499497
144,528,4.0,4.4558824304285505
144,531,5.0,4.203264161743691
144,591,3.0,3.643714610348682
144,597,4.0,3.15331316826548
144,655,5.0,4.085772705853601
144,685,3.0,3.455847394197211
144,699,4.0,3.9152117126392842
144,707,3.0,4.210545588461104
144,709,4.0,4.236690344433223
144,713,4.0,3.571982571540979
144,727,3.0,3.8053657374433043
144,742,4.0,3.6958628318695492
144,747,5.0,3.7982914290827328
144,750,4.0,3.843982891847958
144,762,3.0,3.4839366578686515
144,778,4.0,3.8431803527901947
144,785,4.0,3.5318784681052784
144,815,1.0,3.217399346487228
144,831,3.0,2.7159040452975125
144,845,4.0,3.611806433666021
144,855,4.0,4.0700625768184295
144,880,5.0,3.1181232140235817
144,900,4.0,3.8437232865665507
144,942,4.0,3.946230881376944
144,956,4.0,4.01593837718959
144,960,2.0,3.9000440086970904
144,961,3.0,3.841195485245902
144,1016,3.0,3.4318729762726052
144,1039,4.0,4.3310427568324235
144,1142,5.0,4.105246767305457
144,1147,4.0,3.9257932039446235
144,1169,4.0,3.955679971739497
144,1284,3.0,3.1098928448735776
144,1285,3.0,3.5861931977731247
144,1286,4.0,3.6368990105914816
145,1,3.0,4.096724261846771
145,3,3.0,3.2935412793628576
145,5,3.0,3.53372538560451
145,7,5.0,4.131990499295904
145,13,5.0,3.676011220966751
145,15,2.0,3.838550059652545
145,22,5.0,4.3735814246393625
145,25,2.0,3.5946763103377948
145,38,3.0,3.0371809833378927
145,39,4.0,3.545487854619949
145,42,5.0,4.20553860346012
145,44,5.0,3.465384919936244
145,50,5.0,4.703763797021768
145,51,3.0,3.658005052373316
145,56,5.0,4.432115187186862
145,69,5.0,4.146648037898469
145,79,5.0,4.401599155309881
145,100,5.0,4.313209873128785
145,105,2.0,2.5707698113976822
145,109,4.0,3.9233548785154113
145,120,2.0,2.3722657067106736
145,122,1.0,3.0513558737443205
145,159,4.0,3.484679893646995
145,172,5.0,4.55965966471489
145,174,5.0,4.620045985821285
145,182,5.0,4.324201123372245
145,183,5.0,4.3529921455935465
145,185,4.0,4.598297390353128
145,195,5.0,4.382315893027213
145,200,4.0,4.135956084107598
145,203,5.0,4.242198211439217
145,212,2.0,3.750510329381259
145,216,5.0,4.1831566007368854
145,217,3.0,3.4647319759229056
145,229,3.0,3.3868307849856985
145,230,5.0,3.7016758008384563
145,237,5.0,3.8063369961896565
145,238,4.0,4.253857970914749
145,250,5.0,3.7507364057949992
145,258,4.0,4.024065520436448
145,260,4.0,2.990378764196033
145,265,5.0,4.161284291033552
145,266,3.0,2.6388081289440435
145,270,5.0,3.977175169789343
145,273,5.0,3.914184243213792
145,275,2.0,3.98070447240661
145,278,4.0,3.0411093287140227
145,281,4.0,3.3538276308747683
145,286,3.0,3.761735817686884
145,298,1.0,3.9038851358136775
145,299,4.0,3.0414668425345575
145,301,4.0,3.488668416993451
145,302,4.0,4.326821409439752
145,304,2.0,3.389060461562452
145,315,5.0,4.102947888100529
145,327,5.0,3.57439758369195
145,339,3.0,3.1634941090265514
145,346,5.0,4.050603083365124
145,348,4.0,3.1082356352114715
145,355,3.0,3.0551731416191625
145,368,3.0,1.809122742683597
145,393,5.0,3.5340214557136687
145,406,3.0,2.6897679737209543
145,411,2.0,3.2280307440516443
145,413,3.0,2.897600759946795
145,431,5.0,3.8300449366248426
145,443,3.0,4.212468423286771
145,448,5.0,3.686076552936207
145,460,1.0,3.2014767274927762
145,470,5.0,3.9012855495991428
145,471,4.0,3.676692092529116
145,472,3.0,3.1951612627334516
145,477,2.0,3.226886135440135
145,549,5.0,3.834534093139442
145,552,5.0,3.021546626818789
145,553,3.0,3.363380962646883
145,569,4.0,2.872157874304988
145,574,2.0,2.958395279756923
145,591,4.0,3.707249380911725
145,592,3.0,3.2490110339593827
145,620,3.0,3.24572088600932
145,631,4.0,3.93389559068374
145,637,3.0,3.304611894558982
145,665,5.0,3.0519652910510873
145,672,3.0,2.9700143715537726
145,674,4.0,3.3526593314884723
145,680,3.0,2.498595117220617
145,682,3.0,3.0389143917444392
145,683,3.0,2.5081533564472087
145,684,5.0,4.075944127458404
145,685,4.0,3.3943953126091446
145,696,3.0,3.1849010466969787
145,713,4.0,3.7705368144919165
145,717,3.0,2.945696350118788
145,727,2.0,3.6654490006529796
145,737,2.0,3.6266655039200173
145,739,2.0,3.368914430184112
145,743,1.0,2.2715854110088505
145,750,4.0,3.915805314486381
145,751,4.0,3.7566392503858275
145,752,4.0,3.551297361326589
145,756,2.0,2.9839973952080525
145,760,2.0,2.7515456191067336
145,763,4.0,3.6940394920798276
145,764,2.0,2.88516907271938
145,770,1.0,3.6404538057645706
145,796,3.0,3.254312147102406
145,831,1.0,2.6714472400949516
145,895,3.0,3.2399952548019155
145,896,2.0,4.1603533514934075
145,924,2.0,3.5300319192787395
145,928,3.0,3.2886596090668077
145,933,1.0,3.013506178801396
145,949,4.0,3.5501884697165815
145,974,1.0,2.777963106632699
145,983,1.0,2.5711956358821855
145,993,3.0,3.667781267940844
145,1001,4.0,2.450472617417801
145,1002,1.0,2.1288502307876094
145,1040,1.0,2.512774952339149
145,1054,1.0,2.3520580219436757
145,1057,1.0,2.4900959896863712
145,1077,3.0,3.4062230496492583
145,1090,2.0,2.7116460377051013
145,1102,1.0,2.749770931732339
145,1208,4.0,3.239153488423015
145,1212,2.0,2.9799500543634183
145,1217,2.0,3.215213112593548
145,1245,5.0,3.3984330468075683
145,1248,3.0,3.457708395578135
145,1292,1.0,2.037569698772452
146,262,4.0,4.001026725788998
146,300,3.0,3.7619513468067365
146,302,4.0,4.3439024424203865
146,307,3.0,3.684549036183531
146,313,4.0,4.281024537811996
146,346,4.0,3.9167766867941776
146,347,3.0,3.8354772082089834
146,688,1.0,2.4573160120407573
146,1022,5.0,3.726998737126917
146,1294,4.0,3.9018135272307948
147,258,4.0,4.636090124204868
147,269,4.0,4.869850614157958
147,292,5.0,4.59020879573173
147,305,4.0,4.48401393143158
147,339,5.0,4.185799892565453
147,340,4.0,4.508044081362296
147,345,4.0,4.584217695977683
147,690,4.0,4.651904817283503
147,751,2.0,4.331594550398014
147,904,5.0,4.470975977351696
148,1,4.0,4.315600359367248
148,7,5.0,4.230326021670563
148,70,5.0,4.167266025000975
148,71,5.0,4.18436975606756
148,78,1.0,3.270239486784589
148,98,3.0,4.541005558962196
148,114,5.0,4.621547542202778
148,116,5.0,4.143316122477548
148,140,1.0,3.7307316292434143
148,163,4.0,3.989402639625318
148,169,5.0,4.767153730854492
148,172,5.0,4.6313672395605385
148,177,2.0,4.197510406928864
148,185,1.0,4.394524110331323
148,204,3.0,4.300076504983476
148,214,5.0,3.799692497080315
148,228,4.0,4.236785111731987
148,357,5.0,4.5201854486299835
148,408,5.0,4.797461388740381
148,473,5.0,3.7130376194045076
148,495,4.0,3.9190860284871962
148,501,4.0,3.9013711657835977
148,507,5.0,4.170494183337192
148,509,5.0,4.147128361933225
148,529,5.0,4.190905412007637
148,588,4.0,4.230671017473567
148,596,5.0,3.854678701504412
148,713,3.0,4.102619183134164
148,993,4.0,4.102672920719061
148,1012,4.0,3.9325089212098927
148,1039,2.0,4.313744873952915
148,1149,5.0,4.268556943816077
149,269,5.0,3.3863785404811284
149,301,3.0,2.713218922007996
149,305,4.0,3.0589117813084328
149,308,2.0,2.810123468603406
149,310,2.0,3.002252050664264
149,312,1.0,2.605484860343073
149,319,2.0,2.812492536963286
149,321,2.0,2.677371637120918
149,327,2.0,2.849616375357212
149,689,2.0,2.504319887970121
149,896,4.0,3.2842790905355947
150,1,4.0,4.163491548719886
150,13,4.0,3.803036782898811
150,50,5.0,4.550247147651801
150,93,4.0,4.029968616450889
150,100,2.0,4.354798415551716
150,121,2.0,3.7134194290381113
150,127,5.0,4.504663414301213
150,129,4.0,4.118605498332135
150,147,4.0,3.888943233934679
150,181,5.0,4.286221278007199
150,221,4.0,3.9984870116070725
150,235,4.0,3.4738686282032005
150,246,5.0,4.137225969203995
150,268,5.0,4.0653306895050685
150,273,4.0,3.8915967386438535
150,278,2.0,3.408775565342184
150,293,4.0,4.083238817339836
150,325,1.0,3.4160123869840913
150,410,4.0,3.6205879366474423
150,458,4.0,3.695689230405414
150,475,5.0,4.158456937920769
150,628,4.0,3.878819143349051
151,7,4.0,4.4834915155238395
151,10,5.0,4.770581453512994
151,12,5.0,4.975205291849326
151,13,3.0,4.398505395599045
151,15,4.0,4.385275563276387
151,25,4.0,4.226851769496654
151,47,3.0,4.340372812710783
151,49,3.0,3.9257726689716312
151,51,4.0,3.9176166304460978
151,58,4.0,4.294231655526893
151,64,5.0,4.993950185858445
151,65,4.0,4.1199889245884895
151,66,4.0,4.077747482144232
151,79,4.0,4.610550566602292
151,83,5.0,4.7968694841923964
151,87,4.0,4.6590496497695
151,89,5.0,4.817700300484795
151,91,2.0,4.344505481553593
151,100,3.0,4.903245431106518
151,114,5.0,4.991202409898495
151,121,5.0,3.9706669526544123
151,153,3.0,4.496625110319498
151,160,4.0,4.14745835500152
151,162,5.0,4.213010098490154
151,163,4.0,4.3093373738775345
151,164,5.0,4.192480447564461
151,169,5.0,5.0
151,172,5.0,4.834197224937148
151,175,5.0,4.530317694102803
151,176,2.0,4.595259593721439
151,183,3.0,4.630968460157783
151,186,4.0,4.466879738859149
151,189,5.0,4.697877347759015
151,191,3.0,4.783166401961613
151,193,4.0,4.565482314297824
151,196,4.0,4.607241077573891
151,197,5.0,4.772957624542389
151,200,3.0,4.3662849169118365
151,203,3.0,4.524954332453129
151,210,4.0,4.511867096025382
151,213,5.0,4.712507233900622
151,223,5.0,4.750318264967056
151,224,5.0,4.517256677913423
151,227,5.0,3.9395793234940952
151,228,5.0,4.453199999001663
151,231,1.0,3.4793224203891704
151,234,4.0,4.41032273172128
151,241,3.0,4.144554070139302
151,260,1.0,3.229495278199847
151,274,5.0,4.159602524960247
151,287,4.0,4.116599034145618
151,300,4.0,4.195347769889122
151,317,5.0,4.5844946351018425
151,318,5.0,5.0
151,321,4.0,3.9741006584291427
151,322,2.0,3.63473403045072
151,328,3.0,4.000989015752007
151,356,2.0,3.888549588913447
151,357,5.0,4.9299165024222
151,372,5.0,3.980894308303683
151,387,5.0,4.10901140126317
151,393,2.0,4.037664722394262
151,402,3.0,4.060890959630827
151,405,3.0,3.8025173984911254
151,411,4.0,3.5411849963284565
151,414,5.0,4.3387690906581104
151,417,3.0,3.816521037680287
151,419,3.0,4.455729679434172
151,420,5.0,4.195118683696651
151,425,4.0,4.556959126763234
151,428,5.0,4.565540827430775
151,429,5.0,4.5670271654549355
151,432,5.0,4.544766216567393
151,433,3.0,4.426174379919885
151,435,4.0,4.608436349304269
151,451,5.0,3.9260173143120696
151,461,4.0,4.286930616121646
151,464,4.0,4.258488454590731
151,478,5.0,4.811440879140757
151,480,5.0,5.0
151,481,3.0,4.687396059245103
151,482,4.0,4.750058146019556
151,484,4.0,4.865174562272717
151,485,5.0,4.559863514303236
151,486,5.0,4.565185099118477
151,489,5.0,4.721876062501092
151,490,5.0,4.715971353653383
151,494,4.0,4.628443652235881
151,503,3.0,4.360105250171896
151,505,5.0,4.760035953608386
151,506,4.0,4.471514709188048
151,509,4.0,4.586884203674423
151,514,4.0,4.572240712560012
151,522,5.0,4.569906026651944
151,529,5.0,4.6335110799840855
151,546,2.0,3.5636268604057313
151,584,3.0,4.21258083129342
151,602,4.0,4.491434886043969
151,605,4.0,4.020276701229065
151,633,5.0,4.61144461320619
151,654,4.0,4.722470066803342
151,655,4.0,4.5130360114479515
151,659,5.0,4.780277931505211
151,660,4.0,4.450502854396994
151,662,4.0,4.101416909881843
151,675,2.0,4.319861488353618
151,684,3.0,4.299699611970819
151,692,3.0,4.18301374985101
151,699,4.0,4.3252277842858735
151,702,3.0,3.919110325336371
151,703,4.0,4.204035755365979
151,707,4.0,4.7331240575865055
151,709,5.0,4.771168446934206
151,729,4.0,4.000714918130877
151,732,4.0,4.284197770123832
151,735,5.0,4.50983132481988
151,736,4.0,4.453994685441504
151,747,3.0,4.185224114242274
151,755,3.0,3.9970806267517123
151,775,2.0,3.1984416391132124
151,792,4.0,4.337302908640265
151,813,4.0,4.482847826541104
151,826,1.0,3.456751292441747
151,835,5.0,4.504252725799738
151,837,4.0,4.64721785299538
151,919,5.0,4.6861200608744475
151,929,3.0,3.171663257652784
151,969,5.0,4.462443938874486
151,972,4.0,3.9629222618334974
151,1006,1.0,3.8421845520637956
151,1017,2.0,4.1790605058237915
151,1044,2.0,3.6479870372849703
151,1065,3.0,4.243207310224128
151,1074,2.0,3.5881664035278478
151,1101,4.0,4.516209019129396
151,1109,4.0,4.143677157729226
151,1113,4.0,4.173916940964263
151,1197,5.0,4.109049908610606
151,1264,4.0,3.9015658051390507
151,1297,1.0,3.822876694425774
151,1298,4.0,4.271982609945228
152,22,5.0,5.0
152,25,3.0,4.633847346329952
152,51,4.0,4.780550488162197
152,67,5.0,4.443400516996029
152,80,5.0,4.045283299352479
152,97,5.0,5.0
152,98,2.0,5.0
152,111,5.0,4.748122290994154
152,125,5.0,4.835909977113218
152,132,5.0,5.0
152,147,3.0,4.60764215840182
152,151,4.0,4.764748562570315
152,157,5.0,4.8651063864975175
152,162,5.0,4.711810245882983
152,167,5.0,4.274429975855326
152,191,5.0,5.0
152,204,4.0,5.0
152,220,5.0,4.712069676894092
152,241,4.0,4.886718619158637
152,255,5.0,4.78792101782787
152,272,5.0,5.0
152,286,5.0,4.7415752639868884
152,301,3.0,4.408199641808423
152,313,4.0,5.0
152,412,2.0,3.516404389465451
152,483,5.0,5.0
152,685,5.0,4.677375748507716
152,699,5.0,4.989845442196711
152,716,5.0,4.39384714699303
152,780,5.0,4.247180919975533
152,790,5.0,4.152645203661035
152,845,3.0,4.728135367118889
152,866,5.0,4.644407211128887
152,966,5.0,5.0
152,1014,2.0,4.212527855402728
152,1028,5.0,4.3174752640316925
153,22,2.0,3.341914758066819
153,56,5.0,3.3941718929873046
153,64,5.0,3.6424207249964784
153,127,3.0,3.38873451141551
153,174,1.0,3.3176663782196982
153,216,2.0,3.3140814396205625
153,321,3.0,2.5017121134900644
153,323,2.0,2.437510542138893
153,510,3.0,3.202841503042669
153,678,2.0,2.2306379365797677
154,50,5.0,4.560319829989727
154,89,5.0,4.512676893214986
154,135,5.0,4.413738968908953
154,137,3.0,4.27621931776309
154,143,3.0,4.049058371807722
154,175,5.0,4.259875951409969
154,182,5.0,4.404494934029776
154,202,3.0,4.121228307688
154,242,3.0,4.287538315585604
154,286,4.0,3.954730430600592
154,289,2.0,3.4443580130770672
154,302,4.0,4.408830059753447
154,333,3.0,3.7549526074641792
154,357,4.0,4.663539718567973
154,414,4.0,3.97990501867872
154,462,3.0,4.2720443985195695
154,479,4.0,4.560429859982536
154,480,5.0,4.648703563309638
154,484,4.0,4.49333362545643
154,488,4.0,4.623182586703053
154,527,4.0,4.362685523516595
154,640,5.0,3.601864707524903
154,708,4.0,3.951604975824415
154,806,4.0,3.9507764181979357
155,286,4.0,2.6034281244562587
155,292,3.0,2.425025066610659
155,294,3.0,1.966898940768837
155,319,3.0,2.422703820207907
155,321,4.0,2.110127464680759
155,323,2.0,1.6598599707117105
155,324,2.0,2.252297895948164
155,325,2.0,1.6950061662447933
155,328,2.0,2.1380029237705833
155,748,2.0,1.907108614157377
155,988,2.0,1.1909833867807786
156,11,2.0,3.8628969384549543
156,12,3.0,4.379177565957203
156,22,3.0,4.1005408378789365
156,48,4.0,4.141370583408331
156,58,4.0,3.749380478162891
156,64,3.0,4.348971743755632
156,124,3.0,4.109191869771929
156,137,4.0,3.9495498752374143
156,180,5.0,4.179356128526942
156,192,4.0,4.191989189750897
156,197,5.0,4.137274443916371
156,205,3.0,4.174769940678903
156,211,4.0,3.9979739271792267
156,276,3.0,3.772054285812875
156,317,4.0,3.984466519532289
156,318,4.0,4.400897250463821
156,346,3.0,3.9800346505262323
156,641,5.0,4.227793464222468
156,661,4.0,4.265112366218217
157,1,5.0,4.084819812418828
157,3,3.0,3.3849977186611184
157,25,3.0,3.781375227561463
157,93,3.0,4.254673901294326
157,127,5.0,4.560353996291093
157,137,5.0,4.365239392173602
157,147,5.0,3.7124973482018944
157,150,5.0,4.116796026038719
157,250,1.0,3.7299438299813947
157,268,5.0,4.214872808898427
157,273,5.0,3.8977320615287376
157,274,4.0,3.73337212937766
157,283,4.0,4.057499521895095
157,293,5.0,4.168234073585197
157,298,4.0,4.044402533683963
157,405,3.0,3.5768622237885372
157,407,4.0,2.7733623113937993
157,508,5.0,4.028329371286403
157,740,2.0,3.8431994566480796
157,748,2.0,3.401340872141321
157,1132,3.0,3.229623796911251
157,1258,5.0,2.733352941856987
157,1283,2.0,3.0496131531437904
157,1302,5.0,4.056792357261577
158,1,4.0,4.3180813924690264
158,8,5.0,4.605956432450026
158,11,4.0,4.33564242615734
158,24,4.0,4.005658695555813
158,38,4.0,3.3555606728691947
158,42,3.0,4.4257224773507495
158,50,4.0,4.8030958582985726
158,62,5.0,3.5535635291245438
158,68,3.0,3.870634995289254
158,72,3.0,3.718512202845779
158,79,4.0,4.473482150586171
158,82,5.0,4.089393130736805
158,85,4.0,3.5759944905383056
158,100,5.0,4.786944572970367
158,116,5.0,4.5216313746805845
158,117,3.0,4.015336080154976
158,124,4.0,4.608652195724233
158,127,5.0,4.8758427970887475
158,128,2.0,3.99021787610848
158,137,5.0,4.641330854087171
158,144,4.0,4.347905440061965
158,148,4.0,3.516510203098968
158,149,3.0,3.77526636909175
158,154,4.0,4.399118360442985
158,163,4.0,4.099442627243523
158,172,4.0,4.691336300531978
158,176,4.0,4.431321745737591
158,177,4.0,4.269528560660585
158,182,5.0,4.5797467710885
158,183,3.0,4.58607190978114
158,184,3.0,3.9790216364754354
158,186,3.0,4.364548025493877
158,190,5.0,4.945094934976491
158,204,4.0,4.349011199356076
158,216,3.0,4.45586389275886
158,222,3.0,3.988411553270295
158,228,5.0,4.146210845969984
158,229,3.0,3.3861464718615117
158,235,1.0,3.524048900652723
158,239,3.0,3.9989979901503507
158,241,4.0,3.8290970384516005
158,244,4.0,3.677416888192452
158,271,4.0,3.7613238369856905
158,273,3.0,4.0695865500804365
158,277,4.0,4.16134366403487
158,286,4.0,4.20256491099944
158,373,2.0,3.04622766851009
158,403,4.0,3.8709158862431456
158,410,3.0,3.6639511909096676
158,414,4.0,4.210206750164268
158,433,3.0,4.387860444202863
158,435,5.0,4.475277289193546
158,472,3.0,3.365598871148293
158,483,5.0,4.960868235814771
158,502,4.0,4.406713337747618
158,510,3.0,4.388515466456807
158,516,5.0,4.576136029715886
158,525,5.0,4.650148122235835
158,530,4.0,4.640866166175662
158,550,3.0,3.696190595795719
158,566,3.0,3.9084347652391433
158,568,4.0,3.9794671831572543
158,580,4.0,4.208484302371386
158,593,4.0,4.084986938180808
158,636,4.0,3.771536169314615
158,665,2.0,3.282899903594359
158,729,3.0,4.007864120513988
158,731,2.0,3.4893721570066085
158,770,5.0,3.982104082486387
158,803,3.0,3.284708495061728
158,809,3.0,3.294651150354518
158,825,4.0,3.398790910693008
158,1011,4.0,3.775064323412279
158,1098,4.0,4.434392403180452
159,103,1.0,3.0671782610356817
159,111,4.0,3.8227089834202963
159,117,5.0,4.071267671946192
159,121,3.0,3.818119650626309
159,127,5.0,4.394100969453685
159,220,5.0,3.7539317895664692
159,225,4.0,3.3685232849212863
159,237,3.0,4.0531325801269436
159,245,5.0,3.5863837954685076
159,249,4.0,3.4120604799712573
159,258,4.0,4.020351331772575
159,259,4.0,2.837336920262376
159,286,1.0,4.010721720040168
159,289,2.0,3.459696212998865
159,310,5.0,3.780168633642179
159,323,4.0,3.3326096232680804
159,328,3.0,3.6591205740040618
159,411,3.0,3.208493641378438
159,412,3.0,2.604977294529318
159,451,5.0,3.4855600188750766
159,471,4.0,3.9930044061487227
159,546,4.0,3.505056024349251
159,678,5.0,3.1474851387074443
159,685,4.0,3.7866822893616296
159,748,3.0,3.4682660379783363
159,756,4.0,3.316596298967607
159,815,3.0,3.645860928795326
159,831,2.0,3.023235690336236
159,871,4.0,2.7261321183269147
159,872,1.0,2.9798102783379665
159,877,3.0,2.859999295630765
159,881,1.0,2.6028957095907184
159,930,4.0,3.140452692322461
159,1002,3.0,2.953456854272386
159,1025,2.0,2.836111595165252
159,1028,5.0,3.4936104063642914
159,1037,2.0,2.1796645729259643
159,1190,5.0,3.1849007031480374
160,1,4.0,4.401394833928748
160,3,3.0,3.6921932322569
160,4,4.0,4.292188980482072
160,7,3.0,4.449955772483136
160,21,1.0,3.611608726729841
160,23,5.0,4.855682465376407
160,24,5.0,4.119871863751957
160,32,5.0,4.592842098565174
160,50,4.0,4.855955149577663
160,56,5.0,4.855200395060068
160,79,4.0,4.624280055471074
160,93,5.0,4.647129317791711
160,109,2.0,4.175375679985404
160,117,4.0,4.203828940001427
160,118,3.0,3.792881644183678
160,123,4.0,3.875592065787172
160,124,4.0,4.70008049362217
160,126,3.0,4.309300920569854
160,135,4.0,4.647128516052773
160,137,4.0,4.686614920180375
160,160,5.0,4.401297458166091
160,161,3.0,4.069864681333013
160,174,5.0,4.78552812352995
160,175,4.0,4.531088819058603
160,187,5.0,4.874992030482144
160,209,4.0,4.60081247784467
160,218,4.0,4.2217039922998225
160,228,2.0,4.3861436731222465
160,230,2.0,3.9957509108072977
160,234,5.0,4.459476282336772
160,328,3.0,3.963408366020554
160,412,3.0,3.531254760298387
160,430,5.0,4.7145879259698065
160,432,3.0,4.4506401068424815
160,447,4.0,4.231223697186898
160,460,2.0,3.980823904566898
160,462,4.0,4.514342829785424
160,463,4.0,4.377239790515139
160,475,5.0,4.582628795019719
160,484,5.0,4.7756747568878355
160,544,4.0,3.970134289734896
160,564,3.0,3.025621105066455
160,603,4.0,4.941293432579847
160,604,4.0,4.666994088039436
160,693,5.0,4.58944398444688
160,719,3.0,3.5887447595908912
160,762,3.0,4.1678930266644905
160,864,1.0,3.8079290604391685
160,926,2.0,3.3567450792933737
160,969,1.0,4.392241754449682
160,1016,4.0,3.94148732063255
160,1019,5.0,4.685580908353517
160,1073,4.0,4.611501271343225
160,1223,4.0,4.158647315473614
161,14,4.0,2.4718803355668726
161,48,1.0,2.6285535447162696
161,56,3.0,2.5555331152874086
161,98,4.0,2.735928161657809
161,127,3.0,2.7810856186485227
161,135,2.0,2.48665149167815
161,162,2.0,2.0968943312424813
161,168,1.0,2.5298044288116506
161,174,2.0,2.640584318531118
161,187,3.0,2.6579964459157055
161,191,2.0,2.656796029902538
161,202,5.0,2.2629489158010676
161,213,2.0,2.4634295147053384
161,215,2.0,2.209231658593346
161,274,2.0,1.959302378934789
161,276,5.0,2.330049502766347
161,286,2.0,2.369172755610382
161,318,3.0,2.9115062532283966
161,508,2.0,2.3241210164335526
161,523,3.0,2.4082237768024224
161,582,1.0,2.2857268599396643
161,654,3.0,2.5225929982309134
161,898,3.0,2.0168789948878305
161,1266,2.0,2.409711305874862
162,25,4.0,3.2902280845666674
162,42,3.0,3.7049859206034674
162,50,5.0,3.981546023562519
162,117,4.0,3.517265665250517
162,121,4.0,3.2778115864657327
162,151,3.0,3.4922593203605525
162,174,4.0,3.982833838043727
162,181,4.0,3.7371962670208037
162,222,4.0,3.4815970709464383
162,230,2.0,3.2918366210911514
162,254,3.0,2.465939714540179
162,298,4.0,3.5448533050811655
162,544,4.0,3.144780200985069
162,597,4.0,3.0109159873496925
162,628,4.0,3.3578806334205886
162,685,3.0,3.240332766098061
162,710,4.0,3.39354678627982
162,742,4.0,3.462389809080891
162,943,4.0,3.48292380551768
162,1012,4.0,3.389385723790242
162,1019,4.0,3.8985008362452116
162,1047,5.0,2.7288597856403722
163,56,4.0,3.169314579596518
163,64,4.0,3.645632506141151
163,97,4.0,3.0970888009648903
163,98,4.0,3.4243352373675076
163,216,3.0,3.2030497448026445
163,234,3.0,2.9697386360104185
163,286,3.0,2.9665341493524995
163,288,3.0,2.915795211969619
163,318,4.0,3.6408490108204195
163,347,4.0,2.9703429896151876
164,117,5.0,4.599142220974124
164,118,5.0,4.309220664577071
164,121,5.0,4.448365054883897
164,125,5.0,4.507671975040199
164,148,5.0,4.317844678175318
164,181,5.0,4.8024682862635775
164,237,2.0,4.567955867540328
164,245,5.0,4.25608925881127
164,276,3.0,4.355707932390884
164,281,4.0,4.258843688224462
164,299,4.0,3.7948186555953147
164,300,5.0,4.5978497463973085
164,313,5.0,5.0
164,322,4.0,4.208795445038589
164,323,4.0,3.973009618012208
164,331,5.0,4.367162888962306
164,333,5.0,4.5558873297727684
164,406,2.0,3.5814216715447014
164,458,4.0,4.0373402372202145
164,597,4.0,4.145195671867226
164,619,4.0,4.207661166176738
164,620,3.0,4.075672729205852
164,685,5.0,4.251925453137873
164,689,5.0,3.99708077392459
164,748,5.0,4.201552082747565
164,823,4.0,3.832004203113644
164,926,2.0,3.8097060443207775
164,930,4.0,3.881625473790908
164,984,4.0,4.230846073741485
164,1025,4.0,3.7355585862973677
165,69,3.0,4.396689909262784
165,91,4.0,4.1558961154070735
165,181,5.0,4.406547921359406
165,216,4.0,4.323805816239618
165,258,5.0,4.295619168150569
165,288,2.0,3.933306216695994
165,304,3.0,4.030097584258098
165,325,4.0,3.3207601374434774
165,332,4.0,4.0384427346914356
165,372,5.0,4.065673941512927
165,419,4.0,4.257442343814589
165,651,5.0,4.440612052796471
166,258,4.0,3.552143220698644
166,288,3.0,3.353023381041355
166,300,5.0,3.576073751563897
166,322,5.0,3.0524824662373575
166,323,5.0,3.0212106353162893
166,328,5.0,3.4015132873471163
166,343,4.0,3.0602937480309453
166,346,1.0,3.510138432525967
166,748,2.0,3.1074162989048615
166,894,4.0,2.9743415885956566
167,48,1.0,4.51348771638582
167,73,2.0,3.882415747191682
167,126,3.0,4.25893524102796
167,133,5.0,4.355038229676392
167,136,4.0,4.523465728056545
167,169,1.0,4.891988045869709
167,204,4.0,4.272920197606968
167,222,4.0,4.065758881483678
167,232,1.0,3.705115496541469
167,235,3.0,3.2804065380386116
167,290,3.0,3.5740106102167886
167,364,3.0,3.1233231216029598
167,381,5.0,4.072919043020205
167,392,1.0,4.020375266257282
167,404,3.0,4.103144497882547
167,486,4.0,4.407261764846634
167,568,3.0,3.983416937118441
167,603,4.0,4.697386508055824
167,659,4.0,4.609605482821458
167,675,1.0,3.9536014224682283
167,698,4.0,3.4824866459738106
167,719,1.0,3.0432095087443507
167,733,2.0,4.091803665005474
167,949,1.0,3.850080528083022
167,1126,5.0,3.6591454040048954
167,1147,4.0,3.9036562559770505
167,1305,1.0,3.6258517790752
167,1306,5.0,2.6994596132573836
167,1307,2.0,2.6946110638008394
167,1309,1.0,3.539195652952405
167,1310,3.0,3.539195652952405
168,7,1.0,3.4227881253114
168,15,5.0,3.651846287285253
168,25,5.0,3.2433773670752397
168,100,4.0,3.572652529259662
168,117,5.0,3.5647478581696306
168,123,3.0,2.9136769914464855
168,151,5.0,3.261545101509046
168,222,5.0,3.566365544997521
168,235,2.0,2.523129712101811
168,255,1.0,3.358871276549034
168,257,5.0,3.525202336051902
168,258,4.0,3.534728585430402
168,259,2.0,2.601839213704214
168,274,4.0,3.5053533818183706
168,281,2.0,3.2461842724461683
168,282,5.0,3.639068539864439
168,284,2.0,3.148672090908376
168,288,1.0,3.161879881639863
168,295,4.0,3.0864824842738794
168,323,3.0,2.9245383026743292
168,409,4.0,3.2285227373334084
168,411,1.0,2.760114047025222
168,472,3.0,3.043369995978917
168,596,4.0,3.1912148936077185
168,619,3.0,3.1116508617249834
168,742,5.0,3.556046979146834
168,748,2.0,3.1656924836902958
168,819,4.0,2.730325915729275
168,866,5.0,3.3571927984263406
168,988,2.0,2.512070453614546
168,1016,5.0,3.4245296935959186
168,1047,2.0,2.9238896902216407
168,1197,5.0,3.257024489546734
168,1278,3.0,3.5004662230426096
169,127,4.0,4.601647776891097
169,133,4.0,4.149021890060136
169,172,5.0,4.56797829184693
169,174,4.0,4.66501337994859
169,181,5.0,4.479083367054416
169,234,4.0,4.163741952518329
169,260,1.0,3.358603848124212
169,301,4.0,3.886044599322069
169,308,3.0,3.747787625187495
169,429,3.0,4.294309911061142
169,603,5.0,4.60655807997021
169,604,4.0,4.364012893198669
169,705,5.0,4.334159333434615
169,879,5.0,3.934518062226955
170,245,5.0,3.7596670149474063
170,292,5.0,4.076811498985483
170,299,3.0,3.402298576931462
170,328,3.0,4.011494686489168
170,333,4.0,4.059005670242068
170,749,5.0,3.9004402491752432
170,881,3.0,3.4004452458056744
171,245,3.0,3.1170314046270144
171,268,4.0,3.5381246238742508
171,292,4.0,3.3835720579672297
171,302,4.0,3.9498346662611077
171,306,3.0,3.6888890962324994
171,313,4.0,3.9488970432494854
171,327,4.0,3.235237876040636
171,344,3.0,3.465914514115776
171,1022,3.0,3.1878312575685697
172,177,4.0,3.052437853884397
172,178,3.0,3.4584179491434353
172,183,5.0,3.26259191462702
172,220,4.0,2.8272878672181436
172,430,3.0,3.2129495549526736
172,462,3.0,3.0973448618017914
172,478,3.0,3.2296125128492195
172,483,3.0,3.5617942904842486
172,485,3.0,3.1481928082349264
172,488,3.0,3.4322846122218333
172,514,3.0,3.1263803784495376
172,580,4.0,2.7899003198568995
172,582,4.0,2.8232454786492176
172,603,3.0,3.509160479717598
172,657,3.0,3.4083209701763844
172,697,3.0,2.450402494423164
172,1134,2.0,2.8727509894249605
172,1172,3.0,2.9551630552709236
173,242,5.0,5.0
173,260,4.0,3.7818274749982748
173,268,4.0,4.845907377738128
173,286,5.0,4.7541579153723665
173,289,4.0,4.18111708562418
173,292,5.0,4.594973137783908
173,294,5.0,4.212829367685734
173,300,4.0,4.620180620083657
173,322,4.0,4.064335859199831
173,323,5.0,3.998740685433227
173,328,5.0,4.415090637806408
173,678,3.0,3.8685096313911376
173,879,5.0,4.252832025067203
173,880,4.0,4.16682401844718
173,938,3.0,4.110772972734551
173,1265,3.0,4.030251345072843
174,13,3.0,4.1204224273789
174,14,5.0,4.533161312622193
174,21,1.0,3.2509224069446025
174,28,5.0,4.532294858769576
174,29,2.0,3.2033634387214196
174,40,4.0,3.468534870712027
174,41,1.0,3.189228506711945
174,49,4.0,3.877321350743996
174,56,5.0,4.534113672456449
174,63,4.0,3.440149370603402
174,66,5.0,4.234565639834448
174,67,1.0,3.2758472507191323
174,80,1.0,2.9351370559138834
174,82,1.0,4.36003522216296
174,94,2.0,3.4193590802635967
174,107,5.0,4.070645494446759
174,117,5.0,4.205151621670796
174,118,2.0,3.802421762772263
174,122,1.0,2.9590365507995235
174,124,5.0,4.731950430498088
174,138,1.0,2.895524555172937
174,160,5.0,4.167455060616235
174,162,5.0,4.337963306300436
174,196,5.0,4.638933824437327
174,197,5.0,4.6812355706958435
174,204,4.0,4.4711042986091
174,216,5.0,4.609438513813267
174,237,4.0,4.387950136328428
174,248,5.0,4.308962573528001
174,255,5.0,4.183620775483969
174,268,5.0,4.390759947413829
174,272,5.0,4.962761078533713
174,276,5.0,4.237559002580163
174,288,3.0,3.9175536475046724
174,293,5.0,4.3347387492766
174,312,5.0,4.186145932257996
174,315,5.0,4.6411218228658155
174,332,5.0,4.214131057944548
174,333,4.0,4.204850537520539
174,347,4.0,4.224805159510549
174,368,1.0,2.131085091921804
174,369,1.0,2.9392577033236327
174,383,1.0,2.538829824865134
174,393,4.0,3.9963593456822855
174,395,1.0,2.9288864598606494
174,396,1.0,3.0716107511897333
174,402,5.0,4.130608501316752
174,412,1.0,2.6901393970708107
174,415,3.0,3.5397542338947483
174,423,2.0,4.504031530200843
174,456,1.0,2.6576395752635373
174,458,4.0,3.652909140261934
174,471,5.0,4.237141966737512
174,476,4.0,3.9798735078957432
174,571,1.0,2.8198837270744477
174,575,1.0,2.675923357255826
174,577,1.0,2.738715005837768
174,597,3.0,3.703059646329461
174,655,5.0,4.52956881692797
174,660,5.0,4.552608794222204
174,699,5.0,4.454078601635202
174,762,5.0,4.149913277518985
174,768,1.0,3.5724958700084835
174,823,4.0,3.4724955298220594
174,845,5.0,4.05355446949375
174,862,1.0,2.4439236460794156
174,902,3.0,4.387359463725641
174,937,5.0,3.83616442575822
174,949,5.0,4.023815847407982
174,950,3.0,4.100472163662834
174,1001,1.0,2.3371572221794783
174,1014,3.0,3.655708647847862
174,1028,4.0,3.4735669619186216
174,1032,3.0,3.9554800733521454
174,1033,1.0,3.335380159250249
174,1041,5.0,3.785666914155202
174,1053,5.0,3.9197727365488473
174,1139,2.0,3.311624974751413
174,1230,1.0,2.7318981838407637
174,1254,1.0,2.6654836536143147
174,1312,4.0,3.697736886713427
175,9,4.0,3.8551938726040578
175,31,4.0,3.9151810523802704
175,56,2.0,4.0729837680030325
175,71,4.0,4.095323231252054
175,96,3.0,4.261226987036587
175,127,5.0,4.314684731766722
175,132,3.0,4.269661556805225
175,176,3.0,4.203594316588493
175,183,4.0,4.1937431216496845
175,215,5.0,4.093329099809553
175,483,5.0,4.527552381490743
175,496,5.0,4.3446278545091905
175,629,3.0,3.5327911563823844
175,660,3.0,4.029149392803767
175,669,1.0,2.9945099572554263
176,13,4.0,3.6731562103909634
176,50,5.0,4.2859319426382125
176,100,5.0,4.225081448637629
176,236,4.0,3.817214179855185
176,240,4.0,3.2633830696749566
176,250,4.0,3.5490561465242276
176,258,4.0,3.8901624044344243
176,270,4.0,3.893534359889498
176,272,5.0,4.3616231982337155
176,288,3.0,3.5799503776487223
176,294,2.0,3.2992386223394665
176,297,3.0,4.091968516597597
176,303,3.0,3.9395151063247136
176,305,5.0,4.008983707697206
176,324,5.0,3.507293908024548
176,327,3.0,3.7544878849709566
176,750,4.0,3.9829899120796672
176,751,1.0,3.608623633090856
176,875,4.0,3.335353833727431
176,948,4.0,2.617382150959299
176,1012,4.0,3.725139766005091
177,1,3.0,4.018970129687609
177,22,4.0,4.173278669058469
177,47,3.0,4.079762646149092
177,56,5.0,4.326933593876118
177,59,4.0,4.166532657460424
177,69,1.0,3.993150206569654
177,79,4.0,4.17073160853274
177,87,4.0,4.189627398048591
177,89,5.0,4.396250037395009
177,100,5.0,4.345998582634697
177,124,3.0,4.15134912416153
177,150,4.0,3.9749286819115572
177,168,4.0,4.275849890177863
177,172,5.0,4.400488560742044
177,175,5.0,4.0902646665136215
177,179,5.0,4.343321053359148
177,182,5.0,4.30013340713975
177,195,4.0,4.106330570777685
177,196,3.0,4.076076007911466
177,197,4.0,4.309503078705073
177,198,4.0,4.2870428011269635
177,203,4.0,4.180441700332394
177,209,4.0,4.245398213381111
177,243,1.0,2.382997090739771
177,245,3.0,3.1273630729631354
177,260,2.0,2.906580746847887
177,270,1.0,3.7174698755144027
177,271,2.0,3.4352969009709624
177,276,5.0,3.8887208925270778
177,289,2.0,3.1085574802641327
177,294,4.0,3.2477690394615997
177,299,4.0,3.061530411111137
177,300,2.0,3.5550437901142824
177,318,4.0,4.558268639863404
177,321,2.0,3.4225526646008664
177,333,4.0,3.5972993525311594
177,334,3.0,3.5642833146268793
177,336,2.0,2.8265958980605053
177,338,3.0,2.870226537160886
177,403,5.0,3.7317130678479327
177,433,4.0,3.945598564643727
177,470,5.0,3.8025202988277194
177,475,4.0,4.090378253372275
177,508,4.0,3.9039087788217888
177,651,3.0,4.321868272889992
177,689,3.0,2.9592060565447804
177,878,1.0,2.453961521760273
177,919,4.0,4.1312983445695135
177,948,2.0,2.723429208264328
177,960,3.0,4.007556058521002
177,1039,3.0,4.309376102607697
177,1067,4.0,3.680937518490857
178,8,4.0,4.523704863669204
178,15,5.0,4.204200454443157
178,16,4.0,3.6630628845937245
178,22,5.0,4.768246576052845
178,25,3.0,3.7997279006522993
178,28,5.0,4.543083183940607
178,39,2.0,3.6853719343061377
178,55,4.0,4.1378715144439155
178,58,5.0,4.267799359022461
178,70,4.0,4.241878348711098
178,71,4.0,4.367389350184423
178,73,5.0,4.113715033657889
178,76,3.0,4.233689749239984
178,83,4.0,4.616881540370207
178,89,4.0,4.620560324006532
178,96,4.0,4.635634124503527
178,98,5.0,4.74876856349285
178,99,4.0,4.314080833287301
178,106,2.0,3.1444290254722462
178,117,4.0,4.106477038310722
178,121,5.0,3.994733260144896
178,125,4.0,4.008471469296988
178,131,4.0,4.134145430182357
178,134,3.0,4.466901974427479
178,135,2.0,4.292443933189602
178,148,4.0,3.610606305672565
178,178,4.0,4.610305894047768
178,179,2.0,4.186776768390341
178,181,5.0,4.610983996566604
178,183,4.0,4.545739297904845
178,187,4.0,4.594646601686929
178,193,4.0,4.471127321904076
178,195,4.0,4.516578966175397
178,196,4.0,4.45442017147282
178,199,4.0,4.621935563721397
178,204,4.0,4.485716832067729
178,209,4.0,4.207278899352815
178,210,5.0,4.543226968599891
178,214,1.0,3.865710171391041
178,216,4.0,4.43549022691648
178,218,3.0,4.058868356864693
178,228,5.0,4.479839883759391
178,234,4.0,4.26880125250834
178,241,5.0,4.274482578906829
178,244,1.0,3.5028265057435037
178,245,3.0,3.5499602047473435
178,248,4.0,3.785302869705942
178,250,4.0,3.8380623984790816
178,255,4.0,3.716478700603312
178,257,5.0,4.110031114957548
178,258,4.0,4.199864765628961
178,259,1.0,3.2446593853167602
178,271,4.0,3.5262692760976933
178,273,3.0,3.9445185682694044
178,275,5.0,4.283175362486109
178,276,3.0,3.8242884474751646
178,282,3.0,4.054639761433766
178,284,4.0,3.725425841356986
178,286,3.0,3.8591827201539095
178,288,5.0,3.7833388400074437
178,294,2.0,3.7122274553497223
178,302,4.0,4.340578743737527
178,317,4.0,4.394516301076573
178,323,3.0,3.359961514874767
178,326,4.0,3.620187332539517
178,332,3.0,3.67431441425572
178,342,4.0,3.232613006022052
178,358,1.0,2.91335780831304
178,363,3.0,3.198035319453874
178,367,4.0,4.112090641488537
178,385,4.0,4.219058605519708
178,427,5.0,4.643103043811643
178,431,4.0,4.281407967175355
178,433,4.0,4.2146495264769825
178,454,4.0,3.584260049870022
178,455,3.0,3.6800832676062916
178,458,3.0,3.478324300825493
178,465,3.0,4.008497998110987
178,478,5.0,4.454185966199234
178,480,3.0,4.658358443989533
178,491,4.0,4.210631607746031
178,495,4.0,3.9510417482417552
178,500,4.0,4.3589330934382335
178,508,3.0,3.8409092748926197
178,510,4.0,4.391542602362777
178,520,5.0,4.607095130056617
178,540,3.0,3.251535230330983
178,546,3.0,3.5415104545894414
178,549,4.0,4.101336313157342
178,566,4.0,4.248607170378436
178,568,4.0,4.258123470427479
178,596,3.0,3.900556137189838
178,597,4.0,3.50380147985003
178,619,3.0,3.38130900610915
178,651,4.0,4.702583520189284
178,655,4.0,4.4278961267445816
178,678,3.0,3.3125155546303175
178,682,3.0,3.237822895325844
178,696,4.0,3.2867124918909982
178,731,4.0,3.8129927611137893
178,739,4.0,4.054445804514988
178,742,3.0,3.9913584315898887
178,746,3.0,4.291875959045883
178,762,3.0,3.786181842030082
178,845,4.0,3.8802036754221083
178,849,3.0,3.4127934347378073
178,864,2.0,3.504141996727168
178,866,4.0,3.5788377432697946
178,877,2.0,2.823076697142271
178,895,3.0,3.4150441284561808
178,926,4.0,3.195195790964614
178,978,2.0,2.848843675086996
178,984,2.0,3.1771188202327
178,1004,4.0,3.805234636092931
178,1012,4.0,3.80204157690565
178,1035,4.0,3.7073768429532232
178,1051,3.0,3.35350854384096
178,1169,4.0,4.142394140456451
178,1283,3.0,2.8921160547900566
178,1300,3.0,3.1062878246587804
179,258,5.0,3.385973729968378
179,269,3.0,3.3279537421660454
179,272,5.0,3.7968683354086172
179,301,4.0,2.724643121760505
179,303,1.0,3.1609520497453856
179,305,4.0,2.758367589200776
179,310,4.0,3.277923343193402
179,315,5.0,3.321735340694168
179,316,5.0,3.568874224871844
179,331,2.0,3.0760597801956657
179,339,1.0,2.890831548698965
179,345,1.0,2.7685335923506145
179,346,3.0,2.9232398289221293
179,354,4.0,3.024106533639289
179,750,1.0,3.0868371762213265
179,751,1.0,2.9339628155705046
179,895,5.0,3.089646296533794
179,905,4.0,3.0425984177372154
179,1316,3.0,2.3246658275110956
180,28,3.0,4.231112415826416
180,56,5.0,4.286512383516564
180,67,1.0,3.446129362234929
180,68,5.0,3.8366078419455807
180,69,4.0,4.1788783295117655
180,79,3.0,4.354289261471177
180,83,5.0,4.402131650397866
180,111,5.0,3.8420232988539644
180,121,5.0,3.7253614438978992
180,156,5.0,4.161550697445456
180,173,5.0,4.343961004121677
180,202,3.0,4.063381240617116
180,204,3.0,4.054308543556872
180,213,5.0,4.3596150893151275
180,216,5.0,4.207159468556354
180,403,3.0,3.845560558435264
180,421,5.0,4.083617522031148
180,423,4.0,4.1006107496092215
180,431,4.0,3.878167699927427
180,433,5.0,3.9910388895315982
180,462,5.0,4.221456103440943
180,631,5.0,4.013521275879356
180,694,5.0,4.380304910048668
180,716,1.0,3.641626856259907
180,732,3.0,3.9435999669847095
180,737,3.0,3.6524020900831036
180,762,4.0,3.913761301913776
180,1119,3.0,3.950173493724743
180,1131,5.0,4.525554689923064
181,1,3.0,1.9887961603429987
181,3,2.0,1.0931385360987478
181,7,4.0,1.694129375837514
181,9,4.0,1.710892292377351
181,10,2.0,1.298793311233418
181,13,2.0,1.308049906894285
181,14,1.0,1.6953577497320373
181,16,1.0,1.0550826755217813
181,20,1.0,1.1472564356614998
181,21,1.0,1.0
181,25,5.0,1.7292694119349727
181,103,1.0,1.0
181,112,1.0,1.0
181,121,4.0,1.7814440474750537
181,123,2.0,1.2493651216716315
181,124,1.0,1.7796027854917704
181,125,3.0,1.8790745937470281
181,146,1.0,1.0
181,147,1.0,1.5901334399716882
181,148,2.0,1.5846881395481809
181,149,1.0,1.0
181,150,1.0,1.6317220594685766
181,220,4.0,1.953385943067633
181,221,1.0,1.360878165225536
181,225,3.0,1.228485377016907
181,240,1.0,1.0
181,243,1.0,1.0
181,251,1.0,1.6749303640386421
181,256,1.0,1.0
181,258,3.0,1.8549480142758392
181,260,1.0,1.0
181,261,1.0,1.0
181,262,2.0,1.2664005407728962
181,264,2.0,1.0
181,266,1.0,1.0
181,268,1.0,1.6310013953098426
181,269,1.0,1.7051033289388429
181,276,2.0,1.5781099143399295
181,277,1.0,1.4259805163108754
181,278,2.0,1.6289091473748907
181,279,1.0,1.0
181,283,3.0,1.8106938250863762
181,284,2.0,1.512795401254738
181,286,1.0,1.4482485001957999
181,288,4.0,1.5937005215554076
181,301,2.0,1.3656039200756207
181,302,2.0,1.9448826287511478
181,304,1.0,1.4636092329243309
181,306,1.0,1.5936223519976838
181,308,1.0,1.0
181,319,3.0,1.0563409501865322
181,321,2.0,1.1330832576077015
181,324,1.0,1.0
181,325,2.0,1.0
181,327,3.0,1.1695012780136982
181,328,3.0,1.5648347330926469
181,329,1.0,1.0
181,330,1.0,1.0
181,334,1.0,1.0810922491853292
181,335,1.0,1.0
181,337,1.0,1.0186487844765342
181,359,1.0,1.0
181,368,1.0,1.0
181,369,3.0,1.0
181,405,4.0,1.5608108321285359
181,406,1.0,1.0
181,408,1.0,2.290877873067428
181,424,1.0,1.0
181,457,1.0,1.0
181,458,3.0,1.2092638165986185
181,459,1.0,1.746534002790901
181,472,1.0,1.247771798518999
181,597,3.0,1.316286608648824
181,619,3.0,1.3430269420067065
181,620,2.0,1.334727743882738
181,676,3.0,1.4227636413288214
181,680,1.0,1.0
181,682,4.0,1.0652723593606948
181,688,1.0,1.0
181,690,3.0,1.3498980867763386
181,696,2.0,1.4210787428655962
181,740,2.0,1.6823094520235282
181,741,1.0,1.0979915146885655
181,742,4.0,1.831917908772469
181,748,1.0,1.415372235871211
181,762,2.0,1.7288555051431311
181,763,1.0,1.4068620541753343
181,764,1.0,1.0154066546569136
181,766,1.0,1.0
181,819,3.0,1.0010083740490727
181,823,2.0,1.0
181,824,1.0,1.0
181,825,1.0,1.014121421297404
181,827,2.0,1.0
181,829,1.0,1.0
181,832,1.0,1.0
181,834,3.0,1.0
181,840,1.0,1.0
181,841,1.0,1.0
181,846,3.0,1.2960038229558393
181,866,1.0,1.6546726522966972
181,870,2.0,1.0
181,872,1.0,1.0
181,873,1.0,1.1204483059313373
181,874,1.0,1.0
181,878,1.0,1.0
181,879,2.0,1.11344355033405
181,881,1.0,1.0
181,882,1.0,1.2993028089489314
181,886,1.0,1.1386020227883158
181,887,1.0,1.0643585000194316
181,922,1.0,1.1773777077903662
181,925,2.0,1.2338467704169562
181,926,1.0,1.0
181,927,1.0,1.0066538143079846
181,928,3.0,1.23993616037829
181,929,1.0,1.0
181,930,1.0,1.0
181,933,1.0,1.0
181,937,3.0,1.257913317541802
181,938,1.0,1.0
181,948,1.0,1.0
181,950,1.0,1.0830863994244866
181,952,1.0,1.0
181,975,2.0,1.3067598042092028
181,976,1.0,1.0
181,978,1.0,1.0
181,979,2.0,1.3327228078736426
181,980,1.0,1.0133607142628915
181,984,1.0,1.0
181,985,1.0,1.043616974624078
181,986,2.0,1.0
181,990,1.0,1.0
181,995,1.0,1.0
181,1001,1.0,1.0
181,1009,1.0,1.1055901153404029
181,1010,1.0,1.1395082214349483
181,1015,1.0,1.0
181,1017,1.0,1.0
181,1028,2.0,1.3223546080932214
181,1040,1.0,1.0741947865267245
181,1048,2.0,1.1381880676378242
181,1049,1.0,1.0
181,1051,2.0,1.4723591538497405
181,1052,2.0,1.0
181,1057,2.0,1.0
181,1060,1.0,1.093599936493391
181,1067,1.0,1.1955876029419943
181,1068,1.0,1.1379089557758166
181,1081,1.0,1.0
181,1087,1.0,1.0
181,1093,1.0,1.0
181,1094,1.0,1.0
181,1120,1.0,1.0
181,1128,1.0,1.0
181,1129,1.0,1.1549728486619197
181,1134,2.0,1.4382590806467603
181,1151,1.0,1.0
181,1164,3.0,1.0
181,1165,1.0,1.0
181,1174,1.0,1.0
181,1198,1.0,1.0
181,1202,1.0,1.2011998204948942
181,1259,1.0,1.0
181,1265,1.0,1.0
181,1272,1.0,1.0
181,1282,1.0,1.4130055196345421
181,1284,1.0,1.2152674768847507
181,1288,1.0,1.0
181,1289,1.0,1.0
181,1291,1.0,1.0
181,1295,1.0,1.0
181,1312,1.0,1.0
181,1318,1.0,1.107410046223527
181,1320,1.0,3.539195652952405
181,1322,1.0,1.0
181,1324,1.0,1.0
181,1327,1.0,1.0
181,1330,1.0,1.1297728049858349
181,1332,1.0,1.0
181,1333,1.0,1.1121021783146596
181,1334,1.0,1.0
181,1336,1.0,1.0
181,1342,1.0,1.4175318903764218
181,1343,1.0,3.539195652952405
181,1344,1.0,1.2374590660158344
181,1346,1.0,1.0
181,1347,1.0,1.3685284329487803
181,1348,1.0,3.539195652952405
181,1351,1.0,1.0
181,1354,1.0,1.181615288329414
181,1357,1.0,1.0
181,1360,1.0,1.0
181,1361,1.0,1.0
181,1362,1.0,1.187395687237554
181,1364,1.0,3.539195652952405
181,1367,2.0,1.1842506860400457
181,1369,1.0,1.1215491845453593
181,1370,1.0,1.0
181,1371,1.0,1.0
181,1373,1.0,3.539195652952405
181,1374,1.0,1.0
181,1375,1.0,1.2657201762191015
181,1376,1.0,1.0
181,1377,1.0,1.427087171313349
181,1378,1.0,1.0
181,1379,1.0,1.0
181,1383,1.0,1.0
181,1384,1.0,1.0
181,1385,1.0,1.1778779388699094
181,1386,1.0,1.0
181,1387,1.0,1.0
181,1388,1.0,1.111203445521769
181,1390,1.0,1.0
181,1392,1.0,1.0
181,1393,1.0,1.0
181,1395,1.0,1.0
182,69,5.0,4.449345127307922
182,100,3.0,4.513509649159803
182,121,3.0,4.115763880883324
182,123,4.0,3.8035008014371887
182,172,5.0,4.755355194733646
182,222,3.0,4.286498888455198
182,237,3.0,4.288727071666657
182,283,2.0,4.2694427876703775
182,293,3.0,4.324054367549013
182,423,5.0,4.416375400621871
182,471,4.0,4.209775883990513
182,763,3.0,3.9889555440698423
182,845,3.0,4.112638425324638
182,864,4.0,3.9791423373351265
183,54,2.0,3.0149979580943147
183,88,3.0,3.1642193738495576
183,96,3.0,3.493325676170228
183,159,4.0,2.912010310033595
183,203,3.0,3.4062974352514352
183,222,4.0,3.268503904103267
183,225,1.0,2.6813143519841214
183,227,4.0,3.025814363401529
183,241,4.0,3.2064672137477483
183,250,2.0,2.953843097692624
183,257,2.0,3.201288783949465
183,265,2.0,3.488115814984347
183,270,3.0,3.260535725332763
183,273,4.0,3.131995988097308
183,294,3.0,2.7905541966471
183,331,3.0,3.0231486105489234
183,405,4.0,2.9175601993264952
183,450,3.0,2.3935595601703974
183,483,5.0,3.83601084324137
183,485,5.0,3.3866325088049622
183,562,3.0,2.73121245915235
183,720,4.0,2.623818693698638
183,1217,3.0,2.672724745776347
184,9,5.0,4.032017475862239
184,11,3.0,3.836152200761799
184,13,3.0,3.749854678964574
184,14,4.0,4.285436429407544
184,15,3.0,3.7181851083297044
184,22,3.0,4.032965751762283
184,34,2.0,3.4723008129536805
184,36,3.0,2.8373582138138778
184,47,4.0,3.8970646845056316
184,52,4.0,3.999281476934247
184,57,5.0,4.044449968843434
184,58,4.0,3.850767426843588
184,64,4.0,4.357149957625743
184,67,3.0,3.040909220510021
184,69,3.0,3.9005493867245264
184,70,4.0,3.8817615214133885
184,71,4.0,3.643006678300339
184,72,3.0,3.168952574845588
184,77,3.0,3.2755270173132773
184,86,5.0,4.160819967424739
184,88,3.0,3.5210823832933893
184,89,4.0,4.255494583475625
184,91,3.0,3.7456259900479965
184,92,3.0,3.7767446011541783
184,98,4.0,4.315143879893022
184,100,5.0,4.198071949797664
184,116,4.0,4.22421818611106
184,124,5.0,4.313261566696194
184,126,3.0,3.788105747071891
184,132,5.0,4.212323935056489
184,137,5.0,4.274610239460263
184,143,3.0,3.857139236517213
184,153,3.0,3.918864470829507
184,155,3.0,3.07693030608034
184,161,2.0,3.329294133089616
184,164,3.0,3.5131480467941807
184,172,4.0,4.217852240042471
184,174,3.0,4.269304076904129
184,181,4.0,3.948344303611183
184,187,4.0,4.342192426650797
184,191,4.0,4.402165757058076
184,196,4.0,3.977094664640344
184,202,3.0,3.886433509709188
184,207,4.0,4.081859538571772
184,208,4.0,4.0886137458135865
184,217,3.0,3.254935323969761
184,218,3.0,3.4413465433093107
184,231,3.0,2.824903709600858
184,237,4.0,3.612646691745102
184,250,4.0,3.3514871021341497
184,252,2.0,2.8999226552729382
184,254,2.0,2.595151738771863
184,255,3.0,3.229196010670185
184,258,3.0,3.795397491535703
184,259,3.0,2.7697168716382374
184,275,5.0,4.180419562038403
184,277,3.0,3.8219678381598214
184,286,4.0,3.9731920509496077
184,287,4.0,3.7743641529409873
184,321,5.0,3.520490355263524
184,382,5.0,3.8078346059189303
184,405,2.0,3.195713708155481
184,410,3.0,3.2351978757703455
184,412,2.0,2.699237435870805
184,423,4.0,3.899865682775822
184,447,3.0,3.5129153831401085
184,458,3.0,3.359026677876809
184,462,4.0,4.2032059223425
184,478,4.0,4.3266626537970625
184,497,4.0,4.126219745132542
184,498,5.0,4.336068943972967
184,511,4.0,4.425429700153016
184,514,5.0,4.32138340223968
184,515,5.0,4.4364651714636745
184,517,4.0,4.033226537593156
184,521,4.0,4.136738527154483
184,522,3.0,4.029020926228773
184,531,4.0,4.061017184262481
184,553,3.0,3.3334400970939355
184,559,3.0,3.2174152732288652
184,568,2.0,3.493013828511892
184,582,4.0,3.922785384531843
184,584,3.0,3.6609185119342227
184,588,5.0,3.8215842060080867
184,602,4.0,3.9912562834865284
184,604,4.0,4.344589249993802
184,606,5.0,4.399573956822863
184,642,4.0,3.806167796695673
184,645,3.0,3.742939100555338
184,647,5.0,4.378349796958592
184,660,3.0,3.7726604791119667
184,665,2.0,2.928161255178992
184,693,3.0,3.9462715742735677
184,699,5.0,3.71980276153576
184,716,3.0,3.3552383669633503
184,729,3.0,3.4697193621247884
184,742,3.0,3.411807500795255
184,766,3.0,3.670665177702379
184,780,4.0,3.284781389242998
184,805,3.0,3.9270864247573547
184,836,4.0,3.974738940960696
184,855,4.0,4.031016298804191
184,942,3.0,3.681879429182072
184,949,3.0,3.550024245510658
184,950,4.0,3.621035172781744
184,972,3.0,3.530839241516465
184,995,3.0,3.8321028977824008
184,1006,3.0,3.573416876998742
184,1010,4.0,3.6031590266474725
184,1012,3.0,3.5716955722349155
184,1020,4.0,4.18771195723597
184,1136,4.0,3.1212614334495137
184,1137,5.0,4.0521062520786595
184,1195,3.0,3.9282556796074504
184,1232,3.0,3.0203579438247936
184,1396,4.0,4.111591588183229
184,1397,3.0,3.7342721376988957
184,1398,5.0,4.263537608379426
185,15,3.0,4.084524707162378
185,23,4.0,4.357155296676463
185,28,5.0,4.2104573887250565
185,86,5.0,4.14130625537463
185,114,4.0,4.555515746887828
185,127,5.0,4.54939811007087
185,196,4.0,4.1347766574777784
185,197,5.0,4.3590454488317985
185,199,4.0,4.4585771963823495
185,216,4.0,4.292283316153524
185,223,4.0,4.301109444184717
185,237,4.0,4.044403852177108
185,269,5.0,4.241717449659403
185,275,4.0,4.28700507628074
185,279,4.0,3.831636446361703
185,285,5.0,4.459528215460621
185,287,5.0,3.9548988576553006
185,318,4.0,4.673817069151202
185,447,4.0,3.831905211445912
185,515,4.0,4.509924771324754
185,528,4.0,4.376089274300954
185,638,4.0,4.040255152042629
185,740,4.0,3.9039665968748567
185,939,3.0,3.950351360352129
186,31,4.0,3.754491005523171
186,44,5.0,3.274940029114984
186,53,1.0,3.1714874950291914
186,71,5.0,3.8378361075129646
186,95,3.0,3.824857210676517
186,100,4.0,3.7473184372882313
186,117,5.0,3.5528879787379477
186,118,2.0,3.2927028907996165
186,148,4.0,3.1657826769644095
186,225,4.0,3.0369420117270236
186,226,5.0,3.56510817094228
186,237,2.0,3.5466489725316657
186,250,1.0,3.340890116215322
186,257,4.0,3.6143937418809506
186,263,3.0,2.4944702973818966
186,281,4.0,3.199483028131467
186,288,1.0,3.2123179632141237
186,299,3.0,2.7909359110763354
186,300,5.0,3.460493649521478
186,302,3.0,3.740408926886523
186,322,5.0,3.018867065623742
186,327,3.0,3.191922936844196
186,333,3.0,3.3561097178300456
186,338,3.0,2.7834798864468278
186,385,4.0,3.754943706268201
186,406,1.0,2.7056604045544557
186,470,5.0,3.701900607045113
186,546,4.0,3.122525723383142
186,550,4.0,3.50870118669964
186,554,1.0,3.1094656440320407
186,566,5.0,3.655827277245011
186,588,4.0,3.841936467123504
186,591,4.0,3.518474291308806
186,596,4.0,3.2322306249866726
186,717,3.0,2.9301227858475993
186,742,3.0,3.5474453593143807
186,770,2.0,3.1992285503399995
186,925,5.0,3.3672586850988364
186,939,5.0,3.7566351421518713
186,977,3.0,3.154031347348869
186,983,3.0,2.5920894511014754
186,988,4.0,2.478078743302984
186,1253,4.0,3.134444440443275
186,1277,4.0,3.1898424894851782
187,28,4.0,4.545953083565865
187,64,5.0,4.885160541468239
187,70,4.0,4.346537340333037
187,86,4.0,4.563400497930788
187,116,5.0,4.587922910031643
187,135,4.0,4.565415786008541
187,175,2.0,4.451152942950521
187,191,5.0,4.728966334266211
187,196,4.0,4.49661036652033
187,210,4.0,4.470294217501683
187,215,3.0,4.203728312493047
187,275,5.0,4.647901881752656
187,427,5.0,4.794628181776844
187,433,4.0,4.401481575013967
187,522,3.0,4.618832977292681
187,523,3.0,4.51928102712612
187,582,1.0,4.405079194648909
187,659,5.0,4.709539017643932
187,732,3.0,4.218686954919866
187,747,4.0,4.196208462106797
187,792,5.0,4.453495761885572
187,1119,3.0,4.321316594282537
188,7,5.0,4.243626879231078
188,13,4.0,3.893432698444924
188,38,3.0,3.618329230837341
188,56,4.0,4.466155253079224
188,66,3.0,4.026553889875182
188,69,4.0,4.418108956593436
188,77,4.0,3.9826644040491095
188,79,5.0,4.544093213782344
188,88,4.0,4.045543849808444
188,96,5.0,4.476034143666334
188,98,5.0,4.7484335177906996
188,127,4.0,4.655022383391841
188,143,5.0,4.349189379054801
188,148,4.0,3.7188077514038085
188,159,3.0,3.884022332215068
188,161,3.0,4.064235994625183
188,164,4.0,4.142556536230307
188,173,5.0,4.623838173394375
188,181,3.0,4.43334626870846
188,185,4.0,4.6054131978452535
188,191,3.0,4.623439353519015
188,195,3.0,4.364433371574494
188,202,2.0,4.299749834378241
188,204,4.0,4.318207958202484
188,205,3.0,4.557103331780062
188,209,2.0,4.372680019601713
188,210,4.0,4.422310059963993
188,211,4.0,4.425907993514778
188,216,5.0,4.4426369641924515
188,218,5.0,4.049105206079837
188,233,3.0,3.8807295012388208
188,234,4.0,4.274253383841687
188,237,3.0,4.135748679950477
188,240,1.0,3.2701660643427086
188,326,3.0,3.672453332424914
188,357,4.0,4.797577370442516
188,392,5.0,4.099808806704894
188,419,5.0,4.349475078059139
188,443,4.0,4.373010188047827
188,474,4.0,4.70006611905805
188,485,3.0,4.373626869668605
188,504,3.0,4.305238011769841
188,511,2.0,4.683569810382023
188,554,2.0,3.581700862519274
188,628,5.0,3.9552974639814997
188,632,5.0,4.430709406488796
188,692,5.0,4.150983583790345
188,717,4.0,3.4508537292083736
188,732,3.0,4.213418770157308
188,769,2.0,3.0393105217334986
188,792,2.0,4.266426737180087
188,864,2.0,3.6763556503098367
188,930,4.0,3.346548289063104
188,1213,2.0,3.477725929636155
189,1,5.0,4.287493972787843
189,9,3.0,4.516140983777395
189,15,2.0,4.095773825399171
189,16,3.0,4.011063774809698
189,20,5.0,4.188854580037399
189,21,2.0,3.451737992098439
189,30,4.0,4.4809300480696
189,31,3.0,4.01752556644395
189,45,3.0,4.535159534492349
189,56,5.0,4.667317418161607
189,60,3.0,4.50848087912104
189,79,3.0,4.499972114371609
189,91,3.0,4.251185634133263
189,96,5.0,4.436101285606217
189,100,4.0,4.657831002442728
189,120,1.0,2.6752407732509336
189,121,2.0,3.6785922710290633
189,127,4.0,4.824093754303789
189,129,3.0,4.361859390166107
189,134,5.0,4.871761261664461
189,135,4.0,4.62499276241596
189,143,5.0,4.350402099802967
189,173,5.0,4.715272231885191
189,174,5.0,4.800585347355118
189,176,4.0,4.489123912092911
189,194,5.0,4.6452445405303155
189,197,5.0,4.706884718828461
189,203,3.0,4.429585368246605
189,216,5.0,4.584757964242926
189,225,4.0,3.340380863585599
189,234,5.0,4.433232777725084
189,248,4.0,4.161512641802146
189,253,4.0,4.013664604011639
189,268,4.0,4.277846190617532
189,274,4.0,3.8715034832497524
189,275,5.0,4.548061856910133
189,276,3.0,4.19813845356505
189,281,2.0,3.4942115381110734
189,294,5.0,3.5472034054958317
189,381,3.0,4.247090922035015
189,462,5.0,4.545892128792744
189,474,5.0,4.852233324971012
189,479,5.0,4.903405680111815
189,480,5.0,4.938167894058906
189,483,5.0,4.928304993520028
189,484,5.0,4.729117204891768
189,496,5.0,4.643337151643944
189,505,5.0,4.576024208733316
189,510,5.0,4.5523852387017625
189,512,4.0,4.539801722197564
189,513,4.0,4.60358449805604
189,520,5.0,4.679315135671777
189,526,4.0,4.4922106658298375
189,596,3.0,3.76795536697571
189,607,4.0,4.5976300891357
189,618,2.0,4.150409812395692
189,632,5.0,4.469739218982011
189,634,3.0,4.112285112367205
189,638,5.0,4.173225963508745
189,639,4.0,4.224124284469815
189,652,5.0,4.533353231668377
189,657,5.0,4.725684273765035
189,694,4.0,4.655216300260996
189,705,4.0,4.610923549891206
189,732,2.0,4.204801283761181
189,751,4.0,3.934099699692097
189,815,3.0,3.4036549308811654
189,820,1.0,3.392542445786404
189,847,4.0,4.391024695016925
189,1005,4.0,4.4100322060613655
189,1021,5.0,4.334121556099271
189,1060,5.0,3.7793720358516936
189,1098,4.0,4.27221904408075
189,1099,5.0,4.486073461331238
189,1115,4.0,4.053205804624888
189,1117,5.0,3.6916204336404315
189,1372,4.0,4.04828449224244
189,1403,4.0,3.0281398334727374
190,117,4.0,3.67034338294792
190,118,3.0,3.3130906851209194
190,147,4.0,3.4485844421738503
190,222,4.0,3.624776080375371
190,269,4.0,3.8551000951266197
190,282,3.0,3.6985034211886862
190,291,3.0,3.3130911397732916
190,294,3.0,3.299899779327467
190,300,4.0,3.6959258812470557
190,302,5.0,4.09570603791933
190,333,4.0,3.6905315843129625
190,340,1.0,3.4996997527795357
190,363,2.0,2.8501952255922296
190,405,4.0,3.303359728298503
190,628,4.0,3.4618552876459456
190,717,3.0,2.976105337334851
190,742,3.0,3.575523812772023
190,748,3.0,3.16347851982851
190,751,4.0,3.4421356773342744
190,895,3.0,3.3985252369622376
190,974,2.0,3.2519637257877307
190,977,2.0,2.8219087381249284
190,1313,2.0,3.2921756752683047
191,86,5.0,4.374521747259112
191,269,3.0,4.494344803068074
191,270,3.0,4.341641985809327
191,272,4.0,4.918611495127249
191,286,4.0,4.263024076889478
191,288,3.0,4.141369199513015
191,301,4.0,3.972911828454525
191,302,4.0,4.7886875944697875
191,307,3.0,4.173812507713706
191,313,5.0,4.777163370502079
191,328,3.0,4.088088292400538
191,332,2.0,4.155682535669639
191,343,3.0,3.933374067557965
191,751,3.0,4.171945514685305
191,752,3.0,4.110532934911984
191,754,3.0,3.920565980890811
191,896,3.0,4.550323849872911
192,127,4.0,4.227407635349648
192,252,1.0,2.8385996499426267
192,257,4.0,3.5602866784634934
192,258,5.0,3.663474281095064
192,276,2.0,3.826400038909387
192,277,3.0,3.4334225087514523
192,301,4.0,3.2848683980628484
192,302,5.0,4.100537681678518
192,340,4.0,3.6807612874671856
192,476,2.0,2.9609207178013266
192,948,3.0,2.4734199962709775
192,1061,4.0,2.7802284281122223
192,1137,4.0,3.7761058117107074
192,1160,4.0,3.3959121927582228
192,1405,5.0,4.055024317846361
193,2,3.0,3.0806641187587216
193,29,3.0,2.444152280498442
193,33,3.0,3.1753204284085044
193,56,1.0,3.781260065689429
193,96,1.0,3.7372117722845033
193,100,5.0,3.878270548259851
193,111,1.0,3.2782262048145063
193,117,4.0,3.43530875724501
193,127,5.0,4.100360959367706
193,147,2.0,3.2149346477284606
193,155,4.0,2.906757325784445
193,174,4.0,4.019751798115239
193,194,4.0,3.840895278258352
193,195,1.0,3.6984057661970886
193,210,4.0,3.6141230191848703
193,234,3.0,3.5732662523528362
193,258,3.0,3.504426816064737
193,259,2.0,2.5574992075952876
193,260,1.0,2.3350311739006644
193,268,3.0,3.4576429057610247
193,276,4.0,3.4025573861958676
193,288,1.0,3.0879375054607503
193,301,4.0,3.075553760576477
193,307,4.0,3.1351470791783465
193,327,1.0,3.172191827623328
193,328,3.0,3.1259022212510623
193,332,3.0,3.177100021825357
193,352,1.0,2.061862492611411
193,362,3.0,2.7270689982054908
193,368,1.0,1.6447978264237713
193,393,4.0,3.052811479646892
193,407,4.0,2.1169088958166293
193,410,3.0,2.8641209600534734
193,435,4.0,3.7487329468983885
193,443,4.0,3.638317201166391
193,465,3.0,3.315481939087666
193,485,5.0,3.670266869196108
193,553,4.0,3.1116890908306596
193,554,3.0,2.735612213483292
193,627,4.0,2.8991151925550334
193,673,4.0,3.464198688350777
193,682,1.0,2.5226570742865038
193,684,4.0,3.6188519846117466
193,689,2.0,2.8162018788671195
193,693,4.0,3.6497917689608217
193,722,3.0,2.7780209670608
193,750,4.0,3.7661553327171777
193,790,3.0,2.560816783090874
193,815,3.0,2.885051397809126
193,827,2.0,2.461248497264368
193,845,4.0,3.1938202778432485
193,869,3.0,2.893385832865137
193,871,3.0,2.1821561709631365
193,879,3.0,3.062212455403923
193,928,2.0,2.7037944852094835
193,941,4.0,2.807056408900666
193,1078,4.0,2.831479566873333
193,1132,3.0,2.5855848664927565
193,1258,3.0,2.4089282581863167
193,1406,4.0,3.296207551724094
194,1,4.0,3.2645789872584903
194,4,4.0,3.131509197207128
194,7,3.0,3.3074383528364564
194,12,5.0,3.8907651638890792
194,23,4.0,3.5566723488364445
194,25,2.0,2.9554241713568183
194,26,3.0,3.1950083055141953
194,30,3.0,3.3107761855967146
194,44,4.0,2.689694693722732
194,51,4.0,2.66272037974772
194,52,4.0,3.091796451535393
194,54,3.0,2.4345530291733986
194,56,5.0,3.614246881898016
194,58,4.0,3.3337238107649547
194,62,2.0,2.3751357718217343
194,64,5.0,3.9715366037047977
194,66,3.0,2.7622052918186446
194,70,3.0,3.3123816619284434
194,71,4.0,3.10925269422124
194,77,3.0,2.6083416517127165
194,82,2.0,3.01774197594945
194,83,3.0,3.5541311309122734
194,94,3.0,2.2875348223610157
194,95,3.0,3.146819448335623
194,98,4.0,3.8398184191130036
194,99,3.0,3.1578935261763466
194,117,3.0,2.9934413613893014
194,124,4.0,3.5211892152906374
194,127,5.0,3.825995180097742
194,132,3.0,3.5242279837844936
194,144,4.0,3.329745677747756
194,152,3.0,3.2320514098696664
194,153,3.0,3.372047480766237
194,160,2.0,3.0068567711280623
194,161,4.0,2.7435675714831183
194,162,3.0,3.0576559139690143
194,165,4.0,3.557942423797128
194,172,3.0,3.5985781819455105
194,175,3.0,3.3592600753895816
194,180,3.0,3.7027574306102373
194,181,3.0,3.3241027446869587
194,185,4.0,3.70420927988678
194,187,4.0,3.6718751325986436
194,188,4.0,3.278870797218495
194,191,4.0,3.7591017586503748
194,192,5.0,3.6695929544621224
194,193,4.0,3.485784337910688
194,195,3.0,3.3393087126106944
194,196,3.0,3.4140649759424924
194,198,3.0,3.527937676624173
194,202,3.0,3.2385123852283493
194,203,3.0,3.365424794576927
194,205,3.0,3.525443970128349
194,210,3.0,3.325568542595987
194,212,1.0,3.0739754702613586
194,213,2.0,3.3011196942199073
194,215,3.0,3.1625576522482906
194,216,3.0,3.506949966692993
194,218,4.0,2.7360399111623255
194,222,1.0,2.8923695719982283
194,226,3.0,2.5532924256382588
194,227,1.0,2.4678903262932055
194,232,2.0,2.4991803572143607
194,234,3.0,3.3653843050755263
194,235,2.0,2.356067279735851
194,237,3.0,3.173507877424976
194,239,3.0,2.9779716431040897
194,259,2.0,2.2893430865431226
194,274,2.0,2.8551768959261463
194,281,2.0,2.569350115180155
194,284,3.0,2.6522428625291745
194,286,1.0,3.2424035511541067
194,289,1.0,2.5113615963068767
194,317,4.0,3.506557291641354
194,321,3.0,2.7024725164157952
194,366,2.0,2.2921280428813997
194,383,1.0,1.5745451393536367
194,385,2.0,2.8864414574265345
194,404,3.0,3.0080603540469584
194,410,3.0,2.604556640726555
194,417,2.0,2.425740724042951
194,425,2.0,3.354416456743911
194,427,4.0,3.8223658269297647
194,431,4.0,2.8411929069514708
194,433,3.0,3.0968713331320057
194,443,3.0,3.31906690770905
194,450,1.0,1.6026456658357953
194,451,2.0,2.5563441621893426
194,466,4.0,3.02315120058463
194,470,3.0,2.899175504337822
194,471,3.0,2.949951960827328
194,478,3.0,3.4758221011438226
194,479,3.0,3.7288499170315252
194,482,3.0,3.4975587210920245
194,504,2.0,3.295685837986013
194,509,3.0,3.3144662932878077
194,510,4.0,3.3373586020302537
194,511,4.0,3.718136631697447
194,514,3.0,3.369879231139139
194,517,3.0,3.2550684910341623
194,519,4.0,3.41561925961177
194,520,5.0,3.6518019718477697
194,523,5.0,3.6173642950096156
194,526,4.0,3.3484615997192817
194,527,4.0,3.6112849573468555
194,530,4.0,3.452445078134676
194,559,2.0,2.5365874976681853
194,566,4.0,2.7520297684174237
194,568,2.0,2.8697359760138976
194,576,2.0,2.2230916788964983
194,582,1.0,3.110351151292847
194,588,4.0,3.1418771128396505
194,616,3.0,3.0083741062039975
194,623,1.0,1.9434051801478782
194,631,2.0,3.1346347499282547
194,636,2.0,2.634617661005783
194,647,4.0,3.5017556917592905
194,648,4.0,3.521035842858542
194,660,3.0,3.2872515258403223
194,663,4.0,3.4451129318076306
194,692,2.0,3.09623928767412
194,705,2.0,3.3651738549625776
194,708,3.0,3.0033317780918622
194,735,4.0,3.45117548712418
194,739,3.0,2.4590662962550396
194,744,3.0,2.790483670895581
194,756,1.0,2.206027209968505
194,770,4.0,2.9725967164860316
194,780,2.0,2.35189306415543
194,792,4.0,3.274791449864658
194,808,2.0,2.011093227622421
194,941,2.0,2.3201997743328295
194,946,3.0,2.44385032147715
194,951,3.0,2.234696329836271
194,971,3.0,3.182449255545885
194,1028,2.0,2.1070880000936043
194,1058,2.0,2.384399202554178
194,1093,3.0,2.611278280392346
194,1183,2.0,1.864567330824498
194,1206,1.0,2.211650999460364
194,1211,2.0,2.936650846326044
194,1220,3.0,2.452877320448726
194,1409,2.0,2.4768459653004955
195,14,4.0,3.7698212831839393
195,46,3.0,3.5091477059569027
195,55,4.0,3.4909861054267486
195,61,3.0,3.590175392065906
195,67,2.0,2.91818325488135
195,99,3.0,3.7560265127580643
195,100,5.0,4.0326024602247195
195,132,5.0,3.9987253225932697
195,154,3.0,3.646788259838177
195,181,5.0,3.887804699676087
195,186,3.0,3.74900673116808
195,213,4.0,3.918666237109624
195,227,3.0,3.3082794292107427
195,235,3.0,2.8207279057309282
195,258,4.0,3.6603121734153863
195,265,4.0,3.838558212483211
195,271,4.0,3.0447854935223555
195,273,4.0,3.467324948080021
195,298,4.0,3.530714041889016
195,300,3.0,3.5326320040655763
195,304,4.0,3.484546040662509
195,325,2.0,2.6380715908457937
195,328,4.0,3.244744162861062
195,387,4.0,3.392342096930846
195,407,2.0,2.0299875004418078
195,421,4.0,3.511976357087133
195,469,3.0,3.5684613460036863
195,477,2.0,2.951609174122739
195,496,4.0,4.071621452899491
195,591,4.0,3.5871902423687247
195,636,2.0,3.2505008599485112
195,651,5.0,3.9939608061503895
195,751,4.0,3.225958949836181
195,771,2.0,2.5602245759068456
195,779,2.0,2.512927913426862
195,823,4.0,2.7533587219881897
195,831,2.0,2.4443406362302147
195,887,4.0,3.5518535502748914
195,921,3.0,3.6242982621597397
195,1013,3.0,2.343562663607302
195,1014,4.0,3.0165504630528646
195,1052,1.0,2.169119858610964
195,1084,4.0,3.5058837764631403
195,1089,4.0,2.0917515595688103
195,1228,1.0,2.366608158538761
195,1417,3.0,2.9309574930882367
195,1418,4.0,3.8004619597589744
196,8,5.0,3.4394332629374653
196,25,4.0,2.987610322493066
196,67,5.0,2.6233600645359143
196,94,3.0,2.719728007833475
196,111,4.0,3.0569704506962734
196,238,4.0,3.4540549686721986
196,242,3.0,3.628831208045847
196,251,3.0,3.7687956815408477
196,286,5.0,3.157851591126538
196,306,4.0,3.5076797998830007
196,381,4.0,3.1923502115431335
196,393,4.0,2.9175554593137925
196,428,4.0,3.437077670619935
196,580,2.0,2.922458292862429
196,655,5.0,3.302619949524597
196,663,5.0,3.5261347014368494
196,692,5.0,3.1927284999600585
196,1118,4.0,2.979147349781651
197,33,2.0,3.0522143905819346
197,55,3.0,3.2527835626602677
197,62,2.0,3.1071871360099745
197,68,2.0,3.1286408343877556
197,79,5.0,3.826295632941158
197,89,5.0,3.760854355135425
197,92,1.0,3.185188718513221
197,96,5.0,3.7686788443860904
197,127,5.0,3.856383485589083
197,161,4.0,3.4163167714627103
197,174,5.0,4.052252663020792
197,176,5.0,3.6690291416409924
197,181,5.0,3.857921900099043
197,187,5.0,3.7952398918528543
197,190,3.0,3.811884179907076
197,195,5.0,3.719870557818489
197,210,5.0,3.7236034140157885
197,226,4.0,3.1910775416096033
197,229,3.0,3.03925833832909
197,231,3.0,2.5784117665770117
197,233,4.0,3.0763486834172724
197,258,4.0,3.5193424463262017
197,259,1.0,2.54552909016642
197,271,2.0,2.9630742521291253
197,286,1.0,3.2418591434739206
197,288,3.0,3.0456549826199097
197,289,4.0,2.8328788159032876
197,294,4.0,3.001151663264497
197,300,4.0,3.411728151568946
197,302,3.0,3.67283737357313
197,313,4.0,3.8752440443513034
197,316,4.0,3.714261260411516
197,321,3.0,2.6403416495122944
197,323,3.0,2.805386920290131
197,328,4.0,3.189271688111427
197,340,2.0,2.9487217113487003
197,344,4.0,3.2114263647980534
197,346,3.0,3.133738925582206
197,347,4.0,3.2839117261975748
197,362,4.0,2.7211678489260236
197,385,2.0,3.526291424884747
197,431,3.0,3.3776239294965382
197,449,5.0,2.886271796752586
197,510,5.0,3.679633271593615
197,511,5.0,3.912354233318295
197,515,5.0,3.902995470977933
197,518,1.0,3.385866626067488
197,530,3.0,3.731909990205198
197,550,3.0,3.166355536689225
197,566,4.0,3.406206713242059
197,570,4.0,2.8746841084187977
197,578,3.0,3.0038774084211393
197,651,5.0,3.8412357565996214
197,665,4.0,2.6663654096487894
197,688,1.0,1.9339069619625282
197,690,3.0,3.0287363127394413
197,720,2.0,2.8892980809809274
197,748,3.0,3.0262847379967766
197,750,5.0,3.5049286539762283
197,770,3.0,3.0340225908198812
197,779,2.0,2.4851957819931076
197,808,3.0,2.688010603910204
197,849,3.0,2.709002038443285
197,880,3.0,2.778898976867867
197,1228,4.0,2.459018822782934
197,1419,2.0,2.494212506978196
198,7,4.0,3.456976425317106
198,11,4.0,3.5855329210509845
198,15,3.0,3.2109029397754707
198,23,4.0,3.9465392914762987
198,24,2.0,3.0222088426046723
198,33,3.0,3.159497811493495
198,51,3.0,3.123247228504267
198,58,3.0,3.5000194450676356
198,65,2.0,3.393441684147863
198,79,3.0,3.770554294064362
198,82,3.0,3.481778981589881
198,95,3.0,3.522572541832865
198,97,3.0,3.5332219097592947
198,100,1.0,3.796001530590611
198,118,2.0,2.6486135880668833
198,135,5.0,3.8873336229930806
198,148,3.0,2.6343831857737783
198,154,4.0,3.632083803311233
198,156,3.0,3.8343249967042263
198,172,4.0,3.962907879463136
198,174,5.0,4.012434574798786
198,175,3.0,3.66538312348248
198,176,4.0,3.76635348098922
198,179,4.0,3.7928459543151405
198,180,3.0,3.9577007610215675
198,182,4.0,3.8296823074283237
198,183,5.0,3.8383141350091092
198,184,3.0,3.3187489300338755
198,188,5.0,3.6076704150518926
198,193,4.0,3.8149200167522177
198,196,3.0,3.619322103737875
198,197,4.0,3.8697383701445087
198,203,3.0,3.67192598424444
198,214,4.0,3.3416305783890774
198,217,4.0,3.095066019423144
198,218,3.0,3.1911284990879296
198,228,3.0,3.573752013406202
198,234,3.0,3.583495560679745
198,241,3.0,3.3261581396245155
198,249,2.0,2.8773433558330233
198,258,4.0,3.375476855618656
198,280,3.0,2.4154687285416925
198,318,4.0,4.19258048815094
198,323,2.0,2.3408993446694177
198,357,5.0,4.132015829598141
198,381,3.0,3.2828817578883007
198,385,3.0,3.300775661478493
198,402,3.0,3.1794546724278177
198,410,1.0,2.755207489482152
198,427,4.0,4.061764326751482
198,429,4.0,3.6923280476936715
198,455,3.0,2.9528436535555356
198,498,3.0,3.8358857943423708
198,501,4.0,3.2224154098132853
198,509,4.0,3.68136700468194
198,511,4.0,4.048020028514863
198,527,4.0,3.8329517736710055
198,549,3.0,3.2709994912076334
198,559,3.0,3.0542303055788613
198,568,3.0,3.237407208112357
198,629,4.0,3.081543308703405
198,631,3.0,3.4381363606126323
198,636,3.0,3.1783714539725585
198,640,3.0,3.115754573285843
198,651,4.0,3.873919582583114
198,654,5.0,3.931874350512599
198,658,3.0,3.243320946638338
198,660,4.0,3.5028365098777994
198,692,2.0,3.3162372521187544
198,746,4.0,3.4038094504160457
198,748,2.0,2.678980239690416
198,1014,2.0,2.616719717115677
198,1094,1.0,2.4747595501401065
198,1117,3.0,2.8450047547191035
198,1169,4.0,3.506035666278737
199,111,3.0,3.1766152257189724
199,117,3.0,3.176053765587554
199,221,4.0,3.7065394741573683
199,242,5.0,3.890304379557942
199,258,4.0,3.430887288048875
199,259,1.0,2.2343760838791793
199,268,5.0,3.576110331242777
199,276,4.0,3.713079220631066
199,285,4.0,4.10779889331216
199,286,5.0,3.5104968600847943
199,294,1.0,2.676754768231317
199,322,2.0,2.5354809638384066
199,324,1.0,3.3650590923281674
199,405,2.0,2.871991156660095
199,473,4.0,3.1153117438386926
199,475,5.0,3.783386707628789
199,678,1.0,2.2555788303412823
199,687,1.0,1.598790086380073
199,948,1.0,1.8923223422277737
199,988,1.0,1.7201821184393031
199,989,1.0,2.342260725754993
200,2,4.0,4.342045352461867
200,7,4.0,4.665175160986532
200,8,4.0,4.987106697001394
200,11,5.0,4.793738398969109
200,15,4.0,4.528941734470129
200,24,2.0,4.2943637230623475
200,25,4.0,4.215392937688214
200,29,4.0,3.804708940756062
200,33,4.0,4.316591812636798
200,38,3.0,4.152878470636027
200,45,3.0,4.843610799976459
200,50,5.0,5.0
200,56,4.0,4.848143735807157
200,72,4.0,4.147211224849592
200,82,5.0,4.795999290617735
200,88,4.0,4.564247020654923
200,96,5.0,5.0
200,103,2.0,3.244512681161222
200,112,3.0,3.437228733937106
200,121,5.0,4.399103851856232
200,123,4.0,4.0573762592411855
200,125,5.0,4.408961726450348
200,135,4.0,4.882142841653364
200,140,4.0,4.218632317237724
200,143,5.0,4.834334338904046
200,147,5.0,4.286071578594775
200,148,4.0,4.067230606382083
200,151,3.0,4.532380575415508
200,173,5.0,5.0
200,174,5.0,5.0
200,183,5.0,4.985853563389517
200,191,5.0,5.0
200,196,4.0,4.849699270359824
200,205,4.0,4.939210655142659
200,208,5.0,4.893410580299576
200,210,5.0,4.872596285692898
200,215,4.0,4.7666997252800085
200,218,5.0,4.448704534882222
200,222,5.0,4.5817474921916075
200,225,4.0,3.721901120513562
200,227,5.0,4.436463932348202
200,228,5.0,4.916990650462825
200,229,5.0,4.268046989107954
200,231,4.0,3.8925780423283403
200,241,4.0,4.5920434149340466
200,258,4.0,4.6067692038019805
200,265,5.0,4.901308572550894
200,276,5.0,4.350370483983441
200,286,4.0,4.407913723549894
200,291,3.0,4.141510103779187
200,294,4.0,4.099430091097068
200,304,5.0,4.286347423981674
200,313,5.0,4.9956780083059655
200,318,5.0,5.0
200,357,5.0,5.0
200,363,3.0,3.642781488078277
200,365,5.0,4.189579507216579
200,373,4.0,3.75766207803029
200,391,4.0,3.8564579145435856
200,393,4.0,4.447278942100584
200,402,4.0,4.555623430145259
200,409,2.0,3.711500006240962
200,420,5.0,4.495125469373407
200,431,5.0,4.6458852927895675
200,432,5.0,4.77480233474341
200,473,4.0,4.003139263167521
200,478,5.0,4.952092381321851
200,528,4.0,4.9454417228767635
200,542,3.0,3.5795743437456693
200,559,4.0,4.296272875844127
200,560,4.0,3.6688685545653112
200,570,4.0,4.013091939188696
200,576,4.0,4.173537585464946
200,578,5.0,4.30256100612996
200,580,2.0,4.3901708390630425
200,584,4.0,4.456874541522017
200,586,4.0,3.8090068769398027
200,588,5.0,4.80594371872072
200,597,4.0,3.8600283360531735
200,652,2.0,4.678583428398301
200,660,3.0,4.715970250716099
200,665,4.0,3.882349233455796
200,673,5.0,4.409789830982026
200,674,4.0,4.181174503912276
200,685,4.0,4.062005623737625
200,692,3.0,4.731560355512432
200,717,4.0,3.457376638654279
200,739,4.0,4.405346455346186
200,743,3.0,3.3065470082799537
200,755,5.0,4.365065576419855
200,768,4.0,4.041053225489668
200,771,4.0,3.734259639101935
200,802,4.0,3.9341786156376415
200,820,3.0,3.6280709376697087
200,831,4.0,3.21218520982233
200,840,4.0,3.506919864319688
200,892,4.0,3.3553273146432523
200,929,4.0,3.4323420428493487
200,1033,2.0,3.6113064821043506
200,1049,3.0,3.351307715343011
200,1060,3.0,3.877443959415282
200,1139,3.0,3.8494536777494472
200,1228,4.0,3.544450925094693
200,1411,3.0,3.6561999554873403
201,2,2.0,2.5897487012689298
201,4,4.0,3.1461902970697695
201,8,3.0,3.5085660580130953
201,9,3.0,3.4099157540895026
201,20,2.0,3.0489485083574253
201,23,4.0,3.839731513319316
201,25,3.0,2.7827071605984397
201,26,4.0,3.1086302290089347
201,27,3.0,2.635787367491562
201,32,3.0,3.744371303877382
201,36,1.0,2.0840354519398616
201,37,2.0,2.8452956985930706
201,39,1.0,3.1090296721504145
201,50,4.0,3.7286685449659
201,51,2.0,2.8732377200211996
201,56,5.0,3.8138035046154877
201,57,4.0,3.4234078527726433
201,61,2.0,3.365976969553306
201,62,1.0,2.6675365315357595
201,68,2.0,3.0055123410734454
201,69,2.0,3.294126413676295
201,70,3.0,3.2409760457923285
201,71,3.0,3.1220959773261336
201,77,2.0,2.7445985749838884
201,79,4.0,3.5272278509047164
201,87,3.0,3.513360347301774
201,89,3.0,3.746006436774154
201,92,3.0,3.2967046395814794
201,98,4.0,3.831306935800251
201,99,3.0,3.35745587508446
201,100,4.0,3.5694620355061426
201,117,2.0,2.8805568125253327
201,123,2.0,2.6559360385437154
201,128,2.0,3.044234108140738
201,146,1.0,2.8500161005429954
201,148,1.0,2.3928791281108284
201,150,4.0,3.319646664802633
201,156,4.0,3.514841320813204
201,164,3.0,2.894105939450463
201,174,3.0,3.6705847061249175
201,175,2.0,3.4655630624530502
201,176,4.0,3.579768929376287
201,184,3.0,3.086889121446177
201,187,3.0,3.925157855874446
201,190,4.0,3.802282577571428
201,193,3.0,3.538756684778696
201,197,4.0,3.7299626372628065
201,198,4.0,3.6098824504443567
201,203,5.0,3.5388911571319333
201,204,4.0,3.2303222902063293
201,206,2.0,3.0193164334493896
201,209,3.0,3.605502496098348
201,210,2.0,3.2677403142836847
201,213,4.0,3.54559544379361
201,215,2.0,3.088834275479421
201,219,4.0,2.7549789063678705
201,221,3.0,3.2537237089873043
201,240,3.0,2.6658249393163858
201,241,2.0,3.0020913785476138
201,242,4.0,3.442579877035741
201,260,4.0,2.3531616086610563
201,265,3.0,3.276274350581194
201,271,4.0,2.7557153999131936
201,272,3.0,3.535084671597853
201,275,4.0,3.4078646876120677
201,276,5.0,3.1830662232559592
201,281,2.0,2.4233051991022494
201,285,4.0,3.7753932951330578
201,289,2.0,2.374566992012304
201,292,3.0,2.877306738337963
201,302,4.0,3.6939121095328225
201,304,2.0,2.800630009262954
201,313,5.0,3.4165536114877217
201,319,2.0,2.8475518153126407
201,321,3.0,2.7572141824568623
201,324,5.0,2.9548505328092878
201,325,5.0,2.2368000432807564
201,326,2.0,2.482169391627669
201,331,4.0,2.868535590470381
201,332,2.0,2.700155035499373
201,333,2.0,2.7609315574099975
201,340,5.0,3.1861949870782125
201,357,4.0,3.9652838107872617
201,370,1.0,2.009610350106736
201,375,3.0,1.801545083397322
201,380,1.0,2.657452894295554
201,385,2.0,2.8730496565511086
201,403,3.0,2.796137944247381
201,405,4.0,2.588860372239848
201,406,1.0,2.0269758308680785
201,413,3.0,2.2799215664692456
201,421,2.0,3.185274386106916
201,432,3.0,3.442450249735552
201,443,3.0,3.529615998851086
201,447,5.0,3.132094705876259
201,452,1.0,2.0689054522260113
201,454,2.0,2.4150508098004813
201,461,4.0,3.3019695406296883
201,462,1.0,3.6865536897408417
201,467,2.0,3.4075060384230262
201,475,4.0,3.4546110651803343
201,480,4.0,3.871623473140506
201,482,4.0,3.6832387246151512
201,509,3.0,3.6093047177231896
201,513,3.0,3.9737212360197596
201,518,4.0,3.514850179432207
201,527,3.0,3.652298864644861
201,531,2.0,3.5280266297735148
201,537,3.0,3.537909284100812
201,544,2.0,2.716853503212745
201,551,1.0,2.1595482702030773
201,558,2.0,3.506085248837203
201,559,2.0,2.682740289829036
201,563,1.0,2.1283782966649065
201,578,2.0,2.6116213885435497
201,587,4.0,3.172097810664035
201,589,3.0,3.8779735151903254
201,596,4.0,2.717519554503247
201,597,2.0,2.285103927080388
201,636,2.0,3.033538893580395
201,642,4.0,3.353049121697039
201,649,3.0,3.26717203878123
201,651,4.0,3.57001504953842
201,655,4.0,3.399625809454057
201,660,3.0,3.243055123118597
201,670,4.0,2.5419867154998492
201,673,3.0,3.257627521780865
201,676,2.0,2.590628860300618
201,684,3.0,3.2686417533971546
201,686,2.0,3.1156495418062176
201,693,4.0,3.3932701036775343
201,695,1.0,3.079198754435058
201,708,4.0,3.309775967583407
201,747,2.0,2.9814489757959284
201,767,4.0,2.4045835342571986
201,774,1.0,2.609177779642648
201,777,1.0,1.9119298406290968
201,823,3.0,2.2930900329975525
201,825,1.0,2.3392074048481017
201,844,2.0,3.248118194042136
201,847,2.0,3.2979837633903464
201,853,4.0,3.381454666332327
201,856,3.0,3.5417915794619566
201,896,3.0,3.496772331301708
201,919,3.0,3.4732376538439578
201,943,3.0,3.071681818811044
201,955,3.0,3.000863192385447
201,960,2.0,3.3542344696186235
201,979,2.0,2.830056432585368
201,980,3.0,2.984129306911302
201,991,4.0,1.8316028246522873
201,1008,3.0,3.2363934749123633
201,1010,3.0,2.994110717311625
201,1039,3.0,3.4651991114689333
201,1063,3.0,3.3039373444542957
201,1065,3.0,3.338405631472212
201,1098,2.0,3.4702147976792586
201,1100,4.0,2.953655793233033
201,1153,2.0,3.0484211198154743
201,1163,1.0,2.2677975453667094
201,1169,4.0,3.4822068216535094
201,1187,3.0,3.4750632997089212
201,1194,4.0,3.6054734145418723
201,1211,3.0,3.340618309153228
201,1220,2.0,2.681097023295011
201,1227,1.0,2.408311186345787
201,1229,3.0,1.7196876877330478
201,1245,4.0,3.1086212694442823
201,1424,3.0,2.5643919118702065
201,1425,3.0,2.478488453692544
201,1427,2.0,2.9146451033519254
202,172,3.0,3.020119836355712
202,173,2.0,3.0389659691146473
202,283,3.0,2.7393741744890328
202,286,1.0,2.6007650124279493
202,484,4.0,2.846924720195382
202,515,1.0,3.1108777742547287
202,604,5.0,2.7965998331036577
203,1,3.0,3.5238037052188047
203,7,3.0,3.4698250835516697
203,24,4.0,3.134184794319805
203,50,5.0,3.9866774580740154
203,93,4.0,3.416733173570878
203,117,4.0,3.4500510840607976
203,148,3.0,3.1360300940843566
203,151,4.0,3.34907454178172
203,181,5.0,3.6933215328649975
203,248,5.0,3.3922027921596065
203,250,4.0,3.1935728124194944
203,271,3.0,3.1297904405138937
203,282,1.0,3.540560484767954
203,294,2.0,3.0361709293678603
203,304,3.0,3.396446361124751
203,321,3.0,2.9369199112100954
203,326,4.0,3.1016959302387144
203,332,5.0,3.300137851295925
203,336,3.0,2.5962892605912993
203,471,4.0,3.3575472206886436
203,619,3.0,3.0417131591316497
204,1,2.0,3.8193975313356994
204,45,5.0,4.23615167545777
204,172,3.0,4.056162109783519
204,191,4.0,4.217826371981854
204,216,4.0,4.02339319284729
204,245,3.0,3.125875018949241
204,258,2.0,3.6979103486435143
204,259,2.0,2.7584159708089553
204,286,3.0,3.7725585178124024
204,292,5.0,3.4786455387090935
204,297,5.0,4.030626241028053
204,302,5.0,4.126300340366402
204,304,3.0,3.415964875686227
204,310,1.0,3.500978264534776
204,315,4.0,4.0341165803725625
204,336,1.0,2.9225072785464437
204,340,5.0,3.588441418127205
204,482,4.0,4.08453365321217
204,748,1.0,2.989658359372795
204,874,3.0,3.5502380558236033
204,1022,5.0,3.57304476209377
204,1194,4.0,4.451274279303045
204,1281,2.0,3.6298253386686428
205,243,2.0,2.1055610360042873
205,258,3.0,2.9673382536280464
205,269,3.0,3.0819142070793384
205,289,4.0,2.2161111541715313
205,304,3.0,2.8698334479578382
205,313,3.0,3.4545279450760566
205,316,4.0,3.4598199422167215
205,326,4.0,2.5566853784973085
205,328,3.0,2.8104540193965812
205,333,4.0,2.82643668530844
205,678,1.0,2.269721990850312
205,984,1.0,2.310899571330604
206,245,1.0,1.7606906331470031
206,258,4.0,2.286448189019166
206,260,3.0,1.280255466904761
206,288,5.0,2.059675111571582
206,294,2.0,1.83771999233422
206,302,5.0,2.6163786384323484
206,309,2.0,1.2643732070524885
206,313,5.0,2.770293330307164
206,314,1.0,1.4177063392784675
206,315,5.0,2.600625524582161
206,323,1.0,1.579418317362705
206,333,4.0,2.1094292306063425
206,340,3.0,2.086693226378954
206,362,1.0,1.035929282354143
206,678,1.0,1.3987752894026038
206,690,2.0,2.0039055885588706
206,750,3.0,2.2800176911123113
206,873,3.0,1.7895330681283865
206,882,1.0,1.7235508878288193
206,889,2.0,2.054621042452494
206,891,2.0,1.5438264699123172
206,895,5.0,1.8403374813640592
206,896,4.0,2.4187165243421638
206,900,1.0,2.2796239497094555
206,903,2.0,1.6581469328713185
206,904,1.0,1.698599040634679
206,990,1.0,1.2379213657288948
206,1127,4.0,1.5611244707893943
206,1313,1.0,1.6567956104370758
206,1394,1.0,1.4638166074301218
206,1430,1.0,1.447641908356721
207,2,3.0,2.75235936900223
207,4,4.0,3.1421840535063437
207,8,3.0,3.560530429584179
207,13,3.0,2.9863257601507263
207,14,4.0,3.3372840547335003
207,25,4.0,3.0863792961996417
207,28,4.0,3.558053152518001
207,42,4.0,3.2368847439973205
207,53,1.0,2.6048655910069405
207,58,3.0,3.3615225295838913
207,59,4.0,3.527566097526782
207,65,3.0,3.2769626985375733
207,68,2.0,2.9505528905460094
207,79,4.0,3.6299731294924804
207,87,4.0,3.558517182177771
207,98,4.0,3.906277641450131
207,100,2.0,3.6040305094742497
207,107,3.0,2.8815038815033427
207,121,3.0,3.0990537725733116
207,131,3.0,3.5638457247771633
207,133,4.0,3.682956588825253
207,134,4.0,3.8841485524810513
207,135,2.0,3.708247116751454
207,144,3.0,3.3750664100037504
207,150,3.0,3.2074382509425545
207,153,5.0,3.4498361983752326
207,154,2.0,3.3714256922870853
207,156,2.0,3.4132208573893106
207,161,4.0,3.1075820462879427
207,170,4.0,3.7001606673817276
207,171,3.0,3.4277956419421804
207,174,4.0,3.8921003753558314
207,181,3.0,3.6040454218560614
207,183,2.0,3.6064904774308784
207,186,4.0,3.5217994283250302
207,187,5.0,3.7973386722950098
207,188,3.0,3.238626916217706
207,191,4.0,3.8155989402269435
207,192,3.0,3.720331020336054
207,194,4.0,3.749579231846118
207,203,3.0,3.4556810629025865
207,205,4.0,3.8425929230314178
207,241,3.0,3.1696644231062296
207,245,3.0,2.850005740242225
207,258,4.0,3.321006231890531
207,265,3.0,3.4900003249674616
207,269,4.0,3.4704385887016067
207,273,4.0,3.074806407383167
207,290,2.0,2.640585496556747
207,294,3.0,2.820578155595606
207,313,4.0,3.7911308984082126
207,318,5.0,4.122252770259832
207,322,3.0,2.8079072884492504
207,328,2.0,3.1233711511568174
207,410,3.0,2.586040915578944
207,433,3.0,3.168126258002147
207,468,4.0,3.053232522453678
207,476,2.0,2.7061405070330644
207,508,4.0,3.1411379992400494
207,520,4.0,3.9246992404323047
207,529,4.0,3.4635813736830503
207,531,4.0,3.5385228573957086
207,540,3.0,2.3364883245058223
207,554,2.0,2.4462356980002387
207,568,4.0,3.2312580075996857
207,576,3.0,2.6880027568110547
207,580,3.0,3.1299075265661016
207,591,3.0,3.0897323604662486
207,628,3.0,3.043388623462233
207,642,3.0,3.0619274334405224
207,716,3.0,2.787333677719416
207,746,4.0,3.2201670122920496
207,754,4.0,3.0413138582560855
207,787,3.0,2.8358023152490155
207,810,2.0,2.5088501430658985
207,827,3.0,2.3511156677947422
207,832,3.0,2.2578896981375247
207,845,3.0,3.0972340476612983
207,864,3.0,2.838445623552114
207,866,3.0,2.929475317236485
207,875,2.0,2.3232573175570015
207,978,3.0,2.2231190939073393
207,986,3.0,2.3018640073070067
207,997,1.0,2.4411006647114406
207,1046,4.0,2.9393973443956956
207,1098,4.0,3.33853863553078
207,1102,3.0,2.9365007252801445
207,1115,2.0,3.122197549114305
207,1118,3.0,2.984279559389716
207,1147,4.0,3.2810984714444675
207,1197,4.0,3.0961676983584696
207,1226,2.0,3.023443213322592
207,1242,5.0,2.9151377738172086
207,1283,4.0,2.4911218114481746
207,1350,2.0,2.8035860984944687
207,1378,3.0,2.793107015542241
207,1436,3.0,2.419573943391775
208,56,2.0,4.035601457363075
208,70,3.0,3.875342641543685
208,88,5.0,3.946261767739998
208,186,4.0,4.139388605801714
208,197,5.0,4.197619780407789
208,202,4.0,4.064553676850291
208,204,3.0,4.152623082998774
208,208,4.0,4.162016464524351
208,211,5.0,4.123932851273393
208,216,5.0,4.207121888211882
208,302,1.0,4.268967208375356
208,367,2.0,3.8402602468822393
208,381,3.0,3.6542167201550617
208,402,4.0,3.929331518957637
208,428,4.0,3.957266601156521
208,430,4.0,4.163633877976295
208,435,5.0,4.193404570922685
208,514,4.0,3.9006095545661297
208,523,4.0,4.1583248774926895
208,524,4.0,4.1711553361859695
208,662,4.0,3.8161057908606884
208,663,5.0,3.9594029393389634
209,50,5.0,4.012890957042672
209,242,4.0,3.614883383886167
209,251,5.0,3.9446624358502502
209,258,2.0,3.401836760349678
209,269,2.0,3.525604148940083
209,301,3.0,3.049613019628764
209,304,2.0,3.183961405429181
209,321,4.0,2.9627687068455995
209,349,2.0,2.6614960975506112
209,351,2.0,2.5234926975998038
209,408,4.0,4.113155380014431
209,688,1.0,2.0090559502239698
209,766,4.0,3.5942413680882646
209,898,3.0,2.684919059535083
209,906,2.0,2.930965543759301
209,1105,2.0,2.858211569243557
209,1137,4.0,3.828229602545176
210,25,4.0,4.110731490168971
210,40,3.0,3.4392366168437936
210,44,3.0,3.897348446091617
210,49,3.0,3.9781948654675814
210,50,5.0,4.969331730466779
210,58,4.0,4.4058777896240935
210,65,4.0,4.23323180868287
210,70,4.0,4.386001412339516
210,73,5.0,4.030511436775169
210,88,4.0,4.107238602074888
210,96,4.0,4.591776086093508
210,97,5.0,4.463889422655565
210,127,5.0,4.963028215735501
210,134,5.0,4.9818866353686495
210,135,5.0,4.668046802937377
210,152,5.0,4.457104377843849
210,160,4.0,4.054584612630965
210,161,5.0,4.08181245944212
210,176,4.0,4.600306336423585
210,179,3.0,4.613756380061289
210,182,5.0,4.719460921505744
210,185,4.0,4.834484956285774
210,186,4.0,4.464099934508555
210,187,5.0,4.890409426115096
210,188,3.0,4.44535448594142
210,197,5.0,4.780011360901762
210,200,5.0,4.486942832304718
210,202,5.0,4.431908918251308
210,204,5.0,4.497583036559325
210,210,5.0,4.4837528378507265
210,211,5.0,4.648045905484809
210,216,4.0,4.528734262767033
210,219,3.0,3.9067781394297603
210,238,3.0,4.569372157561199
210,243,2.0,3.002788695192139
210,255,4.0,3.940568051111289
210,257,5.0,4.3002144081587765
210,274,5.0,4.003954892118727
210,276,5.0,4.355162266688976
210,300,4.0,4.257538701933903
210,357,5.0,4.978825894579636
210,380,4.0,3.951301694570772
210,403,4.0,4.146995644150257
210,404,5.0,4.232766676736839
210,419,4.0,4.389609819575398
210,420,4.0,4.113536356371798
210,447,5.0,4.06449125444603
210,465,4.0,4.042508932616023
210,484,4.0,4.854419597487617
210,501,4.0,4.1294809668726105
210,502,3.0,4.306894365880228
210,523,4.0,4.687583172970749
210,527,5.0,4.72539679517483
210,631,5.0,4.3677241634815465
210,662,2.0,4.02713586271285
210,679,3.0,3.843396726508496
210,692,4.0,4.2434260380823785
210,722,4.0,3.4778396989101124
210,735,4.0,4.555025491930037
210,751,4.0,4.188076528262103
210,864,3.0,3.6729718542350325
210,953,3.0,4.157030524120297
211,69,3.0,3.9140213826583956
211,127,4.0,3.9425067012458292
211,181,1.0,3.882750321268092
211,228,3.0,3.7773652575105356
211,257,5.0,3.6098105726752387
211,263,3.0,2.178048380286411
211,286,4.0,3.4440999234091914
211,300,2.0,3.5843406061911347
211,303,3.0,3.4908831952344266
211,310,3.0,3.4384390509201688
211,357,2.0,4.0605804115177735
211,455,3.0,3.159581622850637
211,526,4.0,3.827270515535348
211,678,3.0,2.7947301037802488
211,687,2.0,2.5564137588716638
211,876,2.0,2.5143188553954343
212,179,1.0,4.4826464250597375
212,180,1.0,4.698541116883231
212,191,3.0,4.750618147319457
212,197,5.0,4.746219708630283
212,286,4.0,4.282338330262152
212,427,4.0,4.870051530027251
212,511,4.0,4.684828802927041
212,515,4.0,4.8019085963782455
213,1,2.0,4.577400366456667
213,2,4.0,4.154936678105044
213,8,3.0,4.7076650924389725
213,11,4.0,4.721611413326876
213,12,5.0,5.0
213,13,4.0,4.35405585078094
213,25,4.0,4.201748493145278
213,48,5.0,4.9875227971430665
213,50,5.0,4.998865807318769
213,79,5.0,4.8042675724844655
213,97,5.0,4.538664547878724
213,100,5.0,4.8963817275919315
213,121,5.0,4.07336729229837
213,132,5.0,4.852802024774732
213,133,3.0,4.723335345902457
213,135,5.0,4.853049851526647
213,144,5.0,4.708557527033473
213,151,5.0,4.537850008728073
213,172,5.0,4.97994708881844
213,173,5.0,4.962860000071654
213,174,5.0,4.969371546399643
213,176,4.0,4.812111145456472
213,180,5.0,5.0
213,193,4.0,4.754465422805585
213,200,5.0,4.724693711759889
213,204,5.0,4.597411599005442
213,229,4.0,4.017789219737418
213,234,4.0,4.616962300226887
213,235,1.0,3.7758120426700477
213,238,5.0,4.731995991160238
213,273,5.0,4.430147119312963
213,274,5.0,4.158997131845053
213,281,4.0,3.9875324851162
213,294,3.0,3.902761219781656
213,318,5.0,5.0
213,357,5.0,5.0
213,447,4.0,4.396599323413391
213,448,4.0,4.4585841912192645
213,471,3.0,4.234231812726112
213,474,2.0,5.0
213,475,4.0,4.665364287470657
213,509,4.0,4.747443217869751
213,514,5.0,4.832149148806683
213,515,4.0,5.0
213,546,4.0,3.8500347070695353
213,568,4.0,4.400472856385047
213,591,4.0,4.28373039192437
213,603,5.0,5.0
213,609,4.0,4.453325799471521
213,628,5.0,4.232318121823647
213,678,4.0,3.5942688345904052
213,684,4.0,4.539208806524488
213,690,3.0,4.158475454751585
213,692,4.0,4.436905927515806
213,715,5.0,4.362839178694544
213,735,5.0,4.683387854461332
213,778,5.0,4.362718382249121
213,841,4.0,3.570924627569069
213,1215,1.0,3.2258090006535163
214,7,5.0,3.9749555787831685
214,12,5.0,4.6042210331093205
214,13,3.0,3.7783406900973566
214,20,4.0,3.5976167359307882
214,22,3.0,4.244124135761236
214,23,5.0,4.383560902217282
214,32,4.0,4.106571680716445
214,39,4.0,3.640851900844591
214,42,5.0,4.112958313477282
214,45,4.0,4.30575159204933
214,50,3.0,4.31428123752574
214,56,5.0,4.381927288720819
214,79,4.0,4.239807341781228
214,117,4.0,3.7290539429133953
214,121,4.0,3.390871558064383
214,131,3.0,4.064548230893377
214,132,5.0,4.237496912424474
214,134,4.0,4.45878362125205
214,137,4.0,4.100268730136739
214,151,5.0,3.840210049719625
214,179,5.0,4.198579088977266
214,185,5.0,4.378534667035864
214,187,4.0,4.405207322492708
214,195,4.0,4.1301146064071865
214,208,5.0,4.075594611823121
214,213,4.0,4.18033112083312
214,216,4.0,4.147273602425061
214,221,5.0,3.9695556610024934
214,236,5.0,3.7937881014442527
214,238,4.0,4.148197553604578
214,246,2.0,4.067383100319519
214,248,4.0,3.7582162963584893
214,257,3.0,3.7695752908072024
214,268,2.0,3.9587540195636954
214,269,3.0,4.190351411835293
214,275,3.0,4.043063896576969
214,285,5.0,4.417457822581442
214,288,3.0,3.570015710347726
214,294,3.0,3.2882740738164022
214,302,4.0,4.341459730356007
214,307,3.0,3.6745959578855993
214,313,4.0,4.202450162194317
214,324,5.0,3.5371650568645383
214,325,3.0,2.946234062314757
214,327,5.0,3.639537441102442
214,334,3.0,3.730446475879502
214,340,3.0,3.8516357748491328
214,346,3.0,4.109324888516078
214,408,4.0,4.537567832102578
214,461,4.0,3.9299225602958288
214,478,4.0,4.2925944875748145
214,483,4.0,4.5160875671884515
214,509,4.0,4.054030094455793
214,512,5.0,4.196177592400589
214,531,4.0,3.979738057123896
214,568,4.0,3.792172941850408
214,652,4.0,4.353215928554209
214,693,3.0,4.058286616835988
214,856,4.0,4.150954583304509
214,872,2.0,3.5553304331163913
214,952,3.0,3.420285189103268
214,1039,4.0,4.222400189177961
214,1065,5.0,3.899692868619787
214,1129,4.0,3.7751066718861153
214,1401,4.0,3.2650906559735384
215,8,2.0,4.3249662365474695
215,11,2.0,4.163638186629946
215,22,3.0,4.462182988779085
215,64,4.0,4.671855214474661
215,70,3.0,4.057716008949325
215,82,3.0,4.070323196963623
215,89,4.0,4.437664171666435
215,144,4.0,4.21404722800562
215,151,5.0,4.041504676547014
215,157,4.0,4.019493681330836
215,164,3.0,3.873263333949118
215,179,4.0,4.271978568104704
215,182,3.0,4.309405951526516
215,183,5.0,4.350326539056969
215,185,4.0,4.486717719209908
215,186,4.0,4.146758210486433
215,194,4.0,4.410029907054689
215,197,4.0,4.429683104247037
215,205,3.0,4.444502672147344
215,210,4.0,4.258150159533373
215,211,4.0,4.245928268417747
215,212,2.0,3.9743244233853448
215,215,3.0,4.086504588491106
215,216,4.0,4.210198258973236
215,222,4.0,3.99828822271334
215,227,5.0,3.68436209381001
215,230,3.0,3.8436176559282274
215,238,2.0,4.188648776098859
215,239,3.0,3.951927542581549
215,258,3.0,4.094350437864787
215,354,4.0,3.708016481450385
215,357,4.0,4.623860736005177
215,421,4.0,3.9023389384797267
215,423,5.0,4.2076327900087
215,432,5.0,4.21749930955586
215,434,5.0,4.191652708839108
215,443,4.0,4.238588564927184
215,449,4.0,3.3815268232726403
215,450,2.0,3.0157025288334913
215,451,3.0,3.6469959975590442
215,474,4.0,4.550407872086735
215,483,4.0,4.744403028805437
215,1039,5.0,4.402611085209121
216,4,5.0,4.2065398415803745
216,7,5.0,4.412673605662844
216,9,4.0,4.483726472898699
216,12,5.0,4.977330455345712
216,15,3.0,4.122025304826479
216,28,4.0,4.463472329123409
216,55,5.0,4.326269650064033
216,69,5.0,4.405980018564134
216,72,2.0,3.706226846397655
216,93,4.0,4.4229299293273625
216,95,3.0,4.265349300830828
216,108,4.0,3.6990088860319763
216,143,2.0,4.235980488894173
216,144,4.0,4.451400714862546
216,150,5.0,4.41375070567605
216,153,4.0,4.297881420287084
216,168,4.0,4.637150207170109
216,172,4.0,4.621389083483978
216,174,5.0,4.709413554811906
216,196,5.0,4.477594374434888
216,200,5.0,4.438533866386036
216,202,4.0,4.2696057882483585
216,204,4.0,4.313058265737315
216,218,4.0,4.013800503927214
216,226,3.0,3.854372988857792
216,228,3.0,4.289234451245729
216,231,2.0,3.291740758171672
216,234,4.0,4.298809549783445
216,249,3.0,3.862341716600179
216,274,3.0,3.7641228457998754
216,282,5.0,4.146473789511295
216,286,4.0,4.333441188418815
216,298,5.0,4.19789530657698
216,357,4.0,4.913853759211708
216,364,2.0,3.300998809748522
216,367,3.0,4.008172923542644
216,368,2.0,2.5103108160183747
216,405,3.0,3.8363146591014408
216,421,5.0,4.200864815777283
216,433,3.0,4.31577127163095
216,498,3.0,4.600738508554359
216,531,4.0,4.5249629431372
216,577,1.0,2.9490217535604124
216,628,4.0,4.022203328215723
216,651,5.0,4.595164962860784
216,652,4.0,4.5711544720094945
216,658,3.0,4.125572582968371
216,693,3.0,4.434327964864869
216,697,4.0,4.17007023046324
216,721,4.0,4.057286247033009
216,764,2.0,3.4048433620420164
216,824,3.0,3.3686000106227554
216,928,3.0,3.431503966469141
216,1010,3.0,4.164392046894411
216,1035,1.0,3.65179840627657
216,1047,3.0,3.2237307451834254
216,1101,4.0,4.416879426491468
216,1161,4.0,3.8540749506807366
217,2,3.0,2.6832477187187163
217,7,4.0,3.2707216205980876
217,22,5.0,3.5156492355963684
217,27,1.0,2.7729383010502033
217,38,3.0,2.5277431827440124
217,53,1.0,2.66639896029612
217,68,3.0,2.9290007132742355
217,82,5.0,3.231542018850436
217,117,4.0,3.1638516484024723
217,118,4.0,2.755232619272772
217,121,1.0,2.844199373994337
217,144,4.0,3.3269681816713916
217,174,3.0,3.5607135910117775
217,176,4.0,3.4262869185821136
217,182,2.0,3.467991636083012
217,185,3.0,3.5130505709009374
217,195,5.0,3.290020194563267
217,226,1.0,2.8995031629699204
217,231,5.0,2.3341673467538673
217,258,1.0,3.260733953190412
217,281,2.0,2.732277223284552
217,363,1.0,2.332214854509983
217,391,4.0,2.2815488193311992
217,398,1.0,1.6975768648449152
217,540,1.0,2.1724499784658957
217,554,3.0,2.4532913976775395
217,566,4.0,2.9918329050017647
217,576,1.0,2.6438554520967474
217,578,5.0,2.637295020424424
217,597,4.0,2.68108339768546
217,665,4.0,2.5522008437719346
217,685,5.0,2.878676793676936
217,797,4.0,2.566422166439173
217,810,3.0,2.450747083024287
217,827,2.0,2.453557139250392
217,840,1.0,2.490695218394163
217,1222,1.0,2.3657213654264506
217,1228,2.0,2.053801411512724
217,1303,2.0,2.0181451290868244
218,4,3.0,3.4485205167251
218,5,3.0,3.2228205812303194
218,12,5.0,4.1945985397009355
218,33,4.0,3.418388954801022
218,100,4.0,3.9887127737997847
218,154,4.0,3.788524691662239
218,194,3.0,3.918909384210551
218,208,3.0,3.7037592519551255
218,209,5.0,3.828836770923113
218,265,3.0,3.746464214447793
218,273,4.0,3.4704164308037004
218,410,3.0,3.1028182335116687
218,430,3.0,3.8841294511947755
218,504,3.0,3.8048300690901713
218,516,5.0,3.8441361545628308
218,517,3.0,3.6872625963609322
218,654,4.0,4.007325459213038
218,695,3.0,3.097341895376514
218,762,4.0,3.4669788180274144
218,789,3.0,3.6952292342018693
219,13,1.0,4.369467216694003
219,82,1.0,4.062466759869956
219,114,5.0,5.0
219,132,5.0,4.611390693486339
219,179,5.0,4.811299263824777
219,215,5.0,4.1145428628660365
219,303,4.0,4.697156414024406
219,347,1.0,4.342412835563354
219,546,4.0,3.485297521157259
219,568,1.0,3.928897029197912
219,882,3.0,4.3020559931915265
219,935,3.0,4.317938940670783
220,268,4.0,4.11731550631732
220,286,5.0,4.091465103618049
220,288,5.0,3.865971449686601
220,298,4.0,4.192048616880126
220,301,4.0,3.7811912759477453
220,303,4.0,4.097265739813673
220,306,4.0,4.386958693656965
220,319,4.0,3.739677174105897
220,325,1.0,3.1719078586475895
220,333,3.0,3.9927371891847585
220,343,3.0,3.5990643349553304
220,682,4.0,3.5307901428138613
221,3,4.0,3.4836790919018887
221,4,3.0,3.9128219088293505
221,17,4.0,3.724801092642922
221,24,5.0,3.8317106134887764
221,32,4.0,4.171234183926288
221,33,4.0,3.8417251999870357
221,39,4.0,3.7471243823853606
221,48,5.0,4.461950098986428
221,53,4.0,3.5148420948205326
221,69,4.0,3.950086143192909
221,70,3.0,3.896363931505891
221,76,4.0,3.868517433075211
221,92,4.0,4.158368153924427
221,100,5.0,4.346744958910098
221,109,2.0,3.798070173789899
221,118,1.0,3.2594400237661163
221,128,3.0,3.9148477549607965
221,129,5.0,4.114105904099182
221,154,3.0,3.9800451547426046
221,161,3.0,3.552242575558251
221,172,5.0,4.363012630257184
221,173,4.0,4.267801812769548
221,204,4.0,3.9432152412014627
221,231,4.0,3.0411769054050772
221,250,5.0,3.7604766083075667
221,257,4.0,3.888186043195328
221,258,1.0,4.01710786686079
221,265,3.0,4.020845373449021
221,268,5.0,4.251847188106444
221,272,5.0,4.521783374428296
221,318,5.0,4.510907155332225
221,327,4.0,3.855357283953936
221,403,4.0,3.6006841205187254
221,461,4.0,4.056554032929587
221,467,4.0,4.0926096867622865
221,468,3.0,3.37876301060703
221,475,4.0,4.255223114447337
221,476,2.0,3.354859571754205
221,496,3.0,4.06032763028281
221,508,4.0,4.0191586488299995
221,588,3.0,3.7941399412035413
221,623,3.0,2.880719370891504
221,684,4.0,3.954096493376793
221,685,3.0,3.487327823888513
221,721,5.0,3.8656669574166154
221,780,3.0,3.4957568847082414
221,789,4.0,4.150573367547699
221,824,3.0,3.2800206095044766
221,895,2.0,3.5469823992936096
221,940,4.0,2.7874141184923795
221,943,4.0,4.011512997539468
221,1010,3.0,3.7801843696482553
221,1012,4.0,3.871376055625168
221,1035,3.0,3.1622162788994297
221,1059,4.0,3.436674965708714
221,1067,3.0,3.872546995230794
221,1073,4.0,4.286930463187269
221,1134,4.0,3.9399807056225202
221,1210,3.0,2.8184897165306606
221,1218,3.0,3.8113191002206515
221,1250,2.0,2.5716444679800565
221,1314,3.0,2.9384054623322315
221,1407,3.0,2.5787502088320875
222,1,4.0,3.897913959785112
222,2,3.0,3.1795201683504226
222,4,3.0,3.5398634446586525
222,7,5.0,3.7082835134322076
222,8,1.0,3.8715130774616164
222,9,5.0,3.761362860778067
222,12,5.0,4.36930810525209
222,15,3.0,3.5745788033424324
222,22,5.0,4.141120752833083
222,25,3.0,3.3855945881297935
222,26,3.0,3.451623547170665
222,29,3.0,2.4639840264161714
222,40,1.0,2.4560192588402674
222,49,3.0,3.1069613255477235
222,53,5.0,2.8374512976158246
222,58,3.0,3.76474621204494
222,62,4.0,3.104274690556168
222,69,5.0,3.920545076931702
222,70,3.0,3.6519711846856677
222,71,4.0,3.6389217401909395
222,77,4.0,3.4412261367560184
222,81,1.0,3.344453568023545
222,82,4.0,3.701574655998807
222,87,3.0,3.969052242837225
222,88,4.0,3.5474662066449314
222,92,3.0,3.510279794216533
222,93,2.0,3.4181274974436144
222,94,3.0,3.0039915553329224
222,96,5.0,4.033936688969776
222,97,4.0,3.804969922428138
222,106,2.0,2.7386658641513484
222,111,3.0,3.3669622953432388
222,118,4.0,3.085886529724413
222,120,2.0,2.0763491208346636
222,125,5.0,3.4431876548846256
222,127,5.0,4.21542606791814
222,135,5.0,3.792412206090395
222,142,2.0,2.5277005064705182
222,144,5.0,3.946763366616035
222,148,2.0,3.127446656532231
222,151,3.0,3.4477926384220305
222,153,4.0,3.69519341182607
222,155,4.0,2.8221429144611565
222,157,4.0,3.719890488262913
222,159,3.0,3.276941854377248
222,160,1.0,3.315225469752528
222,161,4.0,3.4776572672807067
222,164,4.0,3.5608311576950418
222,172,5.0,4.128010781019158
222,173,5.0,4.115939627263598
222,182,4.0,3.9400665728409447
222,196,5.0,3.8341513742312783
222,200,3.0,3.7405589180528365
222,202,4.0,3.7691273086038075
222,204,5.0,3.814878112887595
222,210,4.0,3.84340702380437
222,215,4.0,3.637589633514688
222,217,3.0,3.0608682355551426
222,218,5.0,3.49358274993688
222,222,4.0,3.6666774054877997
222,231,2.0,2.6499135403665806
222,232,4.0,3.09826021233002
222,234,2.0,3.732809311999465
222,239,5.0,3.678373408381375
222,240,2.0,2.5740314409817735
222,247,1.0,1.4514141319030864
222,248,4.0,3.457573851578007
222,250,2.0,3.311788749118418
222,252,2.0,2.8109388069870507
222,261,1.0,2.279878819834031
222,268,4.0,3.791254514178752
222,270,2.0,3.613774501174449
222,276,5.0,3.5294700369873615
222,278,2.0,2.688812001459488
222,280,3.0,2.8052409978685375
222,281,3.0,3.0617028668294948
222,288,4.0,3.446872389672882
222,293,3.0,3.5906548487114893
222,298,4.0,3.5303342382630847
222,300,5.0,3.574666102967157
222,302,3.0,4.069480105322321
222,313,4.0,4.20067337147823
222,323,3.0,2.831441014794402
222,357,4.0,4.208651921132564
222,364,1.0,2.2335375358515663
222,366,4.0,2.8482987500982535
222,368,1.0,1.3028318820506564
222,373,3.0,2.454545122011016
222,379,1.0,2.68428652606523
222,385,4.0,3.5949048535612573
222,395,1.0,2.2118794048483013
222,399,4.0,3.190940288935291
222,401,2.0,2.222241308485947
222,403,3.0,3.4393745798696354
222,409,3.0,2.3829154723789334
222,411,3.0,2.635021998377745
222,413,3.0,2.2674186585198606
222,419,2.0,3.466411986901555
222,426,1.0,2.727485391816324
222,432,3.0,3.460149298550463
222,433,4.0,3.4959886957228647
222,436,4.0,3.491005189759232
222,441,2.0,2.6229343588421514
222,448,3.0,3.4129576646558597
222,449,4.0,2.9511759461455407
222,452,1.0,2.378416660879777
222,471,3.0,3.4655914097982903
222,501,2.0,3.194010855964455
222,527,4.0,3.910368646776852
222,529,2.0,3.73556783739843
222,550,3.0,3.213676484472598
222,552,2.0,2.3297985667165317
222,554,2.0,2.650496834654799
222,568,5.0,3.561420149950701
222,577,1.0,1.993734808134865
222,591,4.0,3.470264229101867
222,658,3.0,3.4178092726570974
222,662,3.0,3.242768280423575
222,665,1.0,2.7363687360817828
222,670,3.0,2.9374584919438873
222,672,1.0,2.4392338806353893
222,689,4.0,2.831389685024042
222,700,3.0,2.353261948598457
222,715,2.0,3.0859536140436834
222,719,1.0,2.173711223562794
222,722,3.0,2.3842993397010384
222,724,3.0,3.3101827240200317
222,739,4.0,3.164207439698215
222,746,5.0,3.520684806410341
222,750,5.0,3.8462738384550743
222,755,4.0,3.0766891976367097
222,756,4.0,2.4222539145758737
222,763,3.0,3.1831937562442563
222,768,2.0,2.397914400551011
222,780,3.0,2.5620735566575874
222,781,3.0,3.0063448763100773
222,783,2.0,2.3706887579407896
222,796,4.0,2.918000323728351
222,808,3.0,2.510506032836666
222,810,2.0,2.716237107438558
222,812,2.0,2.332216694550124
222,815,2.0,2.969673493171548
222,819,2.0,2.3159610101144805
222,825,3.0,2.789926816913894
222,829,3.0,2.346452555396044
222,833,2.0,2.807424323168922
222,840,3.0,2.686532402104705
222,849,4.0,2.5353894988887884
222,869,3.0,2.753879014834309
222,895,4.0,2.9984356159491536
222,931,1.0,1.793484771709976
222,939,3.0,3.7010028145156713
222,944,3.0,2.577813568090905
222,946,2.0,2.684554192619185
222,949,3.0,3.0409380100054637
222,972,2.0,2.867876239141294
222,1029,1.0,1.6020846484420534
222,1041,3.0,3.0456139461596767
222,1042,4.0,2.7587256730434917
222,1044,4.0,3.029807218241971
222,1053,3.0,2.705122352346784
222,1054,1.0,2.04197935878698
222,1057,4.0,2.0468922451926006
222,1059,1.0,2.44052933964568
222,1078,2.0,2.395258679590249
222,1089,1.0,1.8812462612065164
222,1179,1.0,1.7512645944817054
222,1207,2.0,2.1481799502524805
222,1226,4.0,3.1497119354916303
222,1239,2.0,2.057006194099242
222,1267,3.0,2.9273727305434187
222,1284,4.0,2.5843926504015964
222,1419,1.0,2.21521812249646
222,1438,4.0,2.1616606601591193
223,1,4.0,3.7063714706898807
223,8,2.0,3.802020154621433
223,11,3.0,3.5457585154253617
223,22,5.0,4.010273623685563
223,25,1.0,3.2134871323345577
223,69,5.0,3.781336125182479
223,111,4.0,3.32279473022088
223,118,2.0,3.2422966092521954
223,120,2.0,2.3755819872530983
223,143,4.0,3.793526739885185
223,216,5.0,3.700357386174884
223,225,3.0,2.99327579151379
223,237,5.0,3.494132398327389
223,248,1.0,3.3120277279458534
223,249,2.0,3.1704292912563123
223,252,1.0,2.95922989781079
223,255,4.0,3.2427682075129534
223,258,1.0,3.57208871336408
223,274,4.0,3.445651220357056
223,276,4.0,3.1233300102100423
223,282,4.0,3.5788091792345753
223,286,1.0,3.1981060284143235
223,294,4.0,3.2610462036349435
223,298,5.0,3.477820432427935
223,300,3.0,3.55182409611433
223,318,4.0,4.118723242554595
223,321,1.0,2.860635593310712
223,322,4.0,3.057525978902528
223,323,2.0,2.9788900567936545
223,328,3.0,3.3789832672174267
223,332,4.0,3.387551392491118
223,369,1.0,2.5342869401440327
223,409,3.0,3.047223763453861
223,411,1.0,2.89848795804453
223,423,3.0,3.6551549898498643
223,470,4.0,3.4669059050922564
223,596,3.0,3.157739717429551
223,597,4.0,3.0819922028950737
223,717,1.0,2.7041898778867317
223,742,3.0,3.550287705668286
223,756,3.0,2.929332128596913
223,763,3.0,3.29300285094246
223,826,1.0,2.75456880048426
223,845,4.0,3.2833777206246584
223,846,2.0,2.8035817985390796
223,908,1.0,3.1737664053050905
223,969,5.0,3.6997258389619962
223,975,1.0,3.0693353376508923
223,977,2.0,2.8881982259911645
223,1014,4.0,2.8708129830365374
223,1150,2.0,3.1208546638839527
223,1197,3.0,3.039203876356551
223,1300,1.0,2.803486853001081
224,11,3.0,3.3192270503477435
224,15,4.0,3.547049976064999
224,20,1.0,2.610930227756082
224,22,5.0,3.9147094910538454
224,26,3.0,2.8156869204435955
224,29,3.0,2.7405679892405663
224,43,3.0,2.91056319060383
224,51,4.0,3.2840281686578825
224,69,4.0,3.7167326044915736
224,77,4.0,3.3361385363058718
224,86,3.0,3.162191672645503
224,135,1.0,3.462118177161533
224,148,3.0,3.114184775182682
224,149,1.0,2.3187280048924395
224,162,4.0,3.2072619960808577
224,178,4.0,3.7286125594344295
224,191,4.0,3.698291405258684
224,196,4.0,3.559144457909621
224,212,1.0,2.9081905422030734
224,215,4.0,3.5771624084745195
224,223,3.0,3.601239995603731
224,243,2.0,2.585329976497465
224,245,3.0,2.8940685318301806
224,258,3.0,3.4723195171052614
224,277,3.0,2.9242156529024266
224,282,4.0,3.4845083965020285
224,287,3.0,2.95968574988982
224,294,4.0,3.0893795058483677
224,300,4.0,3.485469953083034
224,301,3.0,2.9494785851802527
224,318,5.0,3.9836834125729905
224,322,2.0,2.9925961127937803
224,323,3.0,2.864531088678577
224,325,1.0,2.276328710610827
224,332,3.0,3.167260423849664
224,387,4.0,2.788678311868862
224,392,4.0,3.5186216613919865
224,403,4.0,3.319933392008271
224,518,1.0,3.0562511357935316
224,528,3.0,3.6932880485762616
224,549,3.0,3.2682482403157045
224,569,3.0,2.712757664851872
224,581,1.0,2.8061019491742476
224,583,1.0,2.5617734983360174
224,620,3.0,2.9232589014965047
224,632,2.0,3.4383035792618206
224,655,4.0,3.5171178649113966
224,658,1.0,3.3487121493759346
224,662,5.0,3.3983860802741304
224,678,3.0,2.832857696815771
224,686,4.0,3.25970465082332
224,704,3.0,2.7525812835875847
224,708,2.0,2.762370169386339
224,720,4.0,3.133401115267512
224,723,2.0,2.97689002270947
224,724,3.0,3.2623000429469418
224,727,4.0,3.2755421186882794
224,751,3.0,3.1933740177936674
224,778,1.0,3.217888374181623
224,846,4.0,2.6782263124510766
224,873,2.0,2.964757904155162
224,879,3.0,2.969019506069781
224,893,3.0,2.949426646851626
224,949,3.0,3.2042337298280987
224,962,2.0,2.3871116519995277
224,977,2.0,2.765159042149745
224,1039,5.0,3.7597919331043097
224,1044,3.0,3.154176704634958
224,1045,2.0,2.877144912656514
224,1053,3.0,3.528442461038088
224,1085,1.0,2.980591238629001
224,1119,3.0,3.4541613435622045
224,1163,2.0,2.510505318056487
224,1208,1.0,2.451248085334704
224,1212,2.0,2.61007350860218
224,1441,3.0,2.3387214463190515
224,1442,3.0,2.7916109705994177
225,22,5.0,5.0
225,64,4.0,5.0
225,136,5.0,5.0
225,143,2.0,5.0
225,172,5.0,5.0
225,193,4.0,5.0
225,237,5.0,5.0
225,245,2.0,4.612157649269962
225,418,5.0,5.0
225,480,5.0,5.0
225,492,4.0,5.0
225,1443,4.0,4.876276418889628
226,7,4.0,3.851876798106873
226,9,5.0,3.738109226751711
226,14,5.0,3.715727639031039
226,24,4.0,3.5534105076595965
226,28,4.0,3.9234574684820815
226,56,4.0,3.8966647327219976
226,98,5.0,4.201564156865368
226,147,3.0,3.5386069357022243
226,150,4.0,3.6789379300304947
226,169,5.0,4.450192696005911
226,180,4.0,3.8659522667663757
226,209,3.0,3.770644344979114
226,242,5.0,3.9816411922726993
226,250,4.0,3.6247927008049934
226,258,5.0,3.859199321682858
226,270,4.0,3.6505255702325647
226,283,2.0,3.624262413317652
226,480,4.0,4.137039543392444
226,1117,3.0,3.2189648117682843
227,7,5.0,3.5190006223187567
227,9,3.0,3.7276238310992715
227,19,4.0,4.072404193529387
227,25,4.0,3.21606999302954
227,50,4.0,3.825004102748053
227,93,5.0,3.819140793023664
227,106,3.0,2.741096331423068
227,116,4.0,3.858300057142509
227,117,2.0,3.1546242154130857
227,121,2.0,2.8406330212336677
227,126,4.0,3.509070473495686
227,150,3.0,3.561116633466885
227,244,3.0,3.233128400869782
227,276,4.0,3.600177227756703
227,286,3.0,3.601573083360461
227,293,5.0,3.5534105593599024
227,295,5.0,3.0709324938294764
227,411,4.0,2.5570314629723243
227,475,4.0,3.6890842702724016
227,1008,4.0,3.345693373334589
227,1010,3.0,3.359902483047272
227,1017,4.0,3.1636473157225664
228,87,1.0,3.128703995832257
228,98,3.0,3.2355923528696486
228,204,3.0,3.1289709566445083
228,272,5.0,3.5446917743590793
228,288,4.0,2.78040902041095
228,313,5.0,3.725500992477128
228,327,1.0,2.600027675258862
228,427,4.0,3.400919672276747
228,475,3.0,2.7063097654378954
228,650,3.0,2.6032587098437294
228,651,4.0,3.2545675930955116
228,655,4.0,3.005016256844514
228,690,5.0,2.9302703176607587
228,886,1.0,2.4161896296958685
229,258,2.0,3.0371283636926245
229,260,1.0,2.2296460698017895
229,286,4.0,3.1630899784124393
229,302,5.0,3.551123876218177
229,312,3.0,2.7208338028176264
229,313,2.0,3.262029237997769
229,315,1.0,3.4601107119377823
229,328,1.0,2.657291076762616
229,340,4.0,3.0357885344433866
229,347,1.0,2.977356733065145
229,349,4.0,2.6856320483913145
229,358,1.0,2.3759584857664073
229,748,3.0,2.433489796654633
229,750,2.0,3.3162002844130503
229,875,1.0,2.4905513624783544
230,7,3.0,4.227329435496184
230,8,5.0,4.580612932446227
230,11,4.0,4.289693312579858
230,50,5.0,4.913504224799102
230,51,4.0,4.086030359437025
230,70,4.0,4.264990016041229
230,96,2.0,4.562591990191706
230,97,5.0,4.474578407668648
230,125,5.0,4.220841676712717
230,138,3.0,3.8057729219336514
230,140,3.0,4.046453031001399
230,142,4.0,3.8154901068245386
230,144,3.0,4.420572265283003
230,153,5.0,4.350543394025557
230,154,4.0,4.103941771163614
230,172,4.0,4.749995239165217
230,176,4.0,4.465505706856243
230,181,4.0,4.673249401726494
230,182,2.0,4.179005483537639
230,183,3.0,4.468366204293022
230,185,4.0,4.428666582358487
230,186,4.0,4.488544999332464
230,196,5.0,4.546845695975575
230,199,3.0,4.689702588009935
230,202,4.0,4.38890054446499
230,209,1.0,4.178074053679106
230,210,5.0,4.598702473662443
230,228,2.0,4.3947628662328935
230,234,4.0,4.236627490922908
230,238,1.0,4.315575616671943
230,276,5.0,3.7815150894248144
230,291,4.0,4.0268615525750935
230,304,5.0,4.314798993598708
230,357,5.0,4.7075890529739475
230,378,5.0,4.49622416638022
230,385,1.0,4.394887518557526
230,393,3.0,4.290968905275013
230,402,5.0,4.318361651100216
230,419,4.0,4.435957668179022
230,432,4.0,4.347783800518043
230,443,4.0,4.191112127728367
230,484,5.0,4.520650882913693
230,485,5.0,4.478641608106701
230,511,2.0,4.66546475226702
230,526,3.0,4.436329318841908
230,582,4.0,4.164763599444072
230,607,3.0,4.239796965870765
230,633,4.0,4.570793810450439
230,673,3.0,3.8991675901417677
230,680,4.0,3.625286710022244
230,739,5.0,4.175957625281565
230,742,5.0,4.3119685732183965
230,926,3.0,3.636283091526618
230,963,5.0,4.645950691177362
230,969,4.0,4.349935015644032
230,1050,3.0,4.154583063600317
230,1192,4.0,3.505392492736555
230,1444,2.0,3.6170216844303638
231,121,4.0,3.4444790725318337
231,126,5.0,3.975508208004842
231,127,3.0,4.226839971715862
231,151,1.0,3.7220922781792742
231,181,4.0,4.016721054451782
231,252,4.0,3.1342507953105287
231,405,4.0,3.4399095657460985
231,476,3.0,3.257205417467446
231,748,4.0,3.2661933305137905
231,846,4.0,3.0866887033116424
231,924,5.0,3.525083573049428
232,1,4.0,4.03812259040088
232,8,2.0,4.216503494844209
232,14,4.0,4.039031507911215
232,22,3.0,4.300650176478684
232,52,5.0,4.073102474357565
232,56,5.0,4.171608722151203
232,64,4.0,4.552433730985882
232,81,5.0,4.00112137031807
232,91,5.0,4.033459725851466
232,96,5.0,4.265060320805071
232,98,4.0,4.483772287896677
232,173,4.0,4.39182212484991
232,175,5.0,4.1250411080018905
232,181,4.0,4.182286848886907
232,191,4.0,4.449279044713018
232,194,4.0,4.313793474493743
232,197,4.0,4.385010362455649
232,202,4.0,4.085258830718396
232,204,4.0,4.152628518789312
232,215,3.0,3.950648732427345
232,234,3.0,4.0528120763235265
232,270,3.0,4.015264803802188
232,272,4.0,4.37791105370488
232,275,2.0,4.167231615857463
232,276,5.0,3.780915910907829
232,313,3.0,4.339647692200055
232,315,5.0,4.217793765711991
232,318,5.0,4.699570129687579
232,461,5.0,3.985931617131416
232,462,4.0,4.260421816211553
232,471,3.0,3.7548586351529396
232,474,5.0,4.537810733553856
232,483,5.0,4.578769374809186
232,493,4.0,4.358243587359856
232,498,4.0,4.402163029791299
232,515,2.0,4.491255673659662
232,523,4.0,4.2286531205014235
232,630,3.0,3.9045023563038086
232,638,5.0,4.10592996365555
232,651,3.0,4.38686076677806
232,705,5.0,4.284051971744445
232,708,4.0,3.9346667093059633
232,747,3.0,3.867679861711546
232,919,3.0,4.102750541319739
232,921,4.0,4.3921766988698385
232,1128,2.0,3.6824567655568154
233,31,3.0,4.585340780457189
233,48,5.0,4.956132885503346
233,56,5.0,4.765536935593586
233,57,5.0,4.759368600454178
233,58,3.0,4.541813016437752
233,69,5.0,4.789819296195743
233,82,4.0,4.6255454092473585
233,97,5.0,4.739478831829171
233,98,5.0,4.989807691944145
233,99,3.0,4.4695114472944155
233,117,3.0,4.529743980108604
233,174,5.0,5.0
233,177,4.0,4.687281470608412
233,191,4.0,4.920463511041677
233,193,4.0,4.828337793593223
233,202,5.0,4.5712865578273645
233,205,4.0,4.9125575154685555
233,208,4.0,4.800300760996461
233,212,5.0,4.647806793619054
233,249,5.0,4.059415894416343
233,257,4.0,4.5683415068671085
233,269,5.0,4.731278348529265
233,276,5.0,4.37588091502801
233,286,3.0,4.538116658383398
233,313,5.0,5.0
233,357,5.0,5.0
233,375,4.0,3.1917179398553865
233,381,4.0,4.364940989441596
233,418,4.0,4.348997696376363
233,423,4.0,4.7502543348974715
233,482,4.0,5.0
233,492,5.0,4.655410336170836
233,495,4.0,4.53355238547901
233,499,3.0,4.989037536775882
233,515,5.0,5.0
233,568,5.0,4.478449893159931
233,644,5.0,4.547711950372769
233,654,4.0,4.999703131082423
233,806,4.0,4.406751692191486
233,923,4.0,5.0
233,958,5.0,4.854504451597824
233,1194,5.0,4.881623301201646
234,1,3.0,3.1563129262420087
234,7,2.0,3.148048942296874
234,8,5.0,3.2702737908349393
234,10,3.0,3.412456347476673
234,12,1.0,3.6353059251104187
234,14,3.0,3.2812170459732313
234,15,3.0,3.019852368137041
234,20,4.0,2.9152752801289474
234,21,3.0,2.1613584788902607
234,32,3.0,3.3227503307063935
234,50,4.0,3.5240673884634144
234,54,2.0,2.4959220043195214
234,70,3.0,3.063030055657673
234,71,3.0,3.040681777280383
234,72,3.0,2.4129591918284774
234,73,2.0,2.7044688879928143
234,76,2.0,2.765744219857765
234,77,3.0,2.5793723576436287
234,79,3.0,3.229266759961573
234,81,3.0,2.823272656670359
234,85,2.0,2.369720729112758
234,87,3.0,3.2814978552337166
234,91,5.0,3.0118197688878827
234,95,3.0,3.0176948766998857
234,96,2.0,3.0584604898262606
234,98,4.0,3.600516657062612
234,117,2.0,2.850184408678798
234,132,4.0,3.4364778589143756
234,134,5.0,3.7346794841017483
234,135,4.0,3.4525052516042747
234,136,4.0,3.629533305334915
234,141,3.0,2.8936129877715144
234,142,2.0,2.3964245734673724
234,147,3.0,2.675325036256463
234,151,3.0,2.9657019290750273
234,152,4.0,3.2094924555366378
234,157,2.0,3.061980124767797
234,161,3.0,2.595954337074326
234,168,3.0,3.2959346158049
234,170,5.0,3.5426533579720276
234,179,3.0,3.2321717803974765
234,186,3.0,3.0349676079155787
234,187,4.0,3.539883120736831
234,191,4.0,3.5415772267413645
234,192,3.0,3.553994800725852
234,193,4.0,3.3697151214974372
234,194,5.0,3.4458462121779836
234,196,3.0,3.164413912489998
234,198,3.0,3.394713620405978
234,202,3.0,3.096270494805067
234,205,3.0,3.6276145121264727
234,206,4.0,2.796340499959207
234,208,4.0,3.276221101353147
234,209,4.0,3.2097800286390057
234,210,3.0,3.0722786465984133
234,212,2.0,3.2277510791225965
234,213,3.0,3.449675096772573
234,218,2.0,2.771900033606097
234,221,2.0,3.284884250391511
234,228,3.0,2.999049680921209
234,229,4.0,2.438189564429222
234,233,2.0,2.5249098426295045
234,234,4.0,3.1266827893194695
234,236,3.0,2.8230014576085463
234,237,3.0,2.9108194638232634
234,241,2.0,2.7716792590928967
234,242,4.0,3.381487323977048
234,265,3.0,3.0941768122119964
234,274,3.0,2.8184779879770554
234,276,3.0,3.0448470582023583
234,283,3.0,3.039193871878716
234,284,3.0,2.481567934949253
234,287,3.0,2.959259639422247
234,288,3.0,2.6140649704298244
234,289,4.0,2.354611928481795
234,291,3.0,2.636294074468714
234,292,4.0,2.8021187475260527
234,294,3.0,2.3754646310081817
234,300,3.0,2.764422363793641
234,316,4.0,3.3794880444580166
234,318,4.0,3.698134832713431
234,322,2.0,2.3486946030883926
234,328,2.0,2.604179678838226
234,401,2.0,2.091476902090376
234,403,1.0,2.665952106761816
234,414,4.0,3.253052668966564
234,421,1.0,2.8564422871386683
234,423,4.0,3.1753358994025795
234,427,4.0,3.734590885845285
234,428,4.0,3.196877726472294
234,431,3.0,2.763043124722879
234,433,2.0,2.940281655949972
234,434,3.0,3.4223203569316136
234,435,3.0,3.3938373157231
234,448,3.0,2.834255898276022
234,451,3.0,2.582807171474922
234,462,4.0,3.406056954876878
234,471,3.0,2.7908393610318516
234,472,2.0,2.3355212074871736
234,481,5.0,3.583979127657959
234,482,4.0,3.7243004696615833
234,483,5.0,3.8457962770935534
234,484,5.0,3.809346981340044
234,485,3.0,3.283420442988217
234,486,3.0,3.553023347298639
234,487,3.0,3.7716558811011667
234,490,4.0,3.7767807344531388
234,491,4.0,3.4958247835973877
234,493,3.0,3.9022206983186574
234,499,4.0,3.5662645108204476
234,500,3.0,3.1170456342018356
234,501,4.0,2.9757071423200654
234,502,4.0,3.198147039970994
234,506,4.0,3.403125699142395
234,507,4.0,3.537784830103499
234,519,5.0,3.8401068633413433
234,521,3.0,3.4325458059338376
234,523,4.0,3.5555719062151216
234,526,3.0,3.4751671300002345
234,549,3.0,2.7731577321585954
234,558,4.0,3.052986920286616
234,566,2.0,2.747157174381493
234,571,2.0,2.0094393881728134
234,582,4.0,3.0553788377676114
234,584,3.0,3.0716444342053455
234,588,3.0,3.0900293663549543
234,589,3.0,3.646534085949001
234,596,2.0,2.7083463825227305
234,601,3.0,3.557170838373266
234,603,4.0,3.763350484786346
234,604,5.0,3.7201082414640947
234,612,3.0,3.681844327708159
234,614,3.0,3.4660821390341074
234,616,2.0,3.1516188355361545
234,617,3.0,3.4304166421435225
234,618,3.0,3.3120353008619663
234,626,4.0,2.6195700425128807
234,628,2.0,2.770331632509685
234,632,2.0,3.4663589992859385
234,634,4.0,3.1857836908103514
234,638,4.0,3.386031635388747
234,648,3.0,3.743996354776601
234,651,4.0,3.369937831251353
234,654,5.0,3.680374058924819
234,657,4.0,3.8202075851725383
234,660,4.0,3.065412741286048
234,671,3.0,3.265256612391312
234,673,4.0,3.0727590292741693
234,693,2.0,2.9830797583492554
234,705,5.0,3.574973271950673
234,709,4.0,3.2406587727302036
234,727,3.0,2.7141470248855177
234,731,2.0,2.30356899000534
234,732,2.0,2.9671475322373952
234,739,3.0,2.535137153554524
234,747,3.0,2.8396789384306027
234,751,2.0,2.671474574677881
234,781,2.0,2.580099423414694
234,782,3.0,2.504261060238017
234,808,2.0,2.1364228415162883
234,844,2.0,2.7963499545490698
234,847,4.0,3.279926895138427
234,848,3.0,2.9496465866797124
234,850,2.0,3.683030395056151
234,872,2.0,2.6629331609735862
234,874,1.0,2.747436697384981
234,878,2.0,1.6620709434192034
234,921,4.0,3.189914075907613
234,927,4.0,2.93320847654078
234,928,2.0,2.2531482814118955
234,929,1.0,1.87132326715216
234,945,3.0,3.5280368754165243
234,959,2.0,2.9409870734313084
234,963,3.0,3.609430731664286
234,965,3.0,3.1416747508789302
234,966,4.0,3.259225776133233
234,1015,2.0,2.5474417008059804
234,1020,4.0,3.5557859213315446
234,1035,3.0,2.4453613908642344
234,1048,3.0,2.4292559243307035
234,1050,3.0,3.2695173551140595
234,1078,2.0,2.2433142502630328
234,1123,3.0,3.116356874512224
234,1126,4.0,3.219596394313875
234,1149,3.0,3.4558027681560066
234,1172,3.0,3.3885723645517403
234,1184,2.0,2.049007805145283
234,1186,4.0,2.740367327406436
234,1198,3.0,2.775404765087097
234,1263,3.0,2.1738759201062776
234,1298,3.0,3.281040283368047
234,1397,4.0,3.0338662053898457
234,1400,3.0,2.7223786521355806
234,1451,3.0,3.418648588661172
234,1454,3.0,2.8861533505630046
234,1455,2.0,2.376942191084939
234,1456,4.0,3.093615051206065
234,1457,3.0,3.539195652952405
234,1458,4.0,3.539195652952405
234,1459,3.0,2.527263001131706
234,1462,3.0,3.240172158457285
234,1463,5.0,2.2406521274176736
235,7,4.0,4.064544179985725
235,22,4.0,4.127170184793594
235,52,4.0,4.076925464629872
235,65,2.0,3.897785987145148
235,70,5.0,3.8861158474265824
235,79,4.0,4.117569870941386
235,85,4.0,3.2240831571772244
235,87,4.0,4.207125518820794
235,100,4.0,4.40086868611586
235,135,4.0,4.30825222782802
235,174,4.0,4.311544765883476
235,185,4.0,4.426228599666916
235,188,4.0,4.052274042394722
235,190,4.0,4.3703962612327585
235,193,5.0,4.137130872807262
235,197,5.0,4.295053993359899
235,198,3.0,4.224374637302972
235,211,5.0,4.168022523346191
235,213,4.0,4.195062753830496
235,230,4.0,3.5933651302497513
235,237,4.0,3.8856988444507308
235,269,4.0,4.166237101887177
235,275,5.0,4.227707806825891
235,292,3.0,3.778163487055569
235,319,4.0,3.7309291330651093
235,346,4.0,4.122749633652009
235,419,5.0,3.876102025095111
235,433,4.0,4.013574689703438
235,435,5.0,4.155199209708389
235,474,5.0,4.5358474363331585
235,480,4.0,4.447114868115633
235,494,4.0,4.338367083707294
235,511,5.0,4.363986752878776
235,515,4.0,4.467904715030978
235,520,4.0,4.177371264537999
235,523,5.0,4.231330417325991
235,647,4.0,4.366715382506853
235,648,4.0,4.237872688851562
235,652,4.0,4.203885583624774
235,684,4.0,3.938725493273757
235,705,5.0,4.148811838395462
235,747,2.0,3.7205167134051917
235,792,4.0,4.093094396704546
235,898,3.0,3.644360777320119
235,1119,3.0,3.672186405756358
235,1149,4.0,4.261878943895598
235,1464,4.0,3.1642757486932895
236,15,5.0,3.3374825717275014
236,51,5.0,3.29253199883916
236,57,5.0,3.7390615391495436
236,58,2.0,3.4713115679295097
236,66,2.0,3.2450068726733563
236,69,5.0,3.636946062686298
236,71,3.0,3.57569229702567
236,79,4.0,3.748677536552194
236,111,4.0,3.158675455066309
236,134,4.0,3.8867883050251404
236,143,4.0,3.612223881319949
236,148,4.0,2.7882815486837846
236,153,2.0,3.4841212719757033
236,170,5.0,3.7815516748106557
236,172,3.0,3.8596744102087346
236,183,2.0,3.6411700446323225
236,185,5.0,3.7951594164224596
236,187,3.0,3.7971887697228373
236,195,2.0,3.5649367021490512
236,200,3.0,3.508546733102017
236,204,3.0,3.490060618146937
236,222,4.0,3.235826240965768
236,223,5.0,3.8252872110090728
236,237,4.0,3.3235830441017873
236,265,2.0,3.6232481721172674
236,286,5.0,3.5104821097146712
236,289,4.0,2.8714556000011795
236,298,4.0,3.1933213201863935
236,307,4.0,3.2355693120946523
236,313,4.0,3.9047742988145964
236,419,5.0,3.4671033572591714
236,420,4.0,3.259195553926146
236,443,4.0,3.417004253644443
236,478,3.0,3.663018926991487
236,506,5.0,3.38370965449961
236,507,3.0,3.595710161781309
236,532,2.0,3.2339367172488096
236,546,4.0,2.669443888104687
236,549,4.0,3.304702037345815
236,596,4.0,2.9856626251604594
236,614,5.0,3.4329927826279802
236,632,3.0,3.537957610255439
236,661,3.0,3.6605559478673757
236,686,3.0,3.2572919465624275
236,696,2.0,2.807613244923021
236,699,4.0,3.416829246786301
236,705,4.0,3.563777413832103
236,729,5.0,3.41203708473814
236,735,5.0,3.633368794398476
236,756,1.0,2.537911245765826
236,864,2.0,2.8407829847345867
236,1013,2.0,2.248576966507705
236,1102,4.0,3.034421595037977
236,1328,4.0,3.198539419703292
237,23,4.0,4.475348233061077
237,28,4.0,4.282104154191616
237,83,4.0,4.4315249146134805
237,98,4.0,4.554933631709098
237,100,5.0,4.504563838043617
237,153,3.0,4.209726423454797
237,183,5.0,4.357055017020106
237,185,4.0,4.5080213021146625
237,191,4.0,4.5084723691851325
237,199,4.0,4.548161641891891
237,211,4.0,4.320595967482408
237,423,4.0,4.210238164757415
237,479,5.0,4.5529519627918
237,494,4.0,4.442633388574569
237,499,2.0,4.313101563890793
237,502,4.0,4.171058154458621
237,513,5.0,4.582899166924248
237,514,4.0,4.3572926054201675
237,528,5.0,4.459918039458284
237,603,5.0,4.6143144909842695
237,1192,5.0,3.807469359852422
238,111,4.0,3.2344514113327225
238,118,3.0,3.033966930566773
238,121,4.0,3.1820017184808633
238,181,3.0,3.6406149210625935
238,220,3.0,3.060124509409514
238,252,3.0,2.7383474325785375
238,258,3.0,3.555673021160116
238,298,5.0,3.422237672189361
238,300,4.0,3.4417138640434315
238,458,4.0,2.981867098731101
238,476,3.0,2.9749394500688267
238,546,3.0,2.8617814658643126
238,756,3.0,2.7744085715171303
238,815,2.0,2.991652194427075
238,1190,3.0,2.764857411450596
239,8,5.0,4.192404630691071
239,9,5.0,4.506486803227066
239,10,5.0,4.583673349714566
239,47,2.0,4.084616918315516
239,56,4.0,4.412111907275159
239,58,5.0,3.9121788274898064
239,79,3.0,4.116902995591286
239,81,3.0,3.9944625737223363
239,89,4.0,4.460138035915345
239,96,5.0,4.029863021222316
239,98,5.0,4.448957778766881
239,100,3.0,4.483147172088201
239,114,3.0,4.396216085096775
239,124,5.0,4.5081334521005525
239,134,5.0,4.501664744178749
239,135,5.0,4.278674014186335
239,152,3.0,4.147199867658401
239,168,4.0,4.288137782640214
239,175,5.0,4.204036995077346
239,183,5.0,4.218015478357728
239,187,5.0,4.366636570164581
239,194,5.0,4.232138794331692
239,195,5.0,4.135702903623058
239,198,5.0,4.337283811641805
239,204,3.0,3.9191836281414556
239,207,5.0,4.296166135127971
239,210,4.0,3.9963289447592265
239,234,3.0,3.9526806985976704
239,272,5.0,4.362506811487606
239,286,1.0,4.132352348006524
239,288,2.0,3.6038321255721737
239,305,4.0,4.2701270847808495
239,312,2.0,3.5907621706737736
239,317,5.0,4.356805432249316
239,340,5.0,4.104225694008888
239,430,3.0,4.424464767329329
239,432,5.0,4.287857076614139
239,475,5.0,4.513335472813671
239,478,5.0,4.455415127608191
239,479,5.0,4.578723402965986
239,488,5.0,4.8697877652138715
239,491,5.0,4.1804832055457055
239,492,3.0,4.178981012160028
239,493,5.0,4.637088930340033
239,497,4.0,4.533815930495512
239,508,5.0,4.200219188377531
239,513,5.0,4.777621854997402
239,516,5.0,4.487198928896966
239,529,5.0,4.699373438133651
239,530,5.0,4.384539650572771
239,558,5.0,4.304635209031713
239,603,5.0,4.561637592680987
239,605,4.0,3.766517671811873
239,612,5.0,4.464356000901422
239,650,5.0,4.273845904969094
239,654,5.0,4.64996858598828
239,663,5.0,4.3911109079996615
239,671,5.0,4.3034343676314215
239,690,1.0,3.845463725312236
239,701,5.0,4.2353900665504405
239,705,4.0,4.077594898509799
239,736,5.0,4.236764275206801
239,836,5.0,4.345212461472352
239,855,5.0,4.611566326119007
239,923,5.0,4.783431438076216
239,954,5.0,4.148098354215129
239,1020,3.0,4.339807367977372
239,1056,5.0,3.9581899665303775
239,1070,5.0,4.723850889483307
239,1099,5.0,4.595227082494564
239,1192,1.0,4.260249215349176
239,1203,5.0,4.472314559582764
239,1245,5.0,3.7855712502489367
240,288,5.0,3.77443038097871
240,289,4.0,3.6122564506362456
240,300,3.0,3.934222708086941
240,301,5.0,3.7404439618383702
240,313,5.0,4.5653096842900505
240,336,3.0,2.978577570517144
240,343,3.0,3.5484373993993157
240,879,3.0,3.452220800450894
240,898,5.0,3.3365767249708567
241,292,4.0,3.5295160313112866
241,294,3.0,3.2357207271317296
241,302,3.0,4.0649049849543735
241,307,4.0,3.3310803211116853
241,313,4.0,4.077445255943907
241,332,3.0,3.36178373271997
241,350,2.0,3.12395388462651
241,690,2.0,3.590353439078816
241,750,5.0,3.8806377561185963
241,880,5.0,3.0502000363805717
241,887,4.0,3.5734587803859355
242,237,4.0,4.50551883777427
242,291,3.0,4.270165552713536
242,305,5.0,4.249586608720568
242,306,5.0,4.906076178854997
242,361,5.0,4.784223023033602
242,934,5.0,3.9501426088266687
242,1137,5.0,4.815664500047585
242,1152,5.0,4.453726346145356
242,1357,5.0,3.609647166806643
243,13,4.0,3.5198337409942293
243,15,3.0,3.548915587045928
243,16,3.0,3.5741805358061822
243,28,4.0,3.7577105088525253
243,69,3.0,3.659499296217435
243,83,4.0,3.9569600525740842
243,93,2.0,3.8391534701984353
243,127,4.0,4.165204216082319
243,129,2.0,3.7934123756990754
243,137,3.0,3.9409473026316344
243,173,3.0,3.9318971204926636
243,194,4.0,3.95372927849328
243,196,4.0,3.755928655859091
243,208,4.0,3.8368739093195874
243,221,5.0,3.801244290767082
243,223,4.0,4.034597557372097
243,225,3.0,3.006585010545888
243,268,4.0,3.815508067670724
243,275,3.0,3.8877218564454212
243,286,4.0,3.640566664779441
243,317,5.0,3.803945785939881
243,387,4.0,3.497668590181848
243,435,4.0,3.7641323005225495
243,511,5.0,4.106032149366783
243,531,4.0,3.808658653165245
243,582,5.0,3.6997795486512066
243,632,5.0,3.9532204107656543
243,655,4.0,3.7071537840000026
243,660,4.0,3.5933220527633596
243,713,3.0,3.397325964509575
243,778,4.0,3.4804110386843066
243,813,4.0,3.922904981618908
243,1039,4.0,3.9301417801643077
243,1281,5.0,3.339379753110354
243,1368,2.0,4.20093305311871
243,1466,3.0,4.093556893292674
244,7,4.0,3.9580410628267955
244,13,4.0,3.9272681755731385
244,17,2.0,3.568982891518104
244,20,4.0,3.9260877769783438
244,22,4.0,4.211597751982627
244,31,4.0,3.645635072704548
244,40,2.0,3.2602952025741976
244,42,5.0,4.288129490650135
244,51,2.0,3.753191313120082
244,52,4.0,4.237980604363611
244,53,3.0,3.524488994534418
244,54,2.0,3.4747326695178855
244,62,2.0,3.4471533107713337
244,69,4.0,4.059846987965294
244,72,4.0,3.360588712206213
244,77,4.0,3.524130854173913
244,89,5.0,4.413046715819324
244,90,4.0,3.5005347755895726
244,95,4.0,3.8246008772876294
244,97,2.0,3.9241397957482826
244,100,4.0,4.213485951151468
244,101,5.0,3.6687326249820345
244,117,2.0,3.5937468862952944
244,122,4.0,2.886244254114201
244,135,4.0,4.28242754356501
244,145,3.0,2.80005210682714
244,148,2.0,3.0692904345514442
244,151,5.0,3.7798233907887644
244,154,5.0,4.131752248193193
244,155,3.0,3.2733031885141566
244,157,4.0,4.108634404453055
244,161,4.0,3.63405201641874
244,164,3.0,3.6961516756215356
244,167,3.0,3.2411013900199404
244,168,5.0,4.266781694534735
244,172,4.0,4.353431852023367
244,179,5.0,4.3192439473655755
244,180,4.0,4.45723285850361
244,181,4.0,3.9855818484849372
244,183,4.0,4.22217691136769
244,186,3.0,4.056618259943481
244,191,5.0,4.4018827684137385
244,196,5.0,4.096368263697613
244,204,4.0,3.9835141942412267
244,208,5.0,4.2340738730118055
244,209,4.0,4.25969845600686
244,216,4.0,4.189619676570683
244,217,5.0,3.6474530626572337
244,220,2.0,3.3845915524609156
244,226,1.0,3.551346430605381
244,232,4.0,3.5205671896839394
244,237,5.0,3.687997426456226
244,238,5.0,4.253692573194478
244,240,3.0,3.1691665362841537
244,255,2.0,3.4055728747954097
244,258,5.0,3.9281276554681
244,265,4.0,4.052632980204045
244,278,3.0,3.255242699062177
244,287,3.0,3.893705182633086
244,290,3.0,3.078897716383478
244,294,4.0,3.200343044475411
244,301,2.0,3.5574133954036085
244,310,3.0,3.786020712826696
244,324,4.0,3.811863450275404
244,365,2.0,3.431614251334252
244,367,1.0,3.7713815712067906
244,369,4.0,2.9418134475941553
244,380,4.0,3.5450637510972625
244,381,4.0,3.8621208825644113
244,409,4.0,2.961842671356267
244,411,4.0,3.051541026110821
244,428,4.0,4.268537381298713
244,456,3.0,2.575458869782267
244,475,4.0,4.195472575170575
244,508,4.0,3.9267218590374586
244,509,5.0,4.26232690710986
244,550,1.0,3.482607015520533
244,554,3.0,3.0697043895435283
244,559,4.0,3.5494040064407164
244,566,4.0,3.692438218832577
244,584,5.0,3.897716529833992
244,596,4.0,3.3971820506112578
244,628,4.0,3.5506542980041447
244,631,4.0,4.108557195660573
244,652,5.0,4.131512126001687
244,662,3.0,3.6820225862931455
244,673,3.0,3.9374608962801783
244,676,4.0,3.54661884266159
244,685,2.0,3.2924192209395446
244,707,4.0,4.392734458902958
244,712,3.0,3.5672225092363368
244,723,3.0,3.4378770029362964
244,724,4.0,3.8291568581869138
244,738,4.0,3.4664701015148265
244,739,3.0,3.36152145685702
244,743,5.0,2.601079553282034
244,747,4.0,3.8168488138014043
244,756,2.0,2.8877722211209824
244,762,3.0,3.6721910988216906
244,764,5.0,3.187779556222328
244,790,4.0,3.114370105739475
244,815,4.0,3.1108113877409305
244,818,2.0,3.5448755037365025
244,866,5.0,3.1436303410356725
244,886,5.0,3.6541498819112546
244,926,2.0,2.628504671850594
244,950,1.0,3.428566118663179
244,953,4.0,3.8072890295435164
244,955,4.0,3.8396653697775602
244,1017,4.0,3.872689410823658
244,1039,4.0,4.341385095466034
244,1045,5.0,3.817897070877088
244,1047,2.0,2.6664914366746375
244,1048,4.0,3.4590653479852396
244,1054,3.0,2.5631899195838574
244,1074,4.0,3.310090824558045
244,1098,5.0,4.233920367317579
244,1107,2.0,3.889537116545841
244,1178,3.0,2.5815661430745482
244,1209,3.0,2.629344681203392
244,1225,2.0,3.443765979627548
245,50,4.0,4.010775682664919
245,94,2.0,2.919758929224682
245,112,4.0,2.7474563221633637
245,181,4.0,3.7530287532180764
245,222,4.0,3.6111046265984013
245,240,1.0,2.7667686648954066
245,411,3.0,2.968325216813436
245,473,2.0,3.1062734582366676
245,1028,5.0,3.134649261962112
246,1,4.0,3.3613998393257107
246,3,2.0,2.7761517928700266
246,8,3.0,3.5826923127788444
246,17,2.0,2.8478925067179564
246,29,1.0,2.011213537989117
246,55,4.0,3.2714186310175464
246,68,5.0,2.969518619745249
246,80,2.0,2.2119245325807997
246,82,2.0,3.055645977186211
246,83,4.0,3.631672252983295
246,94,2.0,2.4335493158785724
246,98,4.0,3.884221156679632
246,99,3.0,3.3828229060521964
246,100,4.0,3.828656599460243
246,101,2.0,3.029730608998115
246,109,5.0,3.205079396937159
246,117,3.0,3.094454701726804
246,121,4.0,2.7378925561143705
246,145,1.0,2.2570894349890263
246,151,5.0,3.417869471123349
246,161,3.0,2.773583113418951
246,176,4.0,3.6032569021475576
246,184,4.0,3.0829062895739705
246,195,3.0,3.5876623713653855
246,196,3.0,3.4931940068654908
246,201,5.0,3.4686182120455586
246,202,3.0,3.457678384470141
246,215,2.0,3.281073874839239
246,230,3.0,2.881219303898792
246,231,1.0,2.285518331560229
246,232,3.0,2.66400580806146
246,236,4.0,3.187487702557492
246,239,3.0,3.1277115655466496
246,260,5.0,2.3280951949502984
246,265,4.0,3.421302990891432
246,284,1.0,2.785043595621395
246,289,2.0,2.6376896710181117
246,294,2.0,2.6773382044803515
246,356,2.0,2.8112283787754198
246,368,1.0,1.165344542138151
246,369,3.0,2.0366708799482707
246,385,1.0,3.0624469439232245
246,402,3.0,2.8257783943299364
246,403,4.0,2.9415728706239257
246,406,3.0,2.09585447775959
246,409,2.0,2.2362664420268925
246,410,1.0,2.8238590227067197
246,416,3.0,3.029945367905349
246,423,3.0,3.3896147666648413
246,425,5.0,3.581296170856902
246,426,3.0,2.643486978368189
246,451,2.0,2.612486051519026
246,469,3.0,3.446313768704369
246,470,4.0,3.0609536585673194
246,541,3.0,2.2660253862720388
246,547,4.0,3.3484429726177245
246,561,1.0,2.6156793491332255
246,568,4.0,3.0137879316909855
246,578,2.0,2.5806467320333395
246,585,1.0,1.936201461758724
246,588,4.0,3.2499648526011153
246,596,3.0,2.850016580214216
246,628,1.0,3.0134378809397906
246,665,4.0,2.4009057615293425
246,675,4.0,3.47621398809654
246,719,4.0,2.1660392633656134
246,720,1.0,2.211908941809693
246,721,4.0,2.8559343899091747
246,728,1.0,2.283196419118801
246,743,1.0,1.7945620798196527
246,790,3.0,2.285749766246261
246,802,1.0,2.074871541753445
246,816,4.0,2.3159697538993083
246,840,4.0,2.0886161834324657
246,849,1.0,2.035825605280893
246,895,5.0,2.5983026451937326
246,919,4.0,3.793706156036843
246,930,2.0,1.942664987588845
246,932,1.0,1.9303817875591247
246,1073,4.0,3.705053889867197
246,1101,5.0,3.472092670042637
246,1218,3.0,3.036815006761689
246,1222,3.0,2.2265388263164643
246,1232,1.0,2.2210917462238067
247,1,4.0,4.101579387947046
247,28,5.0,4.138828701300768
247,50,5.0,4.431915818537459
247,111,5.0,3.7220126273265457
247,151,4.0,3.8021084024872023
247,251,4.0,4.5222639105598175
247,257,4.0,4.009855194735286
247,271,2.0,3.5847684955322405
247,272,4.0,4.364575873724752
247,736,5.0,4.1042768740211395
247,751,3.0,3.677833381097326
248,11,5.0,3.2936512646821043
248,55,4.0,3.254179338738575
248,96,4.0,3.3431202664072144
248,100,4.0,3.5154463409260757
248,114,5.0,3.689106611653122
248,117,5.0,2.994159309777244
248,127,5.0,3.71289242767141
248,153,3.0,3.1813913513131755
248,168,4.0,3.506174423186936
248,174,3.0,3.616322188785089
248,179,3.0,3.469640064788002
248,181,4.0,3.395804482463346
248,183,5.0,3.496561000215363
248,185,3.0,3.5639291120961025
248,186,5.0,3.2829267272826548
248,194,4.0,3.403219640844273
248,198,5.0,3.4815084973023303
248,210,3.0,3.2631805647347463
248,234,4.0,3.231234406213568
248,235,3.0,2.507829354058201
248,249,4.0,2.898913652174318
248,257,3.0,3.1263397501142345
248,282,2.0,2.996823233588681
248,290,3.0,2.638098426173202
248,294,3.0,2.5446348271170325
248,324,4.0,2.918406871269247
248,405,4.0,2.6554463544512084
248,474,2.0,3.692248302919652
248,475,5.0,3.3252580356241017
248,484,2.0,3.5152777800750394
248,515,5.0,3.6914845272256516
248,589,4.0,3.49980688849502
248,678,3.0,2.1505444107222527
248,854,5.0,3.2357327591342746
248,928,3.0,2.5020131629928852
249,9,5.0,4.703077664158599
249,11,5.0,4.633982209840239
249,13,4.0,4.458234375320819
249,22,5.0,4.709621643232735
249,23,4.0,4.972411668357751
249,24,4.0,4.11781042439249
249,28,4.0,4.609870356883158
249,39,4.0,4.290871138487515
249,42,5.0,4.688917676070237
249,55,5.0,4.5775020540546265
249,58,5.0,4.586379039912723
249,68,5.0,4.213206211297316
249,79,5.0,4.667113949929949
249,83,5.0,4.822665050249621
249,86,4.0,4.757979850552562
249,88,4.0,4.209251108296867
249,98,5.0,5.0
249,100,5.0,4.829696344853117
249,108,3.0,3.8979680811682016
249,121,3.0,3.8278218314512165
249,124,5.0,4.922938612178731
249,137,4.0,4.886035762254658
249,161,3.0,4.069999181930971
249,168,4.0,4.85537559461083
249,169,5.0,5.0
249,172,3.0,4.798134967171873
249,174,4.0,4.8784700785211434
249,176,4.0,4.723983776929373
249,182,5.0,4.828976342531146
249,186,4.0,4.62745499226809
249,188,4.0,4.677944013540145
249,198,5.0,4.921159967250021
249,202,4.0,4.55474164755966
249,212,4.0,4.5841687607265404
249,216,4.0,4.695643537768931
249,218,3.0,4.248159103772651
249,222,4.0,4.231861813882579
249,235,4.0,3.609817916528667
249,239,3.0,4.275074418372391
249,240,4.0,3.64952076997196
249,241,5.0,4.293477120888881
249,245,2.0,3.7668362971046943
249,249,4.0,4.048720970445421
249,255,3.0,3.900673057467923
249,271,4.0,3.990119073545131
249,300,4.0,4.115810120253788
249,333,4.0,4.195536089939394
249,357,4.0,5.0
249,411,3.0,3.505412407964488
249,431,5.0,4.272008277186511
249,455,4.0,3.9160882447420273
249,456,3.0,3.070819736144587
249,469,4.0,4.718238343920225
249,472,3.0,3.5576068599576396
249,476,3.0,3.698789521292594
249,479,5.0,5.0
249,591,5.0,4.241830306230115
249,597,2.0,3.6239092531595674
249,628,3.0,4.152857723553485
249,634,5.0,4.6487682099918235
249,684,4.0,4.416617931181029
249,686,5.0,4.370726250156588
249,708,4.0,4.457903867281694
249,723,4.0,4.008462688254149
249,746,5.0,4.365183969794627
249,748,3.0,3.656803704933152
249,826,1.0,3.246284913866602
249,919,5.0,4.787000116614099
249,930,2.0,3.26285981666356
249,993,3.0,4.1106764235873285
249,1016,3.0,3.8743253079166093
249,1103,5.0,4.903519686854846
250,1,4.0,4.2836764883060425
250,2,4.0,3.9096275176620194
250,7,4.0,4.2291640571959475
250,23,4.0,4.5476749463498995
250,44,4.0,3.9024478232517756
250,56,4.0,4.481244161149101
250,64,5.0,4.872187586765582
250,69,5.0,4.405763348462801
250,71,5.0,4.272606790635342
250,89,4.0,4.645063278849106
250,92,5.0,4.231233721864833
250,96,2.0,4.480835693089974
250,111,4.0,3.922199061140216
250,117,3.0,4.077961257152503
250,127,4.0,4.5868266373534
250,129,4.0,4.145709630078189
250,135,5.0,4.488980127788783
250,140,3.0,3.901455521428723
250,174,3.0,4.716311846308759
250,184,1.0,4.145366634117009
250,195,2.0,4.425199520792624
250,196,4.0,4.445095384609058
250,200,5.0,4.301665058328091
250,204,2.0,4.3514775336422735
250,223,4.0,4.414297618376934
250,238,4.0,4.360977297822972
250,240,4.0,3.484817688883194
250,244,4.0,3.6303125306931765
250,260,4.0,3.080023150368665
250,264,3.0,3.1394773727278538
250,293,4.0,4.213004764014773
250,294,1.0,3.546609537663715
250,321,5.0,3.474914507843509
250,324,2.0,3.629893919462331
250,328,3.0,3.751299146245221
250,338,4.0,3.242295850187408
250,357,4.0,4.749382681144882
250,378,4.0,4.284790352702374
250,404,4.0,4.122341329573282
250,474,5.0,4.710913497871252
250,477,3.0,3.7464840999220046
250,480,5.0,4.675974706699064
250,485,4.0,4.35400972511533
250,496,4.0,4.576422764114466
250,582,4.0,4.147760499102745
250,596,5.0,3.9655019565420746
250,628,4.0,3.8974849966532257
250,678,2.0,3.1479237396859117
250,688,2.0,2.415867668756059
250,742,3.0,3.9840813883412554
250,748,2.0,3.4059959604707712
250,813,5.0,4.227185319143711
250,948,3.0,2.761197050692799
250,969,5.0,4.309859673957559
250,1014,4.0,3.6940842430659364
250,1137,5.0,4.236062711773011
250,1161,4.0,3.841237246549616
251,12,4.0,4.569566323879984
251,15,4.0,3.9860629019108638
251,50,5.0,4.54505082033298
251,55,3.0,3.9000337873672546
251,100,4.0,4.320707037332771
251,109,4.0,3.7675794620562524
251,121,4.0,3.6334493686040408
251,132,5.0,4.319414574911664
251,144,5.0,4.108295171767551
251,148,2.0,3.4865822610642243
251,172,5.0,4.4187323014961954
251,181,4.0,4.265909647070901
251,183,5.0,4.271445429218515
251,222,4.0,3.8827115096378666
251,237,5.0,3.93907199487174
251,249,5.0,3.56972775993411
251,252,3.0,3.2091141699932573
251,257,3.0,3.941437354473419
251,258,3.0,4.072064612908632
251,265,3.0,4.189395003801165
251,288,4.0,3.762669477695246
251,295,4.0,3.5690459322993253
251,298,5.0,3.9078835824332314
251,418,4.0,3.839348867861725
251,427,4.0,4.567138396473486
251,476,2.0,3.339749532658563
251,520,5.0,4.39594389860976
251,596,3.0,3.6957742422501525
251,612,5.0,4.186904546783765
251,748,2.0,3.4263449719249772
251,866,2.0,3.410736095730037
251,1014,5.0,3.327816197620275
251,1028,3.0,3.3017167522613113
252,7,4.0,5.0
252,9,5.0,5.0
252,100,5.0,5.0
252,129,4.0,5.0
252,268,5.0,5.0
252,275,5.0,5.0
252,277,4.0,4.73184915558442
252,300,4.0,4.9493732675084265
252,740,3.0,4.645463932879663
252,742,4.0,4.788695783577745
253,50,4.0,4.7019764538206
253,64,5.0,4.760210322184923
253,79,5.0,4.495647715564816
253,83,4.0,4.553012604971766
253,87,5.0,4.474031695229725
253,89,4.0,4.4520152173203495
253,95,4.0,4.354275522347505
253,97,4.0,4.297302414397653
253,98,5.0,4.634234619363854
253,117,5.0,4.122976335431845
253,127,5.0,4.422339614546402
253,173,5.0,4.5806146353474215
253,175,2.0,4.003626530704678
253,183,5.0,4.378208784790975
253,188,4.0,4.032338197610694
253,198,5.0,4.308365885815477
253,203,4.0,4.165228097395685
253,210,4.0,4.418870810973155
253,216,4.0,4.391251919806493
253,237,4.0,4.1063992148933055
253,243,2.0,3.21041633153
253,259,2.0,3.4119867777772863
253,282,4.0,4.0826747278666415
253,294,4.0,3.7324699192461943
253,298,3.0,3.9993260249848164
253,333,2.0,3.981183628007533
253,448,2.0,3.975279133731016
253,465,5.0,4.074243953344153
253,483,5.0,4.805847808897463
253,487,4.0,4.560989573030473
253,496,5.0,4.681010610870576
253,510,5.0,4.428278701218562
253,527,5.0,4.460460927193392
253,566,4.0,4.039189407572913
253,568,4.0,4.1659897722795485
253,647,3.0,4.413299823796928
253,705,5.0,4.521954613958128
253,742,4.0,4.0616456688400815
253,746,3.0,4.050917488956726
253,747,3.0,3.8833505328417997
253,806,4.0,3.9270813041246675
254,15,3.0,3.619172092969126
254,35,2.0,2.304780198729386
254,50,5.0,4.163385272633563
254,75,1.0,3.303214256120349
254,90,1.0,2.888881527255979
254,97,5.0,3.6764817644351866
254,98,4.0,3.978622483930049
254,99,3.0,3.5092289660424965
254,103,2.0,2.1587263947758677
254,121,3.0,3.4106644622653537
254,125,3.0,3.479019982305587
254,132,4.0,3.831666800123271
254,136,4.0,3.8094290326849802
254,140,4.0,3.0571686334399186
254,141,3.0,3.4414910121054882
254,162,3.0,3.2912952092866696
254,164,4.0,3.4673857101616576
254,174,5.0,4.123751018713689
254,176,3.0,3.7326064942131785
254,183,4.0,3.784154528148803
254,186,3.0,3.726845745858616
254,188,3.0,3.528172817167376
254,199,4.0,3.96485878877428
254,211,3.0,3.5837875916044126
254,214,1.0,3.166719994938431
254,219,1.0,3.0585760978933236
254,222,4.0,3.563428411243255
254,229,4.0,3.131020936339445
254,230,4.0,3.4319497943268944
254,234,4.0,3.6131969084116298
254,238,3.0,3.6163401544571765
254,240,1.0,2.5127998270914373
254,243,2.0,2.489713613429849
254,257,3.0,3.6377492412182084
254,258,4.0,3.6413679719523584
254,259,2.0,2.733761216043496
254,286,1.0,3.437267334575431
254,357,3.0,4.036196056966125
254,378,3.0,3.663888124111979
254,379,1.0,2.760427931610013
254,380,4.0,3.34928767348964
254,384,1.0,2.5969193826842893
254,418,3.0,3.394953502225754
254,419,4.0,3.636155294318608
254,429,4.0,3.802752083977884
254,436,2.0,3.254588867914513
254,443,3.0,3.5090242944807266
254,448,3.0,3.3235060803266965
254,472,3.0,2.9738573023742307
254,501,3.0,3.2574677737894215
254,504,3.0,3.6217334077967793
254,561,3.0,2.9772256992905324
254,573,2.0,3.098746922774068
254,575,3.0,2.359710409537386
254,577,1.0,2.468045311493207
254,596,4.0,3.0989907072795377
254,610,2.0,3.2069022494825035
254,612,3.0,3.7018869366628797
254,621,3.0,2.9717192613316334
254,624,2.0,3.1087837867446284
254,625,3.0,3.1152333796081297
254,649,1.0,3.295870285130021
254,655,4.0,3.6207054744757095
254,662,4.0,3.4769611798615543
254,679,2.0,2.904659964501227
254,699,3.0,3.5598255284174187
254,755,3.0,3.2223036869913275
254,843,2.0,2.6914979541523487
254,892,3.0,2.7223009858796847
254,951,4.0,2.491860836613894
254,967,3.0,2.828381052399144
254,1116,3.0,3.2424523533785274
254,1133,3.0,2.5257439935603165
254,1444,3.0,2.6188941522610607
255,53,3.0,2.282719128500465
255,98,5.0,3.1220003613794365
255,185,4.0,3.0614489590318756
255,217,2.0,2.3292919345786878
255,218,3.0,2.458588399602586
255,234,5.0,2.6172171461122646
255,249,5.0,2.345704813889969
255,258,4.0,2.6434358012171666
255,259,3.0,1.8833281352812978
255,271,4.0,2.271177782347104
255,288,4.0,2.483464056613339
255,323,2.0,1.6769355373637054
255,405,4.0,2.157019200869553
255,406,1.0,1.5636439312497374
255,413,2.0,1.8109210350079326
255,436,4.0,2.580112485295163
255,441,2.0,1.9461456393719936
255,444,3.0,1.9541192661622961
255,448,3.0,2.499602089713144
255,452,3.0,1.7075000434174084
255,455,2.0,2.2231006385027285
255,472,1.0,1.7943681488239749
255,551,1.0,1.887824800217111
255,565,1.0,1.8889408170884334
255,569,1.0,1.80457167552846
255,678,2.0,1.716745140483732
255,748,1.0,1.8764320542160304
255,763,5.0,2.3586496763158795
255,825,1.0,1.9335093656989477
255,833,4.0,2.1107476561994725
255,841,1.0,1.7025403054454502
255,859,3.0,2.144270372201297
255,860,2.0,1.7484471905142773
255,879,3.0,2.174945549639388
255,976,1.0,1.097699992246747
255,984,1.0,1.9887955312381274
255,1034,1.0,1.4949935581600422
256,2,5.0,4.239841551796547
256,4,5.0,4.392094433456202
256,7,4.0,4.64295707095333
256,9,4.0,4.543845415706729
256,12,5.0,5.0
256,25,5.0,4.466190397196845
256,29,4.0,3.67698959430299
256,49,4.0,4.265399046150025
256,51,4.0,4.424407875880027
256,77,3.0,4.344944212608676
256,86,5.0,4.618617031265404
256,97,4.0,4.737070877911394
256,120,1.0,3.459205920697964
256,121,5.0,4.521293331080557
256,125,5.0,4.608805718645701
256,127,4.0,4.928565773580756
256,161,5.0,4.533480822032999
256,172,3.0,5.0
256,181,4.0,4.975743569641726
256,188,5.0,4.454699465181445
256,195,5.0,4.768559234852057
256,202,3.0,4.79800714026663
256,220,3.0,4.348385251325158
256,226,5.0,4.273602627783827
256,227,4.0,4.2853449990857
256,235,3.0,3.8308031344635585
256,237,4.0,4.712474583591742
256,276,3.0,4.44586210789001
256,278,5.0,4.215726283161367
256,280,5.0,4.243582866667925
256,291,5.0,4.3872321047836085
256,294,3.0,4.313227814650753
256,368,1.0,3.264587378851677
256,370,3.0,3.882286761911697
256,385,5.0,4.6688395509030025
256,402,4.0,4.48856897734966
256,406,3.0,3.6116805885411325
256,413,4.0,3.7774153702219135
256,443,3.0,4.628129065720195
256,452,4.0,3.8533497890486332
256,472,4.0,4.096855867360755
256,473,5.0,4.122835758955695
256,476,4.0,4.158067963950417
256,487,5.0,4.995194685294236
256,550,5.0,4.267690006388297
256,552,3.0,3.84809726776448
256,566,5.0,4.543223440822204
256,576,3.0,3.992413570010185
256,642,4.0,4.265151311937837
256,662,2.0,4.446001681578518
256,685,5.0,4.340248930081881
256,692,5.0,4.699202058411183
256,716,5.0,4.08213100558171
256,722,3.0,3.82858790353189
256,724,4.0,4.553450817530334
256,728,4.0,4.12934098802545
256,742,5.0,4.693920342766447
256,748,4.0,4.268608832605713
256,756,4.0,4.065452421859534
256,761,4.0,4.112036972327266
256,765,4.0,3.8703858966302773
256,771,2.0,3.783580810112736
256,775,5.0,3.8872970066010515
256,778,4.0,4.515046763830634
256,779,4.0,3.590160412857286
256,781,5.0,4.394849664513276
256,783,4.0,4.016120691237106
256,802,3.0,3.8106884489743993
256,819,4.0,3.7557267118911093
256,827,3.0,3.8122774580466467
256,831,4.0,3.353666313043508
256,834,3.0,3.470912727768854
256,846,4.0,3.9947642356403033
256,849,2.0,3.7544899242788103
256,864,4.0,4.2918507785477935
256,866,4.0,4.210467331489811
256,925,5.0,4.209523167861971
256,932,3.0,4.120452186719011
256,939,5.0,4.650238153482592
256,974,3.0,4.241354807571898
256,982,3.0,3.622806097029129
256,1028,4.0,4.143886364680668
256,1040,3.0,3.9034304297202596
256,1057,2.0,3.4348136961909868
256,1061,4.0,3.986162175357735
256,1086,5.0,4.467719769039606
256,1090,2.0,3.7599738875937714
256,1119,3.0,4.571313937452995
256,1207,3.0,3.6443463210432983
256,1210,5.0,3.705993847725634
256,1231,3.0,3.5018228539079868
256,1289,4.0,3.371286112619952
257,50,5.0,5.0
257,59,5.0,4.877041768190911
257,100,5.0,4.963386384742958
257,116,3.0,4.696777011812079
257,130,2.0,3.6639753664310635
257,137,4.0,4.862752860787219
257,151,4.0,4.589562855338693
257,165,4.0,4.815295934689965
257,221,3.0,4.651611585480033
257,224,4.0,4.820747159052469
257,237,2.0,4.520475968453863
257,258,3.0,4.616926358550469
257,276,5.0,4.746394113609803
257,288,3.0,4.267904977759346
257,289,4.0,4.1185773571862105
257,301,3.0,4.19947703175162
257,305,4.0,4.64028174637931
257,307,4.0,4.356492612714555
257,345,4.0,4.438594036777366
257,405,3.0,4.1144169456485935
257,462,4.0,4.770991456208748
257,531,5.0,4.6887796129032875
257,949,3.0,4.226269774354992
257,1008,5.0,4.377553026638337
257,1260,2.0,4.7993760910505765
257,1462,5.0,4.486563062008295
258,243,3.0,2.8601686794647323
258,272,5.0,4.259403604727213
258,288,1.0,3.4777893672337536
258,289,2.0,3.497372381962464
258,310,5.0,3.7563061573302154
258,311,4.0,4.0945368046734565
258,313,5.0,4.308866471997381
258,315,3.0,4.166060884975825
258,323,4.0,3.297882115916118
258,332,5.0,3.680282238588902
258,690,4.0,3.8756294780368177
258,748,5.0,3.3245093449856777
258,751,5.0,3.6388990171303237
258,873,5.0,3.169172920355117
258,893,1.0,3.153872455639623
259,12,5.0,4.5853823833602405
259,98,4.0,4.497525789760722
259,108,4.0,3.53977348203141
259,117,4.0,3.900796779911217
259,176,4.0,4.196880746702132
259,180,5.0,4.377480906627983
259,200,4.0,4.1703807625566345
259,210,4.0,4.1518407835107745
259,235,2.0,3.3844602924373746
259,255,4.0,3.6210720989902825
259,269,3.0,4.20392460466762
259,313,5.0,4.427649725240245
259,317,5.0,4.217946192882248
259,357,5.0,4.604411560227118
259,405,3.0,3.626133041764415
259,750,4.0,4.190802794846038
259,762,2.0,3.8223531415949785
259,772,4.0,3.676401807628084
259,959,4.0,4.082504040630273
260,272,3.0,4.714448293712789
260,300,3.0,4.267917307039483
260,313,5.0,4.623420440048967
260,319,2.0,4.166526526101206
260,322,4.0,3.8842059185129156
260,326,5.0,4.027417556242414
260,362,5.0,4.041456269460513
260,538,1.0,4.234157581718802
260,682,4.0,3.4854729964209525
260,990,5.0,4.492580519499336
260,1025,5.0,3.9197797563120327
260,1105,5.0,3.8646573892224065
261,117,4.0,4.626103697117095
261,259,4.0,4.034363112454925
261,294,4.0,4.260948225974705
261,304,3.0,4.547305600859401
261,322,4.0,4.401964183516112
261,339,5.0,4.1950441314431615
261,340,5.0,4.00327860970264
261,342,3.0,4.183351910369871
261,359,5.0,4.708524080825283
261,410,5.0,3.8491110572067084
261,597,4.0,4.3104284288159285
261,748,3.0,4.382574173337962
261,875,5.0,3.1115405371403195
261,892,5.0,3.9967201889667856
261,988,3.0,3.8367854622686095
261,1025,5.0,4.324669534329623
261,1237,3.0,4.368505066763295
262,11,4.0,3.3396184898516963
262,15,3.0,3.232576582960401
262,22,4.0,3.5530151791649693
262,28,3.0,3.446592510024978
262,44,2.0,3.110753874229716
262,47,2.0,3.3364220091918084
262,50,2.0,3.6738877850727363
262,64,5.0,3.8636509739931806
262,71,4.0,3.297025313506981
262,77,2.0,3.02463428319308
262,91,3.0,3.1808143577947323
262,96,4.0,3.407691421157911
262,98,4.0,3.7974726794603226
262,111,4.0,2.985062164258675
262,121,3.0,2.912140955335022
262,122,2.0,2.1218921444292618
262,140,2.0,2.883435804811666
262,143,3.0,3.365440503780555
262,145,1.0,2.3635960888410725
262,147,3.0,2.983969653053057
262,174,3.0,3.6937374022062945
262,179,4.0,3.483077188034012
262,185,3.0,3.6777210260566022
262,191,4.0,3.740609282470546
262,195,2.0,3.329335253784739
262,200,3.0,3.3552228505546293
262,217,3.0,2.8262291888992817
262,223,3.0,3.7316755714642733
262,237,3.0,3.161971312681081
262,238,4.0,3.5327138637124817
262,252,3.0,2.585391787280869
262,258,4.0,3.2931570561234835
262,270,3.0,3.214631856089879
262,275,4.0,3.4921852971241654
262,292,4.0,3.11669254023176
262,293,2.0,3.2866553007150783
262,318,5.0,3.9984731372729634
262,332,3.0,3.0945177116135896
262,336,3.0,2.548544035547547
262,358,3.0,2.269742743283863
262,365,4.0,2.818650686891079
262,386,3.0,2.6271238105927144
262,393,2.0,2.9980973159931836
262,405,2.0,2.777129165191216
262,406,3.0,2.131326268702805
262,419,3.0,3.3117183888673583
262,432,3.0,3.3647922281155944
262,447,3.0,3.021557622473116
262,491,3.0,3.461772864818694
262,509,3.0,3.469491884959048
262,553,4.0,3.2016078985220573
262,568,3.0,3.1916557275837563
262,581,3.0,2.883010647026836
262,588,4.0,3.3388444140555915
262,617,3.0,3.4837160049751192
262,625,3.0,2.9543825363664586
262,628,2.0,2.987442312207758
262,709,5.0,3.6419781187705906
262,736,3.0,3.4837119790878983
262,754,3.0,2.952720955725665
262,755,3.0,2.881193500255297
262,762,2.0,3.07702705577677
262,778,4.0,3.153124788563475
262,781,3.0,2.9775399363007877
262,786,3.0,2.645264957593934
262,790,3.0,2.5588067918526827
262,815,2.0,2.7935810373201813
262,821,3.0,2.8896264096509965
262,845,4.0,2.9642150648135237
262,923,4.0,3.8316503532898407
262,929,3.0,2.3162846460389708
262,931,2.0,1.985140900706289
262,949,4.0,2.9404367031759744
262,1048,2.0,2.8072249732314907
262,1054,2.0,2.3846114642847116
262,1147,4.0,3.3995652758547528
262,1220,4.0,3.04460252544757
262,1278,4.0,3.1568000056191075
263,22,5.0,4.635375388692093
263,64,5.0,4.9127359211337165
263,69,5.0,4.511543542033204
263,79,4.0,4.581744485213217
263,82,4.0,4.427425758844936
263,86,4.0,4.534080798785918
263,95,5.0,4.379219061452459
263,96,4.0,4.474213183581309
263,97,4.0,4.503625290362072
263,99,3.0,4.439933810187904
263,117,3.0,4.103325652769349
263,125,4.0,4.049084570524812
263,127,4.0,4.812006311183664
263,134,5.0,4.833333442427135
263,143,5.0,4.425614743674558
263,144,4.0,4.395882404527348
263,153,3.0,4.4225448885231815
263,162,5.0,4.24511183462327
263,163,5.0,4.292601203933395
263,168,5.0,4.667108751820589
263,176,5.0,4.615345017323648
263,177,4.0,4.5289434407512985
263,183,4.0,4.543350243785748
263,186,4.0,4.464449831870489
263,188,5.0,4.447271175093605
263,195,5.0,4.515995542780989
263,197,4.0,4.688612443270486
263,205,5.0,4.658293722018148
263,210,3.0,4.541776010161731
263,215,4.0,4.373704909463715
263,237,2.0,4.272154444188914
263,245,4.0,3.52684003118615
263,265,4.0,4.5473712445607655
263,269,4.0,4.421006529048415
263,272,5.0,4.57461057717626
263,294,2.0,3.561268835062629
263,318,5.0,4.967320950781202
263,328,4.0,3.6736651815680763
263,333,2.0,3.784294775517134
263,416,5.0,4.240801814056485
263,419,5.0,4.3554999186877295
263,423,5.0,4.488749308943624
263,432,2.0,4.48608561243
263,483,5.0,4.949705308263149
263,486,4.0,4.315982675387819
263,495,5.0,4.182896194353107
263,510,4.0,4.581345518134286
263,514,3.0,4.505982787366303
263,521,3.0,4.5333969274488375
263,523,5.0,4.5929128920925875
263,526,5.0,4.534783989381892
263,528,4.0,4.719611514983195
263,568,4.0,4.236234427622166
263,614,3.0,4.409747759621086
263,648,5.0,4.5874902581495185
263,661,5.0,4.734792711251687
263,678,2.0,3.0537114777357077
263,886,2.0,3.5291874247564676
263,892,3.0,2.9886443835382277
263,921,3.0,4.620173333422721
263,1444,3.0,3.565272690117681
263,1451,4.0,4.396424021607562
263,1473,5.0,4.1892387779387565
264,4,4.0,4.465167791265775
264,12,5.0,5.0
264,25,4.0,4.4226560497067675
264,33,3.0,4.288624874605214
264,42,5.0,4.693579518966868
264,56,5.0,4.9340651781141105
264,70,4.0,4.586232011725815
264,153,5.0,4.790638220859086
264,168,5.0,4.996450047937763
264,175,5.0,4.77425988041027
264,179,5.0,4.85806707821125
264,183,5.0,4.987122359038009
264,200,5.0,4.734517414478507
264,203,2.0,4.761555405246335
264,208,5.0,4.993259044170801
264,210,5.0,4.809364050406306
264,216,5.0,4.856483912584932
264,219,5.0,4.441357103461504
264,230,4.0,4.408746669923093
264,238,5.0,4.850402545351837
264,283,5.0,4.571267418945357
264,294,3.0,4.124829312953094
264,320,4.0,5.0
264,345,4.0,4.295699226436266
264,381,4.0,4.399735016738283
264,382,4.0,4.54475939110404
264,401,5.0,3.9056133682178165
264,433,5.0,4.658547470885202
264,436,3.0,4.6671014950244025
264,443,5.0,4.885711209846316
264,448,2.0,4.605263759210887
264,451,4.0,4.095260690142242
264,475,5.0,4.700424832162868
264,504,5.0,4.852865143227875
264,516,5.0,4.753677088219677
264,524,3.0,5.0
264,558,5.0,4.571507856109288
264,559,5.0,4.124948352467117
264,602,4.0,4.678432431795673
264,606,5.0,5.0
264,654,5.0,5.0
264,655,4.0,4.810870271374523
264,659,5.0,5.0
264,671,4.0,4.733163804368611
264,672,3.0,3.901678191494869
264,683,2.0,3.722789934934367
264,709,5.0,4.961766474554958
264,721,5.0,4.137203153508538
264,745,5.0,4.649732999094376
264,762,3.0,4.427769574846903
264,792,5.0,4.80747816977754
264,813,4.0,4.790486450971388
264,844,1.0,4.501874832697423
264,1069,5.0,4.325321093156028
264,1103,5.0,4.7630795090007005
264,1225,3.0,3.760644080650978
264,1270,2.0,3.43250908091017
265,7,2.0,4.079529095034962
265,15,3.0,4.0352773652875245
265,118,4.0,3.7166371697388887
265,125,4.0,3.896374474071751
265,151,2.0,3.8242258255628667
265,181,2.0,4.197505589037121
265,257,4.0,4.072366148828182
265,258,4.0,4.093923057602075
265,279,2.0,3.600263563120491
265,300,5.0,4.038018878789622
265,328,4.0,3.8466595366220195
265,409,3.0,3.5596801646558984
265,410,4.0,3.510778845804662
265,471,4.0,3.9328650120584476
265,472,3.0,3.500622649816164
265,477,3.0,3.450905891205805
265,591,5.0,3.9358178313903998
265,742,5.0,3.992175959796831
265,934,3.0,3.3471811761061767
266,124,4.0,3.761906989322933
266,272,4.0,3.7661348640990697
266,283,3.0,3.4869389175402845
266,313,4.0,3.6272298490356714
266,508,4.0,3.336872351453754
266,676,3.0,3.1204505610021673
266,874,2.0,2.984151482403032
267,3,4.0,3.805561104275274
267,7,5.0,4.6799882770402705
267,17,4.0,4.023205864581512
267,22,4.0,4.875615659872503
267,24,5.0,4.2139092776755955
267,28,4.0,4.65669462424659
267,50,5.0,5.0
267,54,3.0,3.9586597094814926
267,55,4.0,4.563395590283178
267,67,3.0,3.6485167940951158
267,80,4.0,3.325975797648425
267,88,4.0,4.198301842785657
267,94,3.0,3.6372067515139674
267,114,5.0,5.0
267,121,3.0,3.984185592812715
267,145,4.0,3.359883405542495
267,147,3.0,4.10963955432675
267,168,4.0,4.941512519013164
267,172,5.0,4.995844690841682
267,175,5.0,4.821032447149399
267,177,5.0,4.667796557154096
267,187,5.0,5.0
267,204,4.0,4.596555858260052
267,214,4.0,4.348600428497094
267,216,4.0,4.743638182557365
267,222,4.0,4.339040326382049
267,226,3.0,4.003200836928902
267,227,3.0,3.9129715203399744
267,228,5.0,4.526833270483928
267,238,4.0,4.825924150642511
267,240,4.0,3.758631742688977
267,250,5.0,4.177852028477122
267,273,4.0,4.405186545021721
267,294,3.0,3.819734452778066
267,324,3.0,4.256949134071801
267,367,4.0,4.316051903072527
267,384,3.0,3.302588330977254
267,386,3.0,3.4807876501509374
267,393,3.0,3.9740692444132097
267,403,4.0,4.136802557416742
267,410,4.0,3.9703711969964646
267,423,3.0,4.577867198992905
267,433,5.0,4.646417099871458
267,449,3.0,3.5855703639790417
267,450,2.0,3.1969865912722795
267,464,5.0,4.481940229618437
267,470,4.0,4.341553103014291
267,474,5.0,5.0
267,475,5.0,4.727205912724181
267,479,4.0,5.0
267,480,4.0,5.0
267,484,5.0,5.0
267,518,5.0,4.76272809550619
267,545,2.0,3.014109475846372
267,546,3.0,3.680601319515546
267,552,3.0,3.4290830911794714
267,559,3.0,3.843600920367574
267,568,4.0,4.20639178288103
267,575,3.0,3.1802886398253705
267,578,3.0,3.764496785374162
267,597,3.0,3.5924311025953983
267,622,3.0,3.8878308025237187
267,642,4.0,4.487584292541894
267,647,5.0,4.978309998250619
267,654,5.0,5.0
267,684,4.0,4.401490581019396
267,685,3.0,3.822883223734029
267,693,4.0,4.629834686723074
267,727,4.0,4.2549328432674525
267,739,4.0,3.7250840779972303
267,771,3.0,3.410649646702326
267,780,4.0,3.750772132016161
267,824,4.0,3.5002612654332603
267,840,4.0,3.5461452178650017
267,943,4.0,4.299285877725604
267,980,3.0,4.129297328838195
267,1073,5.0,4.875071448445967
267,1401,4.0,4.120195429861991
267,1471,2.0,3.191000508597003
268,1,3.0,3.463881272016431
268,2,2.0,2.800250081461695
268,7,4.0,3.5611266437429254
268,16,3.0,3.182360107108722
268,17,3.0,2.907592641871105
268,21,3.0,2.2971732125537265
268,31,4.0,3.2201878380200726
268,38,1.0,2.3304928002193215
268,40,3.0,2.1703434627137073
268,42,4.0,3.5339311627924546
268,52,3.0,3.371804214548969
268,55,4.0,3.431507184953857
268,62,3.0,2.7368119225212597
268,63,1.0,2.255921258614535
268,67,3.0,2.2760171830283182
268,68,4.0,3.0430295026088134
268,73,3.0,2.889331487888394
268,82,3.0,3.2187819558577835
268,83,4.0,3.5536957147210275
268,91,3.0,3.303887721056699
268,94,2.0,2.398766180054352
268,97,4.0,3.2853746419951295
268,98,4.0,3.889912907822263
268,99,3.0,3.2815264149220016
268,101,2.0,2.995966491380835
268,105,2.0,1.9081796513662002
268,108,3.0,2.6949463221930134
268,114,5.0,4.035577552089406
268,121,2.0,2.9230742339120495
268,122,2.0,2.2356685026219263
268,123,3.0,2.8551319153696566
268,129,2.0,3.402796049800389
268,134,5.0,4.051029953279209
268,135,4.0,3.750481138183765
268,139,2.0,1.9472119804603296
268,141,3.0,3.001260370270605
268,145,1.0,2.2255180531945618
268,147,4.0,3.0319614119933114
268,153,5.0,3.474686328373673
268,154,4.0,3.4762253250913795
268,161,3.0,2.8380138349561723
268,163,2.0,3.3137748895955204
268,168,4.0,3.7062482857692354
268,169,5.0,4.125879756313118
268,181,4.0,3.6856494144741747
268,182,4.0,3.782929297909438
268,183,4.0,3.785006650490093
268,189,4.0,3.630231007271787
268,194,4.0,3.7667217378543647
268,198,4.0,3.8605998025857207
268,205,5.0,3.822258753468744
268,206,3.0,3.187695589915692
268,209,4.0,3.617034108532754
268,211,4.0,3.6985115510311837
268,217,2.0,2.783960124154892
268,228,4.0,3.471365432907366
268,231,4.0,2.3092328729891145
268,232,3.0,2.7647908966345613
268,233,3.0,2.808688543782387
268,238,3.0,3.573492246246143
268,244,4.0,3.0012775693224167
268,246,5.0,3.542467264279918
268,248,3.0,3.3190903216370313
268,250,4.0,3.1447649087222356
268,252,3.0,2.549742496897508
268,258,2.0,3.522172426761203
268,264,3.0,2.424408537983336
268,265,3.0,3.5024898549690624
268,267,3.0,2.0385926432120427
268,269,4.0,3.608885500395147
268,298,3.0,3.286704884557613
268,302,5.0,3.928945525218822
268,325,3.0,2.333813641541119
268,333,4.0,3.1556877792124194
268,357,4.0,4.000786605346854
268,364,3.0,1.9131474935132542
268,370,2.0,2.0920695336557995
268,374,2.0,1.586016643356262
268,382,3.0,3.1650895305147757
268,385,3.0,3.0948805797088697
268,386,2.0,2.1246507970638957
268,395,2.0,1.7940709101020778
268,403,4.0,2.995695864461312
268,404,4.0,3.139659831861469
268,421,3.0,3.168609406792939
268,425,4.0,3.4840080665410063
268,432,3.0,3.426675579928467
268,433,4.0,3.518217018236327
268,436,3.0,3.1955103259807065
268,453,1.0,1.7140854742709872
268,470,3.0,3.2296985541154744
268,472,1.0,2.5091866552098527
268,474,5.0,4.005737019947368
268,477,3.0,2.74337898236684
268,483,5.0,4.123594094055891
268,484,4.0,3.8983149865525135
268,527,4.0,3.6677365748468276
268,540,1.0,1.9073625315346399
268,546,4.0,2.6840716390262536
268,552,2.0,2.132425471488612
268,554,3.0,2.33156080642425
268,558,3.0,3.258492753451596
268,566,3.0,3.0741413225273773
268,568,3.0,3.096029147632489
268,569,3.0,2.0300661921391523
268,580,3.0,3.1245163901807733
268,582,5.0,3.10522358396866
268,583,4.0,2.6879467754137583
268,665,2.0,2.4333214516489567
268,672,2.0,2.2754519529678614
268,679,4.0,2.7335126936371976
268,684,3.0,3.2283669639273036
268,699,3.0,2.9465042093649707
268,715,1.0,2.9799467084131717
268,717,1.0,2.1679110746392016
268,721,3.0,2.918162994860328
268,732,3.0,3.13844458122677
268,735,3.0,3.340350363445302
268,746,3.0,3.212892870457033
268,761,1.0,2.5384313138949155
268,762,2.0,3.0956578503804852
268,768,3.0,2.3073527796983297
268,781,3.0,2.6510143919401616
268,790,2.0,2.253459540140257
268,800,1.0,2.3104143382079014
268,810,2.0,2.4012571016711206
268,823,2.0,2.3421152047564067
268,824,2.0,2.1208866407159435
268,825,3.0,2.538225578442443
268,826,1.0,2.1041138919082387
268,926,2.0,2.08279845235235
268,928,1.0,2.473308548531613
268,930,2.0,2.1667483945221537
268,946,3.0,2.4661231499188956
268,949,2.0,2.734188228590022
268,955,3.0,3.020927171227717
268,978,2.0,2.0186157071141033
268,998,1.0,1.5523008062457775
268,1002,1.0,1.599297028708436
268,1035,2.0,2.407855424712902
268,1041,1.0,2.383569921295619
268,1059,3.0,2.3377711484274593
268,1065,4.0,3.1763229734755396
268,1079,3.0,1.7890789564223688
268,1090,2.0,1.8211214260195838
268,1095,2.0,1.9682582309600893
268,1157,1.0,2.144216704246534
268,1249,2.0,2.2197638019152395
268,1477,2.0,3.016618951830157
269,5,2.0,1.8024043706032065
269,7,3.0,3.025390324001049
269,9,4.0,3.241273786165832
269,13,4.0,3.0899679322469074
269,15,2.0,2.180309808245525
269,22,1.0,2.8289494131299615
269,44,3.0,2.2169491513574555
269,47,4.0,3.206820789298629
269,50,3.0,3.23198159727809
269,55,4.0,2.7109545052547235
269,63,1.0,1.513489995274393
269,64,4.0,3.3342312542942385
269,70,1.0,2.4980145454145344
269,72,2.0,1.8144120435363962
269,76,3.0,2.4449477865744678
269,82,2.0,2.1479722767460583
269,93,3.0,3.463842020966692
269,98,4.0,3.37044470655775
269,100,5.0,3.4007811239064085
269,106,1.0,1.7131581021053004
269,120,1.0,1.0
269,127,4.0,3.664309933152459
269,131,5.0,3.0832296457648436
269,136,4.0,3.345671704250166
269,137,4.0,3.447838100737441
269,139,1.0,1.2779694270796336
269,142,1.0,1.6925035558267238
269,143,3.0,2.282843083139596
269,152,4.0,3.1477796695543847
269,153,3.0,2.7748983339975557
269,156,5.0,2.9733166604786736
269,161,1.0,1.6739260804236278
269,168,4.0,3.1610487484586356
269,171,5.0,3.5173667331859173
269,172,3.0,3.0148708501988524
269,174,1.0,3.0670272270108008
269,175,5.0,3.2392488492747926
269,176,2.0,2.89561525564704
269,177,5.0,2.973249286489658
269,179,4.0,3.452112133800372
269,180,3.0,3.4859203483126726
269,183,3.0,3.1411857858540735
269,188,2.0,2.8529386522592883
269,194,5.0,3.1328274587335017
269,195,3.0,2.8509359937897965
269,198,4.0,3.34290942034193
269,205,3.0,3.41172447980218
269,209,4.0,3.3324537804839616
269,210,1.0,2.5503652059195616
269,211,4.0,3.1915303821175236
269,213,5.0,3.279504993031603
269,214,3.0,2.430957976667907
269,216,1.0,2.717447456659872
269,217,2.0,1.9136894603806254
269,234,1.0,2.8116763645892524
269,235,3.0,1.9543139774739546
269,238,5.0,3.0870287328491943
269,246,5.0,3.236380892910975
269,252,1.0,1.4260545419774453
269,254,1.0,1.0
269,272,3.0,3.1578031903278236
269,276,5.0,3.068465104930732
269,285,5.0,3.79231341422743
269,293,3.0,2.9314963956550293
269,316,4.0,2.9238944249076386
269,340,5.0,3.210181114518204
269,346,2.0,3.4646732858116174
269,367,3.0,2.215064810958779
269,387,3.0,2.717478669089359
269,396,4.0,2.43222387645746
269,401,3.0,1.7059751764497972
269,405,1.0,1.8315588675850165
269,411,1.0,1.7848617866252519
269,412,3.0,1.6516733893328244
269,414,3.0,3.015439983848953
269,423,4.0,2.6594160420074333
269,427,5.0,3.5331966761960345
269,433,3.0,2.844478530949231
269,435,3.0,3.1358477094921513
269,436,3.0,2.6222768016126237
269,444,3.0,1.9464554069612483
269,447,3.0,2.3478517395990064
269,474,4.0,3.771584940879772
269,475,5.0,3.165746618252833
269,478,4.0,3.4926874654732027
269,482,3.0,3.6696493882477377
269,483,4.0,3.771991824347631
269,484,3.0,3.5070237518335565
269,486,3.0,3.051587625880257
269,492,4.0,3.3489606727870664
269,497,3.0,3.300599999994352
269,498,4.0,3.3608422710414088
269,499,4.0,3.586992617154719
269,504,4.0,3.5167889424243506
269,505,3.0,3.523499914649614
269,506,5.0,3.147210461001589
269,507,4.0,3.5636592569795944
269,512,5.0,3.639575232728097
269,514,4.0,3.64067994734246
269,522,5.0,3.2559043109606107
269,525,4.0,3.65647951579296
269,527,5.0,3.2043380096079574
269,529,5.0,3.3797337260471774
269,531,5.0,3.030799286258194
269,568,2.0,1.9596556634974065
269,597,1.0,1.3578080926273821
269,608,4.0,3.353434798541488
269,614,3.0,3.1467276462038636
269,616,4.0,3.067292596248289
269,627,1.0,1.6090252422495284
269,636,3.0,2.058149111231599
269,640,5.0,2.912835461012401
269,642,3.0,3.050865795187411
269,645,4.0,2.822947218700636
269,654,4.0,3.8732979089755633
269,655,4.0,2.8623740656084156
269,658,2.0,2.159975130461388
269,664,5.0,3.2791318950828217
269,665,1.0,1.6830246690381472
269,674,2.0,2.3506962662873376
269,705,2.0,3.144284383098653
269,716,4.0,1.8266323793592762
269,729,2.0,2.0204125751519424
269,741,5.0,2.495337525934106
269,756,1.0,1.2298427252755775
269,761,2.0,1.8307982307707873
269,763,1.0,2.068557038542111
269,771,1.0,1.5079280399353534
269,793,4.0,3.113182609009187
269,805,2.0,2.97987031593303
269,809,1.0,1.2935943065419973
269,843,3.0,1.800816031161746
269,845,1.0,2.0819470426100244
269,856,5.0,3.3519319269064414
269,886,3.0,2.400691522020369
269,902,5.0,3.3014505883047485
269,919,4.0,3.4655752186204944
269,922,5.0,3.4666663172826095
269,923,4.0,3.586049009394714
269,959,5.0,2.7118590297681227
269,961,5.0,3.116423359206435
269,985,3.0,1.9887770421585613
269,998,5.0,1.368577626462263
269,1014,3.0,1.994446077613281
269,1020,4.0,3.4823380918675007
269,1028,2.0,1.4922626479703602
269,1065,5.0,3.098116789367542
269,1071,2.0,2.7126639566401383
269,1091,2.0,1.1294094035826925
269,1101,4.0,3.2900128598297993
269,1133,1.0,1.7032469665130119
269,1154,3.0,3.0126622166549026
269,1165,1.0,1.0234956491907057
269,1168,2.0,2.359685527004504
269,1438,3.0,1.530276664196045
269,1480,1.0,1.1420576716786637
270,13,4.0,4.524773238187117
270,17,2.0,4.4021864753459505
270,25,5.0,4.453949474969024
270,53,4.0,4.210996770393516
270,66,4.0,4.485587149061968
270,70,5.0,4.722189523885211
270,77,2.0,4.277140510743224
270,83,4.0,5.0
270,97,4.0,4.641625346284284
270,98,5.0,5.0
270,148,4.0,4.1568414421738975
270,155,5.0,4.08734759523933
270,156,5.0,5.0
270,159,4.0,4.246443603060339
270,173,5.0,5.0
270,176,4.0,4.931697039026511
270,181,4.0,4.849180451550177
270,217,5.0,4.3656746586606525
270,218,5.0,4.4310878251822015
270,222,5.0,4.519196421417005
270,230,3.0,4.3649198196334345
270,237,1.0,4.60567438283141
270,241,5.0,4.596039741565716
270,253,5.0,4.607474212982737
270,258,3.0,4.731945362033506
270,275,5.0,4.937431316218831
270,281,5.0,4.224212348270111
270,282,3.0,4.53647470504659
270,286,5.0,4.654621631506805
270,288,5.0,4.482736410471126
270,295,5.0,4.351225886254828
270,306,5.0,4.975710528717528
270,327,5.0,4.53061879712889
270,370,5.0,3.699521434046588
270,379,5.0,4.221120683230401
270,387,5.0,4.480087129160662
270,402,5.0,4.426572051148942
270,441,5.0,3.9488743477281645
270,452,4.0,3.720196487525705
270,466,5.0,4.638352933844515
270,471,5.0,4.462037097245895
270,509,3.0,5.0
270,551,4.0,3.924118417322377
270,553,1.0,4.298993256616967
270,558,5.0,4.841021246853024
270,569,4.0,3.789659070410862
270,596,5.0,4.407540841285968
270,671,4.0,4.722977018518096
270,684,4.0,4.7130062196141775
270,703,4.0,4.6867542306003696
270,707,5.0,5.0
270,714,4.0,4.5587289320737865
270,716,4.0,4.276921145121408
270,736,5.0,5.0
270,740,5.0,4.6347027613160225
270,741,5.0,4.634479789326214
270,747,5.0,4.596780322467772
270,778,5.0,4.692825485691458
270,781,5.0,4.305998354829827
270,800,5.0,4.132413805308156
270,872,5.0,4.554112770930355
270,1014,4.0,4.174877309664566
270,1119,5.0,4.679252427908134
270,1148,5.0,4.465976134018264
270,1210,5.0,3.6070508352375565
270,1471,4.0,3.56370044830895
271,1,3.0,3.8361369348826244
271,8,4.0,4.230036269246465
271,11,4.0,3.8760010658509807
271,13,4.0,3.5078711591229657
271,15,3.0,3.6550634296342057
271,22,5.0,4.200185374491059
271,25,3.0,3.4756143453809027
271,31,4.0,3.689052555234069
271,38,2.0,2.971585877020503
271,44,4.0,3.483806245139815
271,50,5.0,4.472176178148047
271,52,4.0,3.8477381991379325
271,54,3.0,3.3257737415591153
271,56,3.0,4.184054539670166
271,58,3.0,3.8529504961379755
271,64,5.0,4.527253795429898
271,65,3.0,3.6918126535318807
271,70,5.0,3.8923323583569482
271,83,4.0,4.18969783208756
271,95,4.0,3.7954926924275654
271,111,4.0,3.3657371364425024
271,117,3.0,3.5687552564053697
271,121,2.0,3.3603181818334757
271,132,5.0,4.290330579239274
271,133,4.0,4.144790360934831
271,134,3.0,4.409691467078553
271,141,4.0,3.674231656784309
271,170,5.0,4.173657778741081
271,172,5.0,4.284803648994724
271,180,5.0,4.191042360653275
271,185,3.0,4.2551305504803185
271,187,5.0,4.376041953200726
271,191,5.0,4.3556559355998425
271,192,5.0,4.2263272623899635
271,197,4.0,4.333017942999949
271,199,4.0,4.484478885730031
271,200,5.0,3.947515116845956
271,204,4.0,4.050494141638625
271,211,5.0,4.148800087633443
271,220,3.0,3.0665551071108466
271,221,3.0,3.9205291986336857
271,224,4.0,3.937362340893849
271,237,4.0,3.6296305510326627
271,241,3.0,3.736124937032955
271,242,4.0,4.078513053127166
271,248,4.0,3.6939139122440907
271,258,3.0,3.936885050327752
271,265,5.0,4.006382948147008
271,272,3.0,4.347555829785929
271,274,3.0,3.445798828350496
271,275,4.0,4.119294142424468
271,283,4.0,3.8620066967920987
271,284,3.0,3.1439395881698653
271,289,4.0,3.226992945839349
271,294,2.0,3.2137365360916617
271,300,2.0,3.6654102641603483
271,310,3.0,3.6951746434391066
271,311,3.0,3.880511876808729
271,312,2.0,3.2007986006171474
271,317,3.0,4.224658650173847
271,318,5.0,4.600397483577436
271,328,2.0,3.4967666144303946
271,338,1.0,2.9094011035765623
271,345,3.0,3.6574462031918733
271,346,4.0,3.9474367102998293
271,356,4.0,3.548458995963026
271,378,4.0,3.8132202244964435
271,384,3.0,2.9487704947999713
271,402,4.0,3.6038901462305386
271,410,2.0,3.0147042208894304
271,411,1.0,2.8156911717328903
271,414,4.0,3.729984592538907
271,419,3.0,3.874630212729074
271,423,4.0,4.095526026019254
271,425,2.0,3.9538738068357078
271,430,5.0,4.1456678723375315
271,435,4.0,4.1308123548208675
271,451,3.0,3.507029809811497
271,471,3.0,3.3175421354185155
271,482,5.0,4.136675929164302
271,485,4.0,3.9610171852002205
271,490,4.0,4.0505609271643825
271,510,4.0,4.109628218662599
271,514,4.0,4.10330917890895
271,516,4.0,4.00458712929501
271,517,3.0,3.80969073962265
271,518,4.0,3.807452041778264
271,528,3.0,4.409963056905278
271,530,4.0,4.30629273414837
271,549,4.0,3.742449906224141
271,582,3.0,3.7958131560890056
271,605,4.0,3.331712957755136
271,624,2.0,3.176605426392916
271,630,2.0,3.5789200740939995
271,642,5.0,3.5715732000333613
271,644,3.0,4.032014400138383
271,657,4.0,4.371945889377663
271,661,4.0,4.126550740491785
271,705,4.0,4.042680690342836
271,709,3.0,4.079751214085192
271,713,4.0,3.485968487119617
271,714,3.0,3.3661799137277666
271,732,4.0,3.849604945288672
271,739,4.0,3.4197103590198847
271,742,3.0,3.4943228292220625
271,744,4.0,3.4079174884718024
271,750,4.0,4.085903865136037
271,823,3.0,2.9604444635890164
271,866,4.0,2.9756725315559667
271,882,3.0,3.7212257069693453
271,951,2.0,2.882790804686268
271,1028,2.0,2.788937762911519
271,1091,4.0,2.7124641700925265
271,1101,4.0,3.950014411393341
271,1133,3.0,2.907005681407192
271,1139,3.0,2.7175040394800103
271,1266,2.0,3.691239430110166
272,8,4.0,4.819596781926675
272,11,4.0,4.69996677250872
272,12,5.0,5.0
272,22,5.0,4.85785643689338
272,48,4.0,4.932168812236839
272,127,5.0,5.0
272,172,4.0,4.907639659103777
272,178,5.0,5.0
272,201,3.0,4.566198342112511
272,288,4.0,4.25351482110143
272,317,4.0,4.803506898540242
272,357,5.0,5.0
272,469,5.0,4.666276315042576
272,474,5.0,5.0
272,483,5.0,5.0
272,498,4.0,4.824185327856172
272,521,5.0,4.800743177152993
272,772,2.0,4.294350207919904
272,1101,5.0,4.649631798837175
272,1393,2.0,4.065657818733119
273,303,4.0,3.618048269597757
273,305,4.0,3.3713683456327517
273,311,4.0,3.5305965655141893
273,319,4.0,3.3503954344787026
273,321,4.0,3.1314336044821935
273,328,3.0,3.1542713248861887
273,345,3.0,3.490866226501834
273,690,4.0,3.226245466541203
273,900,3.0,3.6832072254987525
273,902,5.0,3.7941386179676666
274,1,4.0,4.603404958999148
274,25,5.0,4.313240405240753
274,50,5.0,5.0
274,83,5.0,4.8234497115105315
274,88,4.0,4.306258279271125
274,111,4.0,4.260675436623828
274,117,4.0,4.437388934083741
274,118,4.0,3.965917915217278
274,148,2.0,4.006034930884976
274,150,5.0,4.577824891423741
274,164,5.0,4.382473031476791
274,181,5.0,4.712605719726148
274,208,4.0,4.775571983412472
274,243,2.0,3.2907961441687803
274,255,2.0,4.007210512928637
274,275,5.0,4.724265741275801
274,277,4.0,4.2232033223645065
274,288,4.0,4.27234550733255
274,294,3.0,3.984548660663868
274,319,5.0,4.2348450133676065
274,405,4.0,4.122565908583528
274,411,3.0,3.851585575531089
274,471,4.0,4.363817341262732
274,476,4.0,3.790230564819888
274,478,5.0,4.876162790839707
274,496,5.0,4.882959108972943
274,546,3.0,3.8421903878117805
274,713,5.0,4.23161765117786
274,742,4.0,4.352168090152162
274,748,5.0,3.9164547229612605
274,815,3.0,3.922489117857372
274,845,5.0,4.208160331161031
275,28,4.0,3.3313123612095143
275,69,3.0,3.325431279721518
275,89,3.0,3.4757417521380236
275,95,3.0,3.2230062420449754
275,98,4.0,3.527971240008191
275,101,4.0,2.9978997816552706
275,102,3.0,2.5515289055886106
275,117,3.0,3.123295028581023
275,118,3.0,2.8048948611408684
275,142,2.0,2.4934439081688646
275,144,4.0,3.2890710413070314
275,173,3.0,3.564072723966965
275,176,4.0,3.338646621524049
275,183,3.0,3.3692762564108523
275,186,3.0,3.2534706216967537
275,191,4.0,3.4309392358724966
275,202,3.0,3.221493935405412
275,208,3.0,3.259469711735822
275,222,4.0,3.125587297238563
275,226,3.0,2.9594860955394156
275,252,2.0,2.5080932782599685
275,258,3.0,3.232227978029929
275,265,4.0,3.3702221919466675
275,300,4.0,3.1503401931601607
275,304,3.0,2.99385533677756
275,405,2.0,2.7726807277442758
275,418,3.0,2.9137404760676384
275,423,4.0,3.17623121822307
275,435,3.0,3.2582107046025692
275,449,3.0,2.575579601813599
275,451,3.0,2.8132437507801553
275,496,3.0,3.4449191926896945
275,501,3.0,2.8442562646305394
275,520,4.0,3.483819827497891
275,523,4.0,3.2978330655391774
275,588,3.0,3.1504534928005494
275,597,3.0,2.6654868793531024
275,627,3.0,2.6770228624314942
275,630,3.0,2.96593774902252
275,636,3.0,2.8264244438581487
275,662,3.0,2.955343382196814
275,746,4.0,3.108596676200952
275,930,3.0,2.3833360219846855
275,946,3.0,2.593622410990197
275,969,2.0,3.119064210836512
275,1066,3.0,2.726567333495642
275,1091,2.0,2.253411510623079
276,2,4.0,3.4432030724882985
276,4,4.0,4.139845428798973
276,5,3.0,3.448581138646119
276,8,4.0,4.407634271841611
276,11,5.0,4.364614191226508
276,14,4.0,4.2973160960800465
276,22,5.0,4.527894009154672
276,34,2.0,3.2108573895185915
276,38,3.0,2.85488650300963
276,40,3.0,2.8407204434661573
276,41,3.0,2.9827971035743612
276,43,1.0,3.1455526202914252
276,46,3.0,4.101452040301276
276,54,3.0,3.3539230277498984
276,56,5.0,4.652020594482774
276,57,3.0,3.967039228982793
276,58,4.0,4.216398862564757
276,63,3.0,2.964598610592386
276,64,5.0,4.869736519063433
276,66,3.0,3.570087455296675
276,68,4.0,3.745177363114319
276,69,4.0,4.246130435613382
276,70,4.0,4.035819033508178
276,74,3.0,3.8009673401524826
276,76,4.0,3.839338293806014
276,77,3.0,3.528171480845902
276,78,4.0,2.0534548333887446
276,81,4.0,4.116932624819145
276,85,3.0,3.3721243960916625
276,91,5.0,4.158262004062617
276,94,2.0,3.1176414091846736
276,101,4.0,3.728705307988226
276,104,1.0,3.4742111382504275
276,117,4.0,4.068655233989687
276,118,3.0,3.403600140392956
276,121,4.0,3.6653229457666416
276,124,5.0,4.546298652677379
276,125,4.0,3.737846937664344
276,127,5.0,4.912993765914502
276,135,5.0,4.585653071854419
276,139,4.0,2.7608802714521348
276,141,4.0,3.8091312791123886
276,142,3.0,3.151649673475681
276,145,3.0,2.7772994785237275
276,147,4.0,3.77330386049438
276,154,4.0,4.294862112023431
276,156,5.0,4.529025023936778
276,157,5.0,4.164187701511147
276,164,4.0,3.9059227919992057
276,168,5.0,4.5760554851128585
276,169,5.0,4.974126964844439
276,171,4.0,4.454696781544435
276,176,5.0,4.506237868761179
276,180,5.0,4.712224309965801
276,181,5.0,4.490107852423318
276,186,5.0,4.251314658733453
276,188,4.0,4.2127521459049735
276,196,4.0,4.296042800052535
276,198,5.0,4.542012905451978
276,203,4.0,4.4027617749952555
276,204,5.0,4.215437527016375
276,206,5.0,4.005636490068264
276,207,4.0,4.297822182974939
276,209,4.0,4.502406851868702
276,210,4.0,4.211532946981738
276,214,5.0,3.9164074184265494
276,223,5.0,4.572398648483907
276,226,4.0,3.4985627433782978
276,227,4.0,3.554725976566389
276,228,4.0,4.2082326886928305
276,229,3.0,3.361281708034592
276,230,4.0,3.6407542352710762
276,231,3.0,2.9963587714981053
276,232,3.0,3.419674264861477
276,234,5.0,4.290621129345723
276,238,5.0,4.420399712559495
276,246,4.0,4.378109400384056
276,249,4.0,3.7453239815774095
276,250,4.0,3.9160021813030808
276,262,4.0,4.0476212063120505
276,265,4.0,4.231840391310271
276,268,4.0,4.254889553512892
276,270,4.0,3.914443871531898
276,272,5.0,4.530232056770342
276,273,4.0,4.02311897874859
276,276,4.0,4.1744967800580275
276,282,4.0,3.8634448495565867
276,288,4.0,3.8202921831868313
276,290,4.0,3.572672591438608
276,291,3.0,3.4901147578041773
276,294,4.0,3.5386575075280806
276,301,4.0,3.649836711228104
276,302,5.0,4.535937198153082
276,307,4.0,3.719518387284683
276,315,4.0,4.285419219319357
276,317,4.0,4.446791743630095
276,318,5.0,4.888010362856291
276,322,3.0,3.173639632166975
276,324,4.0,3.7844083613154686
276,333,4.0,3.8415101172508144
276,340,5.0,4.002325453592412
276,347,4.0,3.965930193030993
276,357,5.0,4.875636235418341
276,364,3.0,2.524089070834913
276,366,3.0,3.005596832420321
276,379,3.0,3.1699667035441452
276,383,2.0,2.0325202330824883
276,384,3.0,2.688230440511611
276,386,3.0,2.7639329211222523
276,401,3.0,2.8157960804914826
276,403,4.0,3.651381546517549
276,404,4.0,3.916976750961582
276,406,2.0,2.837368428454693
276,408,5.0,5.0
276,409,3.0,2.730002058814117
276,417,4.0,3.153230890833578
276,418,4.0,3.856808274562819
276,419,5.0,4.114087163441757
276,420,4.0,3.7267882557580556
276,423,5.0,4.203963388092684
276,427,5.0,4.74217243976316
276,429,5.0,4.404347643145239
276,432,5.0,4.270480255268212
276,436,4.0,4.034548380203213
276,448,4.0,3.7788832967311015
276,449,2.0,3.1197844377453214
276,450,1.0,2.580891535578178
276,456,2.0,2.628303435653537
276,463,4.0,4.168656130805013
276,470,3.0,3.887678513114566
276,471,4.0,3.8472826002245424
276,474,5.0,4.756297496449086
276,496,4.0,4.469479555505502
276,544,3.0,3.5480745730310943
276,547,4.0,3.769332342175554
276,549,3.0,3.747290609881829
276,550,4.0,3.4881420470436457
276,551,3.0,2.942109725854668
276,559,4.0,3.4760294226082324
276,561,2.0,3.2102902412136354
276,562,3.0,3.29742342387833
276,563,3.0,2.8111996465981104
276,564,3.0,2.4414482447064922
276,566,4.0,3.7789058338600703
276,568,4.0,3.827421748693051
276,569,4.0,2.740058137306334
276,571,2.0,2.6286341482647724
276,576,3.0,3.152002653357954
276,577,2.0,2.3102923522905603
276,578,4.0,3.2153692551435693
276,581,4.0,3.4248258598576675
276,583,3.0,3.27281814672958
276,588,4.0,4.085255669754132
276,595,2.0,3.0324408232073337
276,597,3.0,3.3087123406639067
276,628,4.0,3.801833352722553
276,631,3.0,4.032582175450336
276,640,4.0,3.7449657476443914
276,649,4.0,4.07537678470916
276,652,4.0,4.491652104119873
276,665,3.0,3.183082838060923
276,669,1.0,2.586661846326299
276,672,3.0,3.0984443135236037
276,682,3.0,3.171263124099621
276,684,4.0,4.099176759447992
276,686,3.0,3.9620444566794513
276,693,4.0,4.272025842633471
276,697,2.0,3.759570953009123
276,719,3.0,2.7784893393961028
276,727,3.0,3.7754260509286284
276,732,4.0,3.858773151351778
276,737,4.0,3.696402481812653
276,742,4.0,3.833162933300936
276,743,1.0,2.3909776276406935
276,746,4.0,3.854518989842063
276,747,4.0,3.667760903716526
276,748,3.0,3.379418581419053
276,751,4.0,3.862684825361137
276,770,4.0,3.7608139991525347
276,773,3.0,3.165524006763346
276,774,2.0,3.2743401842647395
276,779,2.0,2.5255032253014806
276,780,3.0,3.1744511238279354
276,786,3.0,3.089270845970436
276,789,3.0,4.169185779807417
276,796,1.0,2.914478030210294
276,801,3.0,2.546564590886868
276,803,2.0,2.8910639730951937
276,806,4.0,4.033455854386735
276,809,2.0,2.8822001271989177
276,816,2.0,2.7179143638813703
276,831,3.0,2.8474460100677943
276,840,3.0,2.988209638372574
276,843,4.0,2.922566446928916
276,845,4.0,3.785693394329588
276,853,5.0,4.227612956391177
276,854,4.0,4.109590936254248
276,876,3.0,2.8941665607527063
276,879,3.0,3.4565806250426974
276,922,4.0,4.168376596472456
276,930,2.0,2.6538582487672073
276,939,3.0,3.8049022010022733
276,941,3.0,3.042504612026865
276,969,4.0,4.082127134597289
276,977,2.0,2.614143342763524
276,1013,3.0,2.550950594946538
276,1035,3.0,3.152233364569846
276,1044,3.0,3.1995594506262455
276,1073,3.0,4.291649708929915
276,1081,3.0,3.1905423290529518
276,1089,2.0,2.4014028973361468
276,1091,3.0,2.5747104401843415
276,1095,1.0,2.5740387956430806
276,1110,3.0,3.2694277413996984
276,1129,4.0,4.071902162583227
276,1131,3.0,4.4932405004468485
276,1135,4.0,3.2441567800063886
276,1157,2.0,2.7907370431824026
276,1172,4.0,3.7772204677273855
276,1180,2.0,2.696432678215241
276,1210,2.0,2.2518915347898685
276,1218,4.0,3.545022492040876
276,1220,4.0,3.3183320044078872
276,1228,1.0,2.3919132933809943
276,1239,1.0,2.306930791530268
276,1240,4.0,4.125085128606806
276,1253,1.0,2.6742051506857947
276,1274,1.0,1.9934027672046668
276,1314,3.0,2.5416038186179017
276,1416,3.0,2.6714684920967597
276,1471,2.0,2.3355585914534007
276,1478,3.0,3.075523490235511
277,9,4.0,3.549810602023332
277,15,4.0,3.4321085838297227
277,24,4.0,3.072902571575348
277,25,4.0,3.2216811779011674
277,93,4.0,3.4417240771046975
277,117,4.0,3.3977675735211297
277,121,2.0,3.0951447571568065
277,129,4.0,3.5421509391462114
277,151,3.0,3.3548183242839986
277,181,3.0,3.613717685039955
277,255,4.0,3.1313383506144423
277,257,3.0,3.4340887901129844
277,273,5.0,3.272036501951172
277,274,4.0,3.22146723094165
277,279,4.0,3.0071775677112083
277,282,4.0,3.4258866098080314
277,285,4.0,3.7965556887774015
277,286,5.0,3.3756826839282534
277,302,4.0,3.8685837334556767
277,405,3.0,3.0798055409808227
277,591,4.0,3.3443473110267634
277,628,4.0,3.2473587169013944
277,748,3.0,2.9174552326540075
277,872,3.0,3.272650162225642
277,1011,3.0,3.1369126868606894
277,1197,4.0,3.247165806256143
278,22,5.0,4.786955619176592
278,98,4.0,4.8843158527770925
278,173,5.0,4.683942606759626
278,269,5.0,4.527749628717871
278,294,4.0,3.983801917436766
278,301,2.0,3.9423569710720945
278,306,5.0,4.515279977275805
278,311,4.0,4.245758178259611
278,347,4.0,4.232329863705462
278,525,5.0,4.67820919283496
278,603,5.0,4.884516120976795
279,1,3.0,3.341922215362948
279,4,4.0,2.932388537392063
279,13,3.0,3.0234890926573437
279,24,5.0,3.3027430985915682
279,25,5.0,3.007533883742315
279,40,4.0,2.5914203846614976
279,42,4.0,3.115526776851745
279,50,3.0,3.7241936737772727
279,52,3.0,3.18809349950735
279,59,4.0,3.58766468001405
279,63,3.0,2.8123813130587068
279,65,1.0,3.0116059862863422
279,66,2.0,3.188420169098816
279,67,4.0,2.8039714581907194
279,68,4.0,3.0823115394534404
279,73,4.0,3.0063338893318456
279,79,3.0,3.394193616953597
279,80,4.0,2.7128125638267364
279,88,1.0,3.058347466954245
279,89,4.0,3.6076188759020544
279,90,3.0,2.910382047455344
279,92,4.0,3.1881305358104974
279,96,4.0,3.4162166101911273
279,101,3.0,3.2046558117787307
279,105,4.0,2.57968865626229
279,108,4.0,2.9751210413338427
279,114,5.0,3.8150678305341037
279,116,1.0,3.4131584297624715
279,117,5.0,3.2237904833350766
279,120,1.0,2.1342071404773284
279,121,4.0,3.0792922897320274
279,122,1.0,2.437841971654832
279,144,4.0,3.334057530038903
279,147,4.0,2.994286958943354
279,154,5.0,3.3418743022859667
279,163,5.0,3.242565934570986
279,167,3.0,2.7743716066412247
279,168,5.0,3.514932478943366
279,173,5.0,3.690644783474462
279,174,4.0,3.6024118565704644
279,175,5.0,3.2988803360140593
279,184,5.0,2.974128907450134
279,195,4.0,3.4894468646320838
279,201,5.0,3.0888668070308367
279,202,4.0,3.2173105120254393
279,207,5.0,3.4144524109377756
279,208,5.0,3.512866833868551
279,209,5.0,3.2692568157754094
279,214,3.0,2.967805818937869
279,216,3.0,3.290126896032538
279,224,4.0,3.411566496736881
279,226,4.0,3.0746336947104003
279,227,4.0,2.894667282898342
279,228,4.0,3.431110219254061
279,233,5.0,3.015209310616539
279,235,3.0,2.80289366088635
279,236,5.0,3.0165452676919973
279,238,4.0,3.2607740706511565
279,240,4.0,2.8049621606023933
279,248,4.0,3.245385184056199
279,249,3.0,3.1335060912756765
279,250,3.0,3.224364822680539
279,254,3.0,2.556067763829933
279,265,5.0,3.3970473544631674
279,273,2.0,3.0632050006624825
279,275,3.0,3.3929318554546115
279,290,4.0,2.9146665400290566
279,319,4.0,3.063085417599273
279,363,5.0,2.888317341828808
279,368,1.0,2.3097189555735076
279,382,4.0,3.15515508116549
279,384,4.0,2.5988713313584473
279,386,3.0,2.6885609831706656
279,390,3.0,3.324950405353418
279,391,5.0,2.6268571236411424
279,393,1.0,3.070092166906378
279,397,4.0,2.7420362590488208
279,399,4.0,2.9688976664973743
279,405,3.0,2.9439685989550424
279,408,5.0,4.155634016284786
279,411,3.0,3.0002634394767393
279,412,3.0,2.8130227194281976
279,415,3.0,2.4851995992055524
279,418,3.0,2.983256403126613
279,432,3.0,3.314567392049349
279,433,4.0,3.0747906616511402
279,434,4.0,3.5673637640643516
279,464,4.0,3.057939268291011
279,465,5.0,3.173902356287121
279,469,4.0,3.0919144756438146
279,472,3.0,2.8110790994734423
279,487,3.0,3.446061793385019
279,489,2.0,3.6555607475140404
279,490,3.0,3.5606109703959903
279,491,5.0,3.1132041201363156
279,501,3.0,2.9148567284800757
279,509,3.0,3.268458108999028
279,530,3.0,3.5444062552661677
279,534,1.0,2.714389544418271
279,541,3.0,2.822773590733771
279,556,3.0,2.4313617273815975
279,562,3.0,2.991888836660955
279,571,4.0,2.4388044571695193
279,577,1.0,2.389978842563746
279,578,4.0,2.972140474203343
279,586,4.0,2.4714567292255563
279,616,3.0,3.212684095022255
279,638,4.0,3.217114675116714
279,652,4.0,3.4798719998307406
279,654,5.0,3.454887991866809
279,662,2.0,2.8368857850772504
279,685,3.0,2.990290215232376
279,702,4.0,2.5801359006012543
279,709,4.0,3.603758633554669
279,719,4.0,2.628475327745023
279,721,5.0,3.1142224213466028
279,725,4.0,2.7746785785180057
279,727,3.0,2.961825973156235
279,732,3.0,3.067184915911026
279,739,1.0,2.8913796674736645
279,740,3.0,2.660983412184457
279,741,5.0,3.1065217081478766
279,746,5.0,3.178088492050048
279,753,2.0,3.2638901133857607
279,762,3.0,3.031026504988401
279,780,4.0,2.8000082022151593
279,789,4.0,3.1772159455122777
279,792,3.0,3.3852555207890744
279,804,4.0,3.0024250886352712
279,810,2.0,2.7518380676591696
279,820,4.0,2.604093009295039
279,827,1.0,2.8925995394758437
279,831,5.0,2.556783314451468
279,832,3.0,2.711915049550544
279,841,4.0,2.8161333147899352
279,853,1.0,3.334651546373242
279,871,4.0,2.3135530729432707
279,919,3.0,3.3455446739783503
279,940,5.0,2.2726545430651504
279,952,3.0,2.6971616628434205
279,982,3.0,3.064178774028049
279,992,4.0,3.041288619942966
279,998,5.0,2.7976373833998096
279,1000,4.0,2.704359731104876
279,1007,4.0,3.615023248722808
279,1011,3.0,2.7326735060170297
279,1017,3.0,2.825374209433366
279,1032,3.0,3.0277538542531044
279,1035,3.0,2.7004275342549584
279,1047,4.0,2.6514584707150046
279,1048,1.0,2.3646252577320457
279,1052,4.0,2.637239296955199
279,1093,4.0,2.3246963892957586
279,1095,1.0,2.818754192649222
279,1108,1.0,2.7949504589548337
279,1110,3.0,2.8889788164845918
279,1113,3.0,2.888225824633391
279,1118,3.0,3.05399964450554
279,1120,3.0,2.9590188694916186
279,1133,2.0,2.3835474443918288
279,1142,1.0,3.4123759840793975
279,1151,2.0,2.66286343723368
279,1162,3.0,2.7834267960757364
279,1180,2.0,2.782799689415947
279,1181,4.0,2.5184601842115244
279,1182,3.0,2.1851597219861363
279,1209,4.0,2.5079979581349487
279,1219,3.0,2.966352013642621
279,1228,4.0,2.314938802429907
279,1230,3.0,2.213061190465793
279,1231,4.0,2.605342033794662
279,1239,1.0,2.5960881805868734
279,1240,1.0,3.6192076598790153
279,1247,2.0,2.1873099106808964
279,1271,4.0,2.5665535264497246
279,1291,4.0,2.504935236529028
279,1312,3.0,3.0146316605323626
279,1336,1.0,1.9986420704544432
279,1376,4.0,2.9331262384582306
279,1411,3.0,2.603136261634165
279,1413,5.0,2.655813950400914
279,1428,3.0,3.090602197090235
279,1484,3.0,3.0328547903183627
279,1487,1.0,2.8145450572456134
279,1489,3.0,2.8682922833155007
279,1492,4.0,3.539195652952405
279,1493,1.0,3.539195652952405
279,1495,4.0,2.9169061497669135
279,1497,2.0,3.266602767002564
279,1498,4.0,3.539195652952405
279,1500,5.0,3.1289986306135944
279,1501,1.0,3.1561305549779
280,1,4.0,4.114284668873991
280,4,3.0,3.9325016367118493
280,5,4.0,3.5196731281345595
280,7,4.0,4.199792931288605
280,11,5.0,4.1944409786436765
280,38,3.0,3.180401836664869
280,40,5.0,3.2700604064790286
280,50,3.0,4.446309061851148
280,53,5.0,3.4105175536896972
280,54,2.0,3.5559936893163626
280,62,3.0,3.2872745572386783
280,69,4.0,4.241763168773176
280,73,3.0,3.7408848115503046
280,82,2.0,3.8169086321846657
280,86,4.0,4.241726866161336
280,92,3.0,3.954662760613651
280,95,5.0,4.029182884273759
280,96,4.0,4.111659508783479
280,99,2.0,4.0617619605477895
280,100,3.0,4.466094069078104
280,102,5.0,3.4923075982318954
280,117,5.0,3.7841404199399866
280,125,2.0,3.7409384590046733
280,127,5.0,4.571870584162883
280,128,3.0,3.7329302031245453
280,132,4.0,4.426727285307504
280,135,4.0,4.277856950021107
280,144,2.0,4.077447013440472
280,145,3.0,2.7318316528708677
280,153,5.0,4.162952436302989
280,157,3.0,4.085966978922957
280,159,4.0,3.4432787112354677
280,180,4.0,4.420602921535075
280,181,3.0,4.148596584396806
280,195,3.0,4.169155811584709
280,202,3.0,4.115210377418571
280,204,3.0,4.149159114221199
280,210,2.0,4.160584705895636
280,225,4.0,3.2416423553615727
280,227,3.0,3.3519117013285165
280,230,3.0,3.5422311188704527
280,231,3.0,2.933568340546466
280,234,3.0,4.066839717931319
280,237,3.0,3.9091563278278163
280,265,4.0,4.070500954836225
280,274,5.0,3.653551925684448
280,282,3.0,3.90593958648159
280,286,4.0,3.9567789652442293
280,288,5.0,3.659028571565712
280,316,5.0,4.318185045037495
280,322,4.0,3.172180758411696
280,323,2.0,2.948574109461962
280,381,3.0,3.981819615326261
280,387,4.0,3.6966464487866504
280,404,3.0,3.8221364206353
280,419,3.0,3.991664106205928
280,420,3.0,3.909360974651504
280,431,4.0,3.7543510574642536
280,448,3.0,3.656300376117456
280,449,3.0,3.1788590548584654
280,465,3.0,3.8222934883452817
280,468,4.0,3.6468899399088195
280,472,2.0,3.3256132153991977
280,476,5.0,3.522979096237721
280,483,4.0,4.664665740289379
280,499,4.0,4.253140400422353
280,508,3.0,4.023821156608217
280,538,5.0,3.4245705703294536
280,540,3.0,2.8265096377531176
280,542,3.0,2.8642524723007114
280,544,4.0,3.5611450986522835
280,554,1.0,3.0550369661130414
280,559,3.0,3.5037750836916537
280,566,4.0,3.7314716114729674
280,568,2.0,3.7844953259781438
280,571,3.0,2.7989521636805965
280,576,3.0,3.2481398489619013
280,586,4.0,2.766158883296027
280,629,4.0,3.755383495234455
280,631,5.0,3.9805544456810518
280,655,3.0,4.2166690515370675
280,663,4.0,4.137153230694743
280,690,2.0,3.774234388038642
280,692,3.0,3.988366914240734
280,693,3.0,3.970196791697678
280,715,2.0,3.8608219598636015
280,722,3.0,3.306751431893802
280,723,5.0,3.5218849874085243
280,735,2.0,4.271431470882849
280,736,2.0,4.10298463347602
280,756,4.0,3.130778449166666
280,780,4.0,3.294786909584141
280,781,4.0,3.5693662314254064
280,790,4.0,3.1600633599310592
280,845,3.0,3.7352857517183633
280,934,2.0,3.0691235761118154
280,942,5.0,3.8436715513468283
280,975,4.0,3.4186218948523663
280,977,3.0,2.9354110813918814
280,1015,3.0,3.5175976061315897
280,1028,5.0,3.1184648824658336
280,1047,3.0,2.914438466508877
280,1049,2.0,3.04837221522229
280,1060,3.0,3.6196119397612887
280,1168,5.0,3.752139086083437
280,1181,2.0,2.9811346503239378
280,1313,5.0,3.7807456411101805
280,1401,5.0,3.5496841472632843
280,1459,4.0,3.4169351992855224
280,1478,4.0,3.18741412835412
280,1479,3.0,3.4891107324750896
281,258,2.0,3.725829743837991
281,322,4.0,3.0015417163873237
281,332,4.0,3.4995631651619776
281,338,2.0,2.8241962667292024
281,538,4.0,3.4187840749901524
281,682,3.0,3.2542873740767204
281,877,4.0,2.8038023035954067
281,938,2.0,3.125422129173886
281,989,2.0,2.70505715636794
282,258,5.0,3.6377911887701035
282,269,4.0,3.7913790291932825
282,271,3.0,3.321722869298317
282,288,4.0,3.3511303167831676
282,294,4.0,3.2122797677200317
282,302,5.0,3.990623187600856
282,305,4.0,3.5705115896870523
282,307,3.0,3.4339764246592646
282,325,1.0,2.8972904249264078
282,327,5.0,3.465832345743627
282,338,3.0,2.700957938447573
282,879,2.0,3.13069250247332
283,24,4.0,4.211851465329696
283,42,5.0,4.616727460990344
283,50,5.0,4.98051562887489
283,70,4.0,4.455237020394446
283,83,4.0,4.782839329280311
283,95,5.0,4.489593970625527
283,125,5.0,4.148095162091108
283,186,5.0,4.593402076056057
283,194,4.0,4.794212750996596
283,209,4.0,4.707473640125702
283,210,5.0,4.624387299155176
283,216,4.0,4.616255454142565
283,238,5.0,4.650945066721259
283,288,2.0,4.189695446843736
283,407,3.0,3.407234596196238
283,432,5.0,4.661132152164296
283,455,4.0,4.191592315211767
283,588,4.0,4.457654401565538
283,627,4.0,3.959377976604379
283,659,5.0,4.787041496656752
283,676,3.0,3.970576465356681
283,709,5.0,4.753316362614024
283,845,4.0,4.210099779226899
283,1114,5.0,4.059080512275044
283,1487,2.0,4.0056605884305965
284,258,4.0,3.929126914904842
284,259,2.0,3.0343923182865065
284,269,4.0,4.131443709046893
284,286,4.0,3.8570225248035266
284,300,3.0,3.729038351976525
284,304,4.0,3.679742868622932
284,305,4.0,3.8787566684629007
284,313,3.0,4.300016000486385
284,322,3.0,3.2740094365767205
284,324,3.0,3.622675428663485
284,328,4.0,3.515922811229104
284,332,3.0,3.665468747681985
284,339,3.0,3.3669935424741855
284,340,4.0,3.8853618678722146
284,344,4.0,3.8302938411900684
284,346,4.0,3.9945641071975477
284,682,3.0,3.185733468451026
284,887,4.0,3.9256141072447357
284,906,3.0,3.8061908964846327
285,150,5.0,3.8277699965968024
285,151,5.0,3.748453433817301
285,168,4.0,4.186242671725951
285,191,4.0,4.195416248280517
285,216,3.0,3.9983287333581305
285,237,4.0,3.7336301831368757
285,269,4.0,3.959389047909463
285,276,4.0,3.7283585042789236
285,288,5.0,3.5594501414547275
285,313,5.0,4.2172442200790705
285,455,4.0,3.5370729280212236
285,514,3.0,4.0333841784041775
285,538,5.0,3.597015772696018
285,628,2.0,3.625425924979498
285,682,4.0,3.275646177324339
285,902,4.0,4.062524715204754
286,1,4.0,4.271960759039091
286,7,4.0,4.217320714530557
286,11,5.0,4.3589042305603
286,13,2.0,3.9352022647780354
286,20,4.0,3.8659764322319274
286,25,3.0,3.937495842318511
286,29,2.0,3.3849834365985068
286,34,5.0,3.956069134572234
286,44,3.0,4.005024853960403
286,50,4.0,4.683984914630218
286,53,2.0,3.8452307608889678
286,55,4.0,4.230617183116185
286,56,2.0,4.531727855702856
286,57,5.0,4.4981723524800845
286,66,4.0,3.9640030045507655
286,73,5.0,4.0652191805619875
286,77,3.0,3.904739076558857
286,83,5.0,4.7760190653168495
286,85,5.0,3.750353822991358
286,88,4.0,4.042543968709467
286,89,4.0,4.677706839946127
286,91,4.0,4.274995388060315
286,96,4.0,4.475293263974123
286,99,4.0,4.266536057153414
286,100,3.0,4.49984280086157
286,107,1.0,3.91646426489705
286,127,4.0,4.566563052841076
286,133,4.0,4.394884857079158
286,142,4.0,3.8072445180620447
286,143,4.0,4.317578461287744
286,151,5.0,4.091420810628856
286,153,5.0,4.36032050532515
286,154,4.0,4.373191592181609
286,155,4.0,3.6589091218145007
286,158,3.0,3.2348732969066494
286,161,2.0,3.9359226736543365
286,164,3.0,4.09823572657937
286,167,5.0,3.6571868943941377
286,168,4.0,4.581110543460426
286,171,4.0,4.421423536897146
286,175,5.0,4.394499555704662
286,191,4.0,4.6932268103507795
286,195,4.0,4.403592700143402
286,196,4.0,4.451429279893275
286,208,4.0,4.564371498003057
286,214,1.0,4.0899110829444245
286,228,3.0,4.356093930041339
286,229,1.0,3.7457385489641766
286,231,3.0,3.525455085731298
286,234,3.0,4.219845032871193
286,237,2.0,4.00756703946217
286,248,5.0,4.0701256924818265
286,258,4.0,4.235208366777692
286,268,4.0,4.259145493571621
286,269,5.0,4.514816371096404
286,272,5.0,4.740378927269915
286,275,4.0,4.408548401081357
286,277,4.0,3.886192192126175
286,288,5.0,3.776251071231672
286,289,5.0,3.709390723151008
286,290,3.0,3.639742303805726
286,298,4.0,3.9026894628331363
286,309,5.0,3.9780238463850264
286,325,1.0,3.1194936538186377
286,329,4.0,3.7767365002454123
286,341,5.0,3.9730390139801086
286,354,4.0,4.007707999401596
286,357,4.0,4.7834866507763385
286,379,5.0,3.6729522329722335
286,393,4.0,3.9904119131809583
286,404,5.0,4.106068250685411
286,405,3.0,3.6367623409694088
286,419,5.0,4.26875957734642
286,421,1.0,4.19975195185985
286,423,4.0,4.293164247000154
286,425,2.0,4.3684609775399315
286,432,3.0,4.4612899444814476
286,465,5.0,4.028637401379996
286,472,3.0,3.604287582579035
286,477,3.0,3.6474702241365238
286,512,2.0,4.357606979237252
286,546,1.0,3.4507345823352953
286,554,4.0,3.568429023686848
286,559,4.0,3.890832094815222
286,574,4.0,3.4812458348383553
286,577,2.0,3.146958801558535
286,596,3.0,3.746252431666539
286,628,4.0,3.8300109090256607
286,636,3.0,4.064640873907023
286,640,5.0,3.7685555166014573
286,642,3.0,4.063818455597846
286,655,3.0,4.446395952657271
286,683,5.0,3.445566537283897
286,689,5.0,3.710159089138292
286,704,2.0,3.8076079341416054
286,709,4.0,4.593074232223591
286,710,4.0,4.132708233186258
286,721,3.0,3.6792649567905085
286,732,5.0,4.255836998046436
286,738,5.0,3.6994379028037585
286,746,4.0,4.345256588601234
286,766,3.0,3.902070308472802
286,771,2.0,3.4549055836196363
286,778,5.0,4.116705817001039
286,790,1.0,3.315407995551319
286,792,3.0,4.206870320403709
286,815,3.0,3.7332444730822103
286,824,1.0,3.2093334458840683
286,881,5.0,3.707235346715693
286,949,4.0,3.9117575585394784
286,952,2.0,3.6479992147973213
286,993,2.0,3.8710759652481017
286,1014,5.0,3.5131618288523394
286,1035,3.0,3.7611057928519807
286,1039,5.0,4.547859591629245
286,1047,1.0,3.100130387772499
286,1091,4.0,3.275976612943601
286,1113,3.0,4.008414199830784
286,1118,1.0,4.089509780422556
286,1140,3.0,2.8658148210305137
286,1182,2.0,3.1019336249936362
286,1194,4.0,4.685830828748468
286,1202,3.0,4.140126257652265
286,1230,1.0,2.943219359873815
286,1265,5.0,4.15659894055272
286,1286,5.0,4.269062039712429
286,1316,5.0,3.1595592795328864
286,1411,2.0,3.355356268512249
286,1503,3.0,3.9349702727732043
286,1504,4.0,4.152793361459205
287,1,5.0,4.330249904281813
287,11,5.0,4.329176548306876
287,28,5.0,4.376032737647619
287,39,5.0,3.932047964357789
287,56,5.0,4.542391872306806
287,92,4.0,4.2216400434501775
287,98,4.0,4.705372631217109
287,111,3.0,3.9500331833799103
287,117,5.0,4.1405010202800305
287,156,5.0,4.471866118090298
287,201,5.0,4.127927376571711
287,208,4.0,4.428264335685404
287,218,5.0,3.9596090924847394
287,240,2.0,3.550823127545025
287,248,5.0,4.184712023130588
287,249,5.0,3.898622066582716
287,250,3.0,4.00947812076603
287,252,1.0,3.499568170153944
287,257,4.0,4.21864256830293
287,268,4.0,4.266370169979892
287,276,4.0,4.191369707935981
287,291,5.0,3.7958760707809125
287,294,5.0,3.718371613993046
287,298,4.0,4.19749486712852
287,301,3.0,3.835196815552184
287,327,5.0,3.9542137069462697
287,340,5.0,4.1473197527100885
287,346,5.0,4.235992645311813
287,347,4.0,4.110152656101163
287,461,5.0,4.109945113387125
287,591,5.0,4.068659023725406
287,748,4.0,3.7079493442028126
287,926,4.0,3.4652261436217744
287,1016,5.0,3.8717270379355107
288,12,4.0,4.342250237482306
288,13,5.0,3.687091572722621
288,15,4.0,3.9432749035691765
288,50,4.0,4.326838388318269
288,64,5.0,4.378821757486081
288,69,5.0,3.9346179644547727
288,97,4.0,3.896846944641285
288,127,5.0,4.346240886814951
288,132,3.0,4.141512684876478
288,157,4.0,3.8338676425569145
288,177,3.0,4.020690846122861
288,178,5.0,4.369170565059268
288,182,4.0,4.084249267153162
288,196,5.0,3.983209039734767
288,200,4.0,3.8928948628062794
288,202,5.0,3.9443571494218936
288,230,2.0,3.5337209964469176
288,237,4.0,3.831864823017006
288,272,5.0,4.426586070674653
288,276,4.0,3.813946486836139
288,300,5.0,3.6323894094889964
288,305,4.0,3.701220943186939
288,317,4.0,4.050472751488153
288,318,4.0,4.470743398819578
288,340,5.0,3.7530491980234717
288,357,5.0,4.416932466983686
288,527,3.0,4.131273745465559
288,593,2.0,3.5947251198715184
288,742,3.0,3.7104939966076707
288,887,5.0,3.7097381854739693
288,900,5.0,3.862103274930705
288,1039,2.0,4.088437763499931
289,1,3.0,2.823638752577284
289,7,4.0,2.7830045573121835
289,24,4.0,2.5036361630279753
289,147,3.0,2.5753898069366556
289,282,3.0,2.7877177992450335
289,405,2.0,2.4077849336017065
289,410,2.0,2.2282514998897556
289,471,4.0,2.656504762597205
289,473,1.0,2.1724493967183602
289,685,4.0,2.425004954146493
289,815,3.0,2.3578205528187164
289,849,4.0,2.072361903530104
289,926,3.0,2.008323481261734
289,1016,5.0,2.562624698873952
290,21,3.0,2.933901906853208
290,22,5.0,4.062981271025253
290,43,3.0,3.0000280362211598
290,50,5.0,4.264781838328624
290,54,3.0,3.3548921830082645
290,71,5.0,3.8196471565840007
290,82,4.0,3.80574309160514
290,88,4.0,3.6205351413906155
290,91,2.0,3.406003479739039
290,98,4.0,4.056877146191888
290,105,2.0,2.608298376637027
290,118,4.0,3.27335179291022
290,132,3.0,3.9097126469342296
290,133,3.0,3.8757207273407617
290,143,5.0,3.8864492815576965
290,144,3.0,3.726304240998911
290,153,3.0,3.715567392054189
290,158,5.0,2.6348996616632196
290,161,4.0,3.504033956206854
290,162,3.0,3.2950767652737434
290,164,4.0,3.5987672189713327
290,172,5.0,4.141637593610992
290,193,4.0,3.731922988609789
290,196,4.0,3.8047733642278914
290,202,4.0,3.785132401541491
290,204,4.0,3.800240606063568
290,205,3.0,3.874699098852753
290,208,3.0,3.784179734212687
290,210,5.0,3.8846762952989367
290,216,4.0,3.8000148344390423
290,218,2.0,3.3630675171653475
290,222,4.0,3.622261394201962
290,227,2.0,3.3679401939665774
290,239,2.0,3.7076473078602934
290,243,3.0,2.715258178603702
290,274,4.0,3.5564432953174663
290,380,3.0,3.3228479467175527
290,393,3.0,3.521429281768587
290,404,3.0,3.573567385415434
290,418,3.0,3.571924965726011
290,423,5.0,3.7866647179723136
290,429,4.0,3.848891088858603
290,432,5.0,3.705857053055361
290,436,2.0,3.430663878296695
290,449,1.0,3.038244463945637
290,450,2.0,2.6721643202152574
290,473,1.0,3.036006037979904
290,474,3.0,3.913310532649014
290,476,3.0,3.082068975747526
290,498,4.0,3.8825523106289213
290,515,3.0,4.000488019712208
290,520,3.0,4.0164953559331416
290,523,3.0,3.7656217108412298
290,546,2.0,3.0483568930007765
290,550,3.0,3.3137529751235935
290,568,3.0,3.6203851003408998
290,588,4.0,3.7964723546104295
290,622,3.0,3.2205348101919773
290,625,4.0,3.3045799158720226
290,685,3.0,3.2437210621507404
290,699,3.0,3.5444158345323986
290,739,3.0,3.414261684325845
290,742,2.0,3.581845810152655
290,755,4.0,3.371574096656124
290,818,3.0,2.8268287332007693
290,826,2.0,2.7424492345904765
290,832,3.0,2.7103285983768486
290,1013,2.0,2.3846441757163834
290,1028,3.0,3.109570928965156
290,1091,2.0,2.752219793656809
290,1336,3.0,2.0909509886683866
291,4,4.0,4.279683078001218
291,7,5.0,4.502146224233803
291,15,5.0,4.257547534224166
291,17,4.0,3.8504080594052916
291,24,5.0,4.066721765011038
291,28,4.0,4.521652782743425
291,41,4.0,3.4771833560532746
291,46,4.0,4.2803630286472645
291,48,5.0,4.779795567965758
291,49,4.0,3.837244761321983
291,53,5.0,3.6972257516731344
291,54,4.0,3.93784825190524
291,56,5.0,4.85930887883184
291,66,4.0,3.9497504840448316
291,70,4.0,4.368953020099845
291,72,4.0,3.764649121178481
291,77,4.0,3.9127856990442376
291,80,4.0,3.1414358656688917
291,89,3.0,4.808280634985631
291,92,4.0,4.35335006105577
291,99,4.0,4.368752119006935
291,101,4.0,4.05201488904512
291,106,4.0,3.4068309732235145
291,118,2.0,3.581433681652741
291,122,3.0,3.2217263726699783
291,143,3.0,4.260448844699976
291,144,5.0,4.561223441333781
291,147,4.0,4.008963051467325
291,154,4.0,4.499042950582471
291,155,3.0,3.4514950595963363
291,156,5.0,4.693489570350726
291,159,4.0,3.785510964195398
291,168,5.0,4.693185785702415
291,174,5.0,4.866598445173362
291,175,2.0,4.560732940168036
291,179,5.0,4.6433521534866635
291,181,5.0,4.647411850998307
291,188,3.0,4.479715359313554
291,214,4.0,4.1339284382363495
291,218,4.0,4.09339715615151
291,226,5.0,3.8493414407426587
291,237,4.0,4.316565874704002
291,244,2.0,4.006944298386533
291,250,4.0,4.04981079338123
291,273,3.0,4.330327117322647
291,284,4.0,3.882518317439302
291,294,5.0,3.7467009703022036
291,324,1.0,4.076955129606456
291,356,4.0,3.9015435250889325
291,365,3.0,3.396738670543126
291,366,3.0,3.649606318738002
291,375,1.0,2.5450067617278265
291,376,3.0,3.245236828123094
291,379,3.0,3.633012244163762
291,383,2.0,2.5665045496208694
291,384,4.0,3.233285281994907
291,385,4.0,4.111651660177917
291,395,3.0,3.0251509218723296
291,396,4.0,3.6105425755637115
291,401,4.0,3.3374033992998506
291,410,5.0,3.785712031671954
291,418,4.0,4.146950993183985
291,421,4.0,4.213480048485561
291,428,5.0,4.524470866339058
291,455,5.0,3.846387375209417
291,460,5.0,3.6782921608126653
291,466,5.0,4.218777657031956
291,470,3.0,4.222742243583723
291,471,4.0,4.070313639825979
291,496,5.0,4.649161146607046
291,501,4.0,4.119303391757602
291,540,3.0,2.927414921611563
291,551,2.0,3.3336685897427927
291,552,3.0,3.2260464792899586
291,555,1.0,2.783026719957209
291,558,4.0,4.358788786210193
291,567,5.0,3.492171271151586
291,571,2.0,3.0629598174285797
291,572,3.0,3.299120635477329
291,574,1.0,3.146211855725086
291,578,4.0,3.7029458615860773
291,588,4.0,4.380680202391559
291,619,3.0,3.489314879874019
291,627,4.0,3.8376528841935276
291,672,3.0,3.4129286786811104
291,686,5.0,4.181736596238073
291,715,5.0,4.048773406425568
291,729,4.0,4.124993231004674
291,732,4.0,4.192223363350759
291,741,5.0,4.026871123385933
291,755,2.0,3.7753307435538876
291,769,1.0,2.6029869225790776
291,770,4.0,4.091561218723132
291,790,4.0,3.24506867172465
291,794,4.0,3.878604577116488
291,816,3.0,3.36130971874009
291,824,4.0,3.184026732463444
291,834,3.0,3.1323471031153196
291,1016,4.0,3.9230458455152504
291,1017,4.0,4.089715500883331
291,1028,3.0,3.423258958544425
291,1042,4.0,3.4532341754683804
291,1046,4.0,3.6921511469971353
291,1078,4.0,3.395543451496159
291,1083,3.0,3.494637207239843
291,1098,4.0,4.5609216884510415
291,1109,4.0,4.181279294542655
291,1139,3.0,3.368721749387999
291,1157,3.0,3.4063058078012753
291,1178,4.0,2.523828931817245
291,1188,4.0,3.3173458872592843
291,1206,3.0,3.4306430719099885
291,1210,4.0,2.9426594484349495
291,1213,3.0,2.546012118169535
291,1215,1.0,2.6939867096791157
291,1219,4.0,3.34807856781171
291,1239,2.0,2.98250620832045
291,1244,4.0,3.2312004434015607
291,1253,3.0,3.0700246255491774
291,1273,2.0,3.3824223312687764
291,1376,3.0,2.560136664630441
291,1471,3.0,2.9651988564562046
291,1505,4.0,3.539195652952405
292,9,4.0,4.543589449906532
292,10,5.0,4.564035089781552
292,11,5.0,4.499615485728363
292,28,4.0,4.600422104433386
292,56,5.0,4.715144218211544
292,79,5.0,4.70862875416204
292,83,5.0,4.801505901728853
292,86,4.0,4.648320703446378
292,100,5.0,4.7210567385098665
292,111,4.0,4.075323519306234
292,118,3.0,3.799474896894042
292,124,4.0,4.604238946022185
292,125,2.0,4.09608308191311
292,127,5.0,4.883295822017107
292,132,4.0,4.769324826507324
292,135,4.0,4.724040745924528
292,144,5.0,4.5042331827220075
292,151,5.0,4.285151649104458
292,168,5.0,4.688560373939479
292,173,5.0,4.814022079447167
292,174,5.0,4.896075399908984
292,176,5.0,4.608790522803976
292,183,5.0,4.709463899930195
292,190,5.0,4.850620364780773
292,194,4.0,4.769751028633817
292,195,5.0,4.537824727633802
292,207,5.0,4.565212923119002
292,222,3.0,4.244970835512031
292,223,5.0,4.770704102036817
292,226,4.0,4.0614014681901605
292,234,5.0,4.499352957767441
292,252,3.0,3.5851331995585665
292,265,4.0,4.555073188290624
292,276,5.0,4.224154655721336
292,285,4.0,4.768379936399031
292,288,3.0,4.091341044633544
292,300,4.0,4.1616969088353954
292,320,5.0,4.810026817181118
292,324,3.0,3.721184289666814
292,328,3.0,4.009367527730269
292,343,2.0,3.7944229415982376
292,405,3.0,3.8662421003733294
292,408,4.0,5.0
292,423,5.0,4.563704648868108
292,429,5.0,4.5969625838453805
292,475,5.0,4.511789967384081
292,479,4.0,4.902721881398677
292,484,5.0,4.883475702844612
292,488,5.0,4.955256292551967
292,510,4.0,4.632383752654782
292,511,5.0,4.926583268503296
292,515,4.0,4.891111152296009
292,525,5.0,4.6947795413894156
292,535,3.0,3.7687673264738617
292,589,4.0,4.779170200194474
292,628,3.0,4.134664364895996
292,653,4.0,4.756267560693018
292,654,5.0,4.863678359046464
292,657,5.0,4.93594222055684
292,659,5.0,4.8116867650860735
292,661,5.0,4.861466657902132
292,705,4.0,4.714182608972196
292,855,5.0,4.493585229076862
292,919,5.0,4.459671840239343
292,1010,4.0,4.091686961043553
292,1014,3.0,3.719176435140354
292,1039,4.0,4.716266031017283
292,1050,4.0,4.41826313556653
293,2,3.0,2.4442848858506423
293,5,3.0,2.6631917611585183
293,8,3.0,3.5618806748840237
293,12,4.0,4.040336116578717
293,16,2.0,2.9655870005761944
293,22,3.0,3.607398061696711
293,23,4.0,3.9216765331069183
293,27,3.0,2.3841397872976198
293,31,2.0,3.084508049729877
293,33,2.0,2.664757444097745
293,36,1.0,1.8092120692930211
293,39,3.0,3.037377226048894
293,53,3.0,2.6132691408569526
293,54,3.0,2.614739481984804
293,55,4.0,3.252034257579915
293,56,4.0,3.884953567694912
293,64,5.0,4.065332930808304
293,68,3.0,2.6865267812464872
293,69,3.0,3.4264822680742903
293,71,4.0,3.2548044795777584
293,76,3.0,2.922067564549244
293,79,3.0,3.5400602141762803
293,82,4.0,3.0782823980844713
293,87,4.0,3.595800726254639
293,91,2.0,3.413303066012624
293,92,4.0,3.2617131752620026
293,99,3.0,3.4469565042051085
293,124,4.0,3.626976059715431
293,125,2.0,2.7260197299487405
293,132,4.0,3.773170348160269
293,134,5.0,4.168424651438768
293,135,5.0,3.887269356842314
293,137,3.0,3.714109036181772
293,139,3.0,2.0837021327893863
293,144,4.0,3.3922306783758955
293,147,2.0,2.6888840082334053
293,148,1.0,2.4052142070892475
293,151,4.0,3.301435267485383
293,153,4.0,3.413590667697391
293,155,2.0,2.074495404235874
293,156,4.0,3.608076622856911
293,157,5.0,3.409679592841724
293,158,2.0,1.7704126461392833
293,164,4.0,2.9794470935490343
293,166,3.0,3.86416566516534
293,167,3.0,2.365150429484228
293,172,5.0,3.7524354054028306
293,181,3.0,3.4681408282033845
293,183,4.0,3.7179228770136956
293,188,3.0,3.3618196624197236
293,194,4.0,3.800603850473783
293,195,3.0,3.5379184192169673
293,202,3.0,3.314779690112697
293,206,4.0,3.0403194143802947
293,208,3.0,3.546293303626466
293,209,3.0,3.691509569712188
293,210,3.0,3.400663480420145
293,215,4.0,3.2416013594748874
293,216,4.0,3.4950265025813336
293,226,1.0,2.5577872524311998
293,227,2.0,2.6691795059814467
293,228,3.0,3.248235292328897
293,239,3.0,2.808999961298162
293,249,3.0,2.6661108893107155
293,251,4.0,3.697317938191262
293,255,3.0,2.5231655457480415
293,257,2.0,3.0392945518062735
293,264,3.0,2.3547168344955454
293,280,2.0,2.1193607979949594
293,282,2.0,2.832633984413422
293,288,3.0,2.905619450373915
293,293,4.0,3.1675102649513183
293,298,4.0,2.9769541524407557
293,300,2.0,2.9330511063028535
293,322,2.0,2.386236328835919
293,325,2.0,2.151758325175731
293,328,2.0,2.6687332372224226
293,346,3.0,3.527014618841357
293,347,2.0,3.328270700052698
293,366,2.0,2.2753981707757185
293,380,2.0,2.6022107568127484
293,386,2.0,2.2208532235279788
293,401,1.0,2.2005840233317735
293,405,1.0,2.5444317278732864
293,412,1.0,2.1519205535087
293,414,4.0,3.363584585089509
293,419,3.0,3.3557017965446434
293,421,3.0,3.1493539046125463
293,423,3.0,3.4129032910312347
293,425,4.0,3.436008906279726
293,426,1.0,2.1293480354575487
293,430,3.0,3.847966478913677
293,435,4.0,3.737653082169959
293,443,4.0,3.6686113850995814
293,445,4.0,3.438265542657481
293,447,4.0,2.9951196009682706
293,461,2.0,3.53135630346342
293,464,3.0,3.3476482371066134
293,466,3.0,3.2826634046668524
293,467,4.0,3.6543616315194667
293,471,3.0,2.740073793644871
293,474,5.0,4.0715519077097495
293,479,4.0,4.078001339086576
293,480,5.0,4.200035817824279
293,484,5.0,4.038696748633457
293,485,3.0,3.452724621881983
293,496,5.0,3.689999112963106
293,504,4.0,3.7914937652342697
293,514,4.0,3.783138035121537
293,521,3.0,3.7171841018335887
293,553,3.0,2.378896277783057
293,554,1.0,2.1602324189595494
293,559,2.0,2.4911762840538456
293,566,3.0,2.8199313377483888
293,572,2.0,2.1246026448016355
293,583,3.0,2.601542520168451
293,603,5.0,4.0826053923298
293,605,3.0,3.1400925480014807
293,616,3.0,3.4858304876137898
293,619,1.0,2.3251304920772142
293,627,2.0,2.511061699331452
293,629,3.0,3.1030821855324313
293,632,3.0,3.7031357362492403
293,637,3.0,2.8147394831650905
293,642,3.0,3.2824649125518097
293,646,3.0,3.864405034303802
293,647,5.0,3.9563235385975553
293,649,4.0,3.4142957272186294
293,653,5.0,3.8168449960085815
293,654,5.0,4.093905428412236
293,655,3.0,3.519955288611184
293,657,4.0,4.051934144158108
293,665,2.0,2.249318829812832
293,679,2.0,2.5621673679664196
293,685,3.0,2.4065429660510134
293,705,5.0,3.661694895069725
293,708,3.0,3.2488664715466804
293,710,3.0,3.0277537072838605
293,720,1.0,2.07857611294033
293,724,3.0,2.856746057544136
293,729,2.0,2.760050747153563
293,739,2.0,2.3848318229301664
293,747,2.0,2.945535985386671
293,748,2.0,2.4030088720556875
293,751,3.0,2.886023864571394
293,761,2.0,2.3521936215788264
293,770,3.0,3.1376211064140604
293,779,1.0,1.8386410425123711
293,781,2.0,2.4631289940249648
293,804,1.0,2.400093464983082
293,843,3.0,2.3187042590570313
293,845,2.0,2.746991469865179
293,849,2.0,2.0499215243451916
293,866,3.0,2.251945320962519
293,871,1.0,1.6452020482798784
293,924,2.0,2.68918353191152
293,931,1.0,1.5128545636356354
293,943,2.0,3.01342701055171
293,977,2.0,1.9421180803393479
293,1011,3.0,2.6697752403706785
293,1017,3.0,3.046922094243469
293,1042,3.0,2.1205504039048835
293,1046,1.0,2.329583546343056
293,1057,2.0,1.851927858513495
293,1098,2.0,3.4162635621340844
293,1101,3.0,3.4714530112219393
293,1132,3.0,2.1707828136961
293,1147,4.0,3.0727403407206593
293,1161,2.0,2.846230144478011
293,1217,1.0,1.9082115413107563
293,1220,2.0,2.4439039436681957
293,1226,3.0,3.061339539395704
293,1267,3.0,2.727413309215323
294,7,4.0,4.0756278789704705
294,10,3.0,4.077972948689537
294,24,4.0,3.6952049009688333
294,79,4.0,4.369862348932608
294,105,3.0,2.837749365130003
294,109,4.0,3.8204504098583265
294,118,3.0,3.4585350721094255
294,120,2.0,2.517659612078293
294,125,3.0,3.749006879803114
294,127,5.0,4.634713561256149
294,147,4.0,3.64775145611611
294,222,4.0,3.941463607501208
294,245,3.0,3.5318641607133663
294,246,4.0,4.251143515143744
294,248,5.0,3.940854623582158
294,250,5.0,3.7426533626415344
294,260,4.0,3.0796252461426987
294,264,2.0,3.203087085352796
294,271,5.0,3.6939816577949722
294,282,3.0,3.8830658933761546
294,288,5.0,3.8722651143707902
294,299,3.0,3.0956603194779824
294,300,4.0,4.013443833134881
294,322,1.0,3.4617302973271
294,325,3.0,3.152745195625911
294,327,3.0,3.8335641780353535
294,343,4.0,3.6217591175150785
294,346,3.0,4.049037186207999
294,350,4.0,3.3742319004591272
294,355,4.0,3.1372412206006763
294,358,2.0,3.105880989169549
294,406,2.0,2.9028568549062097
294,411,3.0,3.346063565589181
294,471,4.0,3.795344810502399
294,475,5.0,4.139217634751237
294,483,4.0,4.714124851140064
294,508,4.0,3.983124542720812
294,539,4.0,3.127877473285707
294,544,4.0,3.4636099060277665
294,547,3.0,3.8129984351475374
294,603,5.0,4.6677108073336635
294,676,3.0,3.681816588798037
294,678,2.0,3.2222134741530843
294,689,3.0,3.4220316864114007
294,742,4.0,3.8220241795611094
294,748,3.0,3.48231945145385
294,749,3.0,3.548184851929799
294,751,4.0,3.8071699191757356
294,823,3.0,3.14096035855256
294,825,3.0,3.30200943398021
294,826,1.0,2.913147041927674
294,876,3.0,3.0841625370278867
294,895,4.0,3.490639986457508
294,902,4.0,4.029267014664526
294,926,3.0,3.0648130158963545
294,930,3.0,2.966103835204991
294,931,3.0,2.609324107081561
294,979,3.0,3.4676132901594023
294,1007,4.0,4.313978693316558
294,1013,2.0,2.6032936572317595
294,1016,4.0,3.702115051954078
294,1067,4.0,3.7971991941928556
294,1132,4.0,2.9767136826159475
294,1161,3.0,3.477526857317766
294,1199,2.0,3.1882354350621944
294,1245,3.0,3.1745084265924666
295,4,4.0,4.50765087630928
295,7,5.0,4.674186770583653
295,25,5.0,4.4644827200819694
295,39,4.0,4.390568360059527
295,42,3.0,4.673356987617733
295,47,5.0,4.649322987164529
295,53,1.0,4.056431633624677
295,67,4.0,3.8369560674343397
295,68,4.0,4.342418104216226
295,72,4.0,4.189022021004623
295,73,4.0,4.3979373881574695
295,82,4.0,4.546407738487584
295,86,5.0,4.978890174932259
295,88,4.0,4.504381786739945
295,94,4.0,4.011998168138662
295,98,5.0,5.0
295,99,4.0,4.685196270084615
295,102,4.0,4.102584877413411
295,115,5.0,4.360886293378786
295,133,4.0,4.9189533312189315
295,142,4.0,4.158116056319194
295,151,4.0,4.645419463036988
295,153,5.0,4.6945562470119935
295,154,5.0,4.784797959831145
295,157,5.0,4.640267278984087
295,159,4.0,4.105514215258182
295,162,4.0,4.654347626752193
295,164,5.0,4.471520129479291
295,172,4.0,5.0
295,173,5.0,5.0
295,174,4.0,5.0
295,183,1.0,4.869984639794527
295,190,4.0,5.0
295,191,5.0,5.0
295,194,4.0,4.994063989995731
295,210,4.0,4.794773346813874
295,215,5.0,4.616624742218285
295,218,5.0,4.328665205464485
295,226,4.0,4.199355257842672
295,235,4.0,3.8981565888931735
295,241,5.0,4.4566386954878
295,290,4.0,4.11205142929066
295,318,5.0,5.0
295,371,4.0,4.515111061824931
295,378,4.0,4.7488715590661945
295,380,4.0,4.291510654448581
295,389,4.0,4.444279082034504
295,395,4.0,3.4999828887568687
295,401,3.0,3.92522260200165
295,404,4.0,4.4977438462317005
295,405,5.0,4.115140372193633
295,412,2.0,3.6726742407614776
295,414,4.0,4.624115743320214
295,419,4.0,4.665716626825686
295,423,4.0,4.744093937291037
295,435,5.0,4.880552775005098
295,450,4.0,3.6409966351639462
295,483,5.0,5.0
295,485,4.0,4.903090180149134
295,493,5.0,5.0
295,496,5.0,5.0
295,498,5.0,5.0
295,504,4.0,4.877129663311537
295,570,3.0,3.9777554802228465
295,588,4.0,4.676766240630463
295,602,5.0,4.869569093264301
295,624,5.0,4.117387787135813
295,642,4.0,4.543366463831784
295,648,4.0,5.0
295,655,5.0,4.780005960907607
295,704,5.0,4.49609210904783
295,722,4.0,3.900830529252766
295,727,5.0,4.529811827532098
295,736,5.0,4.85594327208554
295,737,5.0,4.3685594241806
295,739,4.0,4.184552168921108
295,747,4.0,4.618201869617922
295,812,4.0,4.097004458006548
295,843,4.0,3.9247141677747477
295,946,2.0,4.116538483714687
295,961,5.0,4.911135801448319
295,966,5.0,5.0
295,997,3.0,3.89994612687981
295,1028,5.0,3.967793173549334
295,1039,4.0,4.864027314799446
295,1040,2.0,3.77996221156996
295,1115,5.0,4.580670935592389
295,1133,4.0,3.9977778489466225
295,1135,4.0,4.106209426375227
295,1170,5.0,4.326552944412752
295,1188,3.0,3.5958563808763104
295,1221,5.0,4.563128535471568
295,1401,5.0,4.232758630788745
295,1446,4.0,3.898137110836157
295,1459,5.0,4.19680739653427
295,1503,2.0,4.530594474048871
296,10,2.0,4.610072041238203
296,14,4.0,4.7021429228589
296,15,3.0,4.5360304859238845
296,20,5.0,4.2555302246149
296,22,4.0,4.950312956938418
296,24,2.0,4.238305995278747
296,32,4.0,4.8081734165559595
296,45,5.0,5.0
296,48,5.0,5.0
296,56,5.0,4.895613551700731
296,83,5.0,4.8937632665021145
296,89,5.0,5.0
296,96,5.0,4.847824578801713
296,98,5.0,5.0
296,117,3.0,4.428148040068148
296,121,5.0,4.236627230506463
296,124,5.0,4.917603305717217
296,134,5.0,5.0
296,151,2.0,4.5039319440171734
296,172,5.0,5.0
296,179,4.0,4.921881676226231
296,204,5.0,4.7207081800479935
296,210,3.0,4.760660097652764
296,222,5.0,4.421946591084415
296,228,4.0,4.790777665050671
296,238,4.0,4.7898634109018
296,240,1.0,3.732873758181329
296,242,4.0,4.867570669360129
296,248,5.0,4.398480388076456
296,255,2.0,4.04659811929496
296,258,5.0,4.550522347724495
296,268,4.0,4.47102984810011
296,269,5.0,4.693019992544087
296,272,5.0,4.970120042782866
296,274,4.0,4.314256138063239
296,275,4.0,4.805478139926365
296,277,5.0,4.381365653240498
296,279,4.0,4.192801711541837
296,281,2.0,4.092484488859079
296,284,4.0,4.056284882913157
296,286,5.0,4.591880328789304
296,292,5.0,4.339684840833735
296,298,1.0,4.398604477719539
296,309,1.0,3.556351271650915
296,427,5.0,5.0
296,429,5.0,4.932677813669016
296,435,5.0,4.875782233426587
296,455,1.0,4.002838251855063
296,475,4.0,4.6099662874345775
296,482,5.0,4.978660582953741
296,484,4.0,5.0
296,485,5.0,4.675152492025921
296,504,5.0,4.838160342817179
296,508,5.0,4.456445244443949
296,510,5.0,4.843376794860701
296,544,4.0,4.164245829612572
296,652,4.0,4.587662951104288
296,654,5.0,5.0
296,685,4.0,4.198218451190077
296,705,5.0,4.855679610382914
296,750,5.0,4.696206611228314
296,815,3.0,3.9153136665419805
296,845,5.0,4.31483060101684
296,846,2.0,3.722032897202839
296,855,5.0,4.719049094529362
296,923,5.0,5.0
296,948,1.0,3.0539111515107384
296,950,4.0,4.299619335272414
296,961,5.0,4.54705942026299
296,963,5.0,4.928322840234899
296,1009,3.0,4.14135711218576
296,1073,5.0,4.736949634326171
296,1142,5.0,4.90500698332555
297,7,4.0,3.710108044595199
297,12,5.0,4.166847992936431
297,20,4.0,3.4108960933831254
297,22,4.0,3.8484858272237474
297,24,4.0,3.2735341638365316
297,25,4.0,3.3667361324055043
297,31,3.0,3.405456453132426
297,47,2.0,3.5362848960740645
297,50,5.0,4.066280334012035
297,56,5.0,3.872723819190102
297,57,5.0,3.605008564262268
297,70,5.0,3.585280949347784
297,73,2.0,3.222203875169493
297,79,3.0,3.8217844670852523
297,86,5.0,3.7296036641928896
297,89,4.0,3.9726714771521254
297,95,3.0,3.465884450580946
297,97,5.0,3.5419346953954913
297,98,5.0,4.030956577541609
297,102,1.0,2.9013529236613897
297,108,4.0,3.028975275160177
297,116,4.0,3.773016305610794
297,118,3.0,3.00197520652831
297,128,4.0,3.2821126542347403
297,129,4.0,3.572155948260111
297,133,4.0,3.6688819548545633
297,135,4.0,3.9150526000768986
297,137,5.0,3.7983191550393776
297,143,5.0,3.5130854828183806
297,157,2.0,3.516022035972532
297,173,4.0,3.9172823859167587
297,175,4.0,3.725023114834414
297,176,4.0,3.7576688425934925
297,182,3.0,3.8414140962002095
297,183,4.0,3.8821251684820073
297,194,3.0,3.8503949834975466
297,195,1.0,3.6880338354903133
297,197,3.0,3.9330988106693234
297,198,3.0,3.888498151201168
297,201,4.0,3.4422963829334483
297,202,3.0,3.5930923875909393
297,204,3.0,3.586770527123036
297,209,4.0,3.787210293887318
297,216,4.0,3.7882887269378043
297,218,3.0,3.327619608433547
297,222,4.0,3.47067260145663
297,223,5.0,4.058312588451885
297,231,3.0,2.575537747957193
297,233,2.0,2.9998391279457026
297,234,3.0,3.636026418376113
297,235,2.0,2.841725014395662
297,238,5.0,3.755130742886846
297,245,3.0,3.096770409508703
297,250,1.0,3.2988355712164443
297,257,3.0,3.660981378705953
297,267,3.0,2.3784314397961985
297,269,4.0,3.913627728497825
297,272,5.0,4.191384628773903
297,273,4.0,3.447077489516762
297,275,5.0,3.9361844884238706
297,277,3.0,3.3856877313490683
297,282,3.0,3.4749740106616813
297,286,5.0,3.5945686340851193
297,293,3.0,3.6755112635231244
297,300,3.0,3.5462554246653317
297,301,4.0,3.2419489281761305
297,307,4.0,3.405233391222088
297,326,2.0,3.1562956730161735
297,423,3.0,3.61609587008067
297,432,4.0,3.6708002361998773
297,435,3.0,3.778459848420475
297,443,2.0,3.6914310026911967
297,448,3.0,3.3420309053826047
297,471,3.0,3.4275168880361675
297,475,5.0,3.6629967511782597
297,480,4.0,4.1003912639243305
297,515,5.0,4.095555641337766
297,574,1.0,2.159951636563182
297,588,4.0,3.4020380045392327
297,596,3.0,3.2216479450478115
297,625,3.0,3.144852169064933
297,628,4.0,3.3063833932246034
297,629,3.0,3.1954220403740154
297,652,3.0,3.7840837323462058
297,678,3.0,2.7681715734768977
297,687,2.0,1.9672370531505488
297,692,3.0,3.3866505526007584
297,699,4.0,3.493479290545587
297,705,2.0,3.816142010728904
297,716,3.0,3.0102389067695503
297,736,4.0,3.647535696062386
297,742,3.0,3.37368285064322
297,748,2.0,3.03492678061711
297,864,3.0,3.0260305817078246
297,1007,4.0,3.7500948556872293
297,1014,3.0,2.9795634939166256
297,1016,3.0,3.228018689470289
297,1217,1.0,2.615088049580902
297,1296,4.0,3.0924518698642616
298,8,5.0,4.784067655054046
298,28,4.0,4.826776497722964
298,69,4.0,4.76758312910254
298,71,5.0,4.5530541502737565
298,91,2.0,4.463225457586921
298,98,4.0,5.0
298,99,3.0,4.614945555666558
298,144,4.0,4.716781596102399
298,151,3.0,4.452315138707094
298,152,3.0,4.597039722829532
298,172,4.0,5.0
298,178,5.0,5.0
298,181,4.0,4.722051710036498
298,185,3.0,4.969818000412072
298,195,4.0,4.759380064909436
298,197,4.0,4.876908605605205
298,200,3.0,4.705189533589944
298,202,3.0,4.635159581396013
298,203,3.0,4.698615285312015
298,213,3.0,4.779781522765831
298,237,5.0,4.304363510230351
298,252,4.0,3.694748256661375
298,261,4.0,3.679771696285078
298,274,3.0,4.201330995477515
298,281,3.0,3.895155739302993
298,286,4.0,4.374467921342491
298,311,3.0,4.315183036996783
298,317,4.0,4.8208087068925245
298,418,4.0,4.379323148718342
298,432,4.0,4.710065172010941
298,465,4.0,4.362471923251047
298,473,3.0,3.98497560163661
298,474,4.0,5.0
298,477,4.0,3.9572112438009035
298,486,3.0,4.687780419370424
298,496,5.0,4.9808381659400895
298,498,5.0,4.869341681106846
298,502,5.0,4.5414292126863565
298,503,4.0,4.5010291518731815
298,507,4.0,4.646208520414234
298,596,3.0,4.031692530710155
298,625,4.0,4.175601904120359
298,651,5.0,4.862004233313649
298,652,3.0,4.680423406794631
298,660,3.0,4.545609893794973
298,842,4.0,4.000811788013126
298,993,4.0,4.196297645486802
298,1142,4.0,4.735185791603259
298,1346,3.0,3.909538852503768
299,13,4.0,3.4458993902890303
299,14,4.0,3.7976664989158633
299,17,1.0,3.206541214861308
299,24,3.0,3.2618436875088768
299,26,4.0,3.3984919461244205
299,32,3.0,3.924415915803793
299,50,4.0,4.039522498490602
299,52,4.0,3.8428402808488826
299,56,4.0,3.9612117731387664
299,59,5.0,4.163116192812682
299,67,2.0,2.781396695257887
299,70,3.0,3.668643338362986
299,71,3.0,3.3787527768967243
299,73,2.0,3.2344136813944124
299,86,4.0,3.7947917907410917
299,95,3.0,3.545216961335816
299,100,3.0,3.961979278370113
299,101,2.0,3.3454690337754474
299,111,3.0,3.2282656102460985
299,115,3.0,3.2859888749415136
299,127,5.0,4.160954597073643
299,134,4.0,4.295033207527648
299,135,4.0,3.9665628541781204
299,136,4.0,3.992019879719444
299,137,4.0,3.757767608246887
299,143,3.0,3.5199116060607993
299,144,4.0,3.6928952336372425
299,150,5.0,3.5546854645557797
299,151,4.0,3.5194872613139414
299,168,4.0,3.998754674730117
299,170,5.0,4.09176034286205
299,173,5.0,3.986256872019511
299,174,4.0,4.011227172587199
299,175,5.0,3.822739126328816
299,176,4.0,3.7946997764554147
299,181,3.0,3.719481407626152
299,182,3.0,3.9311592143522365
299,186,3.0,3.7253514693033414
299,198,4.0,3.985498925378707
299,208,4.0,3.7483484622010677
299,210,4.0,3.6700724304045576
299,216,5.0,3.7750221803891275
299,222,2.0,3.4342517369746877
299,229,3.0,2.98790957741386
299,235,1.0,2.8162488517340365
299,238,4.0,3.865282332854106
299,240,2.0,2.7240326077548804
299,257,2.0,3.461783370538497
299,270,4.0,3.3635157557708664
299,271,3.0,3.0347248285193924
299,276,4.0,3.603944843922636
299,278,3.0,2.819326297807351
299,285,5.0,3.959451580463044
299,286,4.0,3.5321545182636647
299,294,2.0,2.9368342866058366
299,297,3.0,3.743457183476727
299,303,3.0,3.660509953554634
299,305,3.0,3.4058129206693826
299,318,4.0,4.212115631018017
299,333,4.0,3.1572344627954316
299,343,3.0,2.9379925124956197
299,347,4.0,3.4552670789880597
299,367,4.0,3.412101484983299
299,378,3.0,3.4912227030766254
299,387,2.0,3.424515968330171
299,393,2.0,3.093506728507002
299,418,4.0,3.276709332035936
299,423,3.0,3.5563286181107183
299,433,5.0,3.669161943899026
299,462,5.0,4.012908934000334
299,475,4.0,3.683135709243826
299,479,4.0,4.24750047515907
299,482,4.0,4.053328953408862
299,485,4.0,3.6734588423919594
299,496,3.0,3.8761129547443076
299,501,3.0,3.3228629343429175
299,509,4.0,3.9229420889330204
299,511,4.0,4.215343578304954
299,516,4.0,3.8761785996040263
299,522,3.0,3.822675470936547
299,543,5.0,3.780149215837909
299,546,3.0,2.847217368746791
299,553,3.0,3.0982312403530066
299,577,3.0,2.4568353946921273
299,582,2.0,3.7354149734760873
299,588,4.0,3.5453592069353483
299,602,3.0,3.7267186446962386
299,607,4.0,4.000898890671847
299,615,4.0,4.027506604372165
299,641,4.0,4.245642929976635
299,645,4.0,3.708290003938524
299,655,3.0,3.70004371176071
299,662,4.0,3.3088781724171663
299,702,4.0,3.392954915480858
299,710,4.0,3.5180818006579417
299,715,4.0,3.5037033606946943
299,724,3.0,3.428006051715421
299,739,3.0,2.969061325291592
299,742,4.0,3.2695041182180535
299,752,3.0,3.071217422036469
299,778,4.0,3.4878699322874147
299,847,4.0,3.7895042694978884
299,889,3.0,3.6388384059002044
299,916,3.0,2.606912261923174
299,919,3.0,3.8620772615548185
299,921,3.0,4.070737681710183
299,936,4.0,3.758753647110002
299,950,2.0,3.219490497492081
299,954,3.0,3.449629853987041
299,955,4.0,3.4089941437268747
299,959,2.0,3.6863029057794856
299,971,2.0,3.8866725340642194
299,998,2.0,2.6284152815642594
299,1018,3.0,3.504387285491419
299,1020,4.0,3.9383748185764205
299,1021,3.0,3.875544703710289
299,1039,4.0,4.07889516659306
299,1047,2.0,2.5340335221871424
299,1073,4.0,3.826273874155164
299,1074,3.0,2.9975540149798734
299,1119,4.0,3.415710552842675
299,1132,1.0,2.6672513720100612
299,1141,4.0,3.236268462157722
299,1214,2.0,2.711146831177803
299,1227,1.0,2.6815576304467283
299,1322,3.0,2.7404600210672023
300,100,3.0,4.360945786041455
300,243,4.0,2.8674933909489684
300,257,4.0,3.941246514173463
300,261,3.0,3.493461522046931
300,322,4.0,3.454447746774403
300,328,3.0,3.6052114984496018
300,872,5.0,4.081038055712134
300,948,4.0,3.193676979189142
301,1,4.0,4.244875957983704
301,2,2.0,3.6919035574614494
301,7,4.0,4.1720492576909765
301,8,4.0,4.236760572549605
301,9,3.0,4.060327296250697
301,11,4.0,4.219125320860648
301,22,4.0,4.498286676018131
301,25,3.0,3.706967033206526
301,31,3.0,4.0600693838894895
301,33,4.0,3.708570407286127
301,53,1.0,3.3270123505622755
301,54,3.0,3.721472278477466
301,56,4.0,4.367333266370784
301,58,4.0,3.9666348050274096
301,66,4.0,3.66803108244335
301,67,2.0,3.282733950015642
301,77,3.0,3.5834256818671126
301,79,5.0,4.3789241521037745
301,88,4.0,3.7980929880215406
301,89,2.0,4.404227167662208
301,95,5.0,4.047035903071061
301,96,5.0,4.338329283562588
301,98,4.0,4.560702637193395
301,99,4.0,3.9467709697957583
301,105,3.0,3.014784731253097
301,120,2.0,2.6929861048133326
301,123,4.0,3.4819823562569634
301,138,2.0,2.9535165153416134
301,151,2.0,3.9415741700529114
301,152,3.0,3.9849626087057857
301,153,3.0,4.0580287982045125
301,154,4.0,3.9140192676822125
301,159,3.0,3.4768955211693586
301,160,2.0,3.78416291759248
301,161,3.0,3.83727891976968
301,164,3.0,3.9022096089619254
301,168,4.0,4.35258763982237
301,172,5.0,4.5538104917696245
301,173,4.0,4.45134926228463
301,174,5.0,4.583453621488519
301,176,4.0,4.281247285612984
301,179,3.0,4.104770533399851
301,180,3.0,4.297616746092825
301,182,5.0,4.264016375810545
301,184,4.0,3.8209704231495243
301,187,4.0,4.493169328817111
301,191,3.0,4.432810410961322
301,194,4.0,4.288258683246009
301,199,4.0,4.488593234653519
301,201,4.0,3.7986290266117972
301,202,5.0,4.086653602384768
301,204,5.0,4.170088924938163
301,215,5.0,3.9335869338531
301,216,4.0,4.14159020030705
301,222,4.0,4.042526137014406
301,227,3.0,3.689737106511953
301,229,3.0,3.4729279797806205
301,230,4.0,3.8345052710974175
301,231,2.0,3.1395350357770138
301,239,2.0,3.9048448332235917
301,241,3.0,3.908925843061355
301,252,3.0,3.3358479784535193
301,269,5.0,4.133213901619881
301,273,1.0,4.030051802093312
301,276,1.0,3.8406039401035605
301,281,4.0,3.630539039244162
301,300,4.0,3.9781758202578095
301,333,4.0,3.9194279453927714
301,357,5.0,4.4794379676056195
301,380,4.0,3.6202656636215216
301,384,5.0,3.145506209550434
301,385,3.0,4.029367809327398
301,395,1.0,3.0136402772220654
301,401,4.0,3.076435545155656
301,407,2.0,2.8743750702498487
301,410,4.0,3.4889729794646094
301,411,1.0,3.3651121626782303
301,419,3.0,3.9461035235936843
301,423,1.0,4.1422357690440945
301,427,4.0,4.480391427031651
301,443,4.0,3.930622615753295
301,456,3.0,2.8447854960634347
301,470,4.0,3.9290985694982083
301,483,4.0,4.657447097673788
301,496,5.0,4.40809289270873
301,511,4.0,4.45640271095577
301,514,3.0,4.174910885211502
301,515,3.0,4.55446770864787
301,519,4.0,4.072826612471692
301,523,4.0,4.281858329761507
301,552,3.0,3.117799770753442
301,554,3.0,3.173933429699786
301,566,3.0,3.930838072162257
301,582,2.0,3.842113625775274
301,597,3.0,3.577541673567217
301,604,4.0,4.1253943957015755
301,606,3.0,4.105673178565508
301,610,3.0,3.8402403590463887
301,631,1.0,3.7572814769776337
301,651,5.0,4.334175189249836
301,660,4.0,3.9526556814101235
301,673,4.0,3.8002564374366967
301,684,3.0,4.079815163502799
301,686,4.0,3.7925885023541235
301,692,3.0,3.938555531109491
301,710,3.0,3.7708576612067715
301,719,4.0,3.0239119664119554
301,732,4.0,3.9279004233323467
301,737,2.0,3.3326745614053346
301,743,2.0,2.626553654578941
301,756,4.0,3.321861721597802
301,771,2.0,3.0994747672546565
301,772,3.0,3.514107017110413
301,790,4.0,3.161744079538903
301,831,4.0,3.0696166754598746
301,849,4.0,3.1928637876088555
301,864,4.0,3.508823684310838
301,871,4.0,2.848360999359916
301,1012,4.0,3.856896994167126
301,1028,5.0,3.4401370309451176
301,1035,4.0,3.4661396450126087
301,1091,3.0,2.944378597815217
301,1112,4.0,3.1745388164497874
301,1228,4.0,2.905541781297096
302,245,2.0,2.186104439441897
302,258,3.0,2.81533338580331
302,270,2.0,2.957447093574232
302,299,2.0,2.125587303333502
302,303,2.0,2.9977677413801804
302,307,4.0,2.6793302046053125
302,309,2.0,1.7903071920124312
302,322,2.0,2.023039631895039
302,323,2.0,1.890563420186167
302,328,3.0,2.3095367073140167
302,879,2.0,2.3041769903136062
303,9,5.0,4.233641267895987
303,15,3.0,3.8297064739965947
303,24,3.0,3.671555009191608
303,26,4.0,3.8262732549483527
303,31,3.0,4.006850264021452
303,38,1.0,2.833064211869202
303,42,5.0,4.275965334921336
303,43,3.0,3.103395454704078
303,44,4.0,3.671377821678388
303,49,2.0,3.4915990090695583
303,55,4.0,4.095530575689333
303,62,2.0,3.2421150978359172
303,65,4.0,3.947846194356903
303,67,5.0,3.027122862347711
303,68,4.0,3.630787145142179
303,69,5.0,4.242704586265306
303,79,5.0,4.387127850874872
303,80,4.0,2.759221334294195
303,87,3.0,4.4594608014382136
303,91,5.0,3.9829600718925073
303,94,3.0,3.1468395506526248
303,96,5.0,4.223909960338143
303,99,4.0,4.150746392352829
303,118,2.0,3.197615895069972
303,120,2.0,2.045349749984405
303,122,4.0,2.916615251797032
303,125,2.0,3.5482794315171557
303,129,5.0,4.009893305712716
303,134,5.0,4.8661426513139885
303,139,3.0,2.8930554250120233
303,141,3.0,3.716331215157706
303,145,1.0,2.6418216414919993
303,152,4.0,4.223748035843365
303,153,5.0,4.277753081306489
303,158,3.0,2.68919848610987
303,159,3.0,3.4187627093938238
303,160,4.0,3.955893566085902
303,161,5.0,3.6106867630614667
303,164,4.0,3.7978743191929896
303,167,3.0,3.2195942934812662
303,172,5.0,4.573484811551484
303,176,5.0,4.384324988274676
303,179,5.0,4.485205004514027
303,181,5.0,4.364163123363541
303,182,5.0,4.5199510691129
303,183,5.0,4.461336301375609
303,184,5.0,3.764421836914946
303,185,5.0,4.672864329191538
303,186,4.0,4.220283189582239
303,194,5.0,4.5407544433766445
303,200,4.0,4.303556692711295
303,201,5.0,3.908324969783966
303,202,5.0,4.237632406365293
303,203,5.0,4.326928674273143
303,208,5.0,4.292549797067406
303,209,5.0,4.415569855550148
303,210,4.0,4.274577576266676
303,218,4.0,3.7295147409490683
303,219,5.0,3.4215533411011565
303,226,4.0,3.432714340056676
303,229,3.0,3.2565580087918082
303,231,4.0,2.878652780617104
303,232,4.0,3.5079504077789054
303,233,4.0,3.3417749531704226
303,234,5.0,4.256678133717178
303,235,4.0,3.21326331350879
303,237,5.0,3.815200057108376
303,245,3.0,3.02702688937164
303,248,2.0,3.9620578508692232
303,249,4.0,3.621268234691205
303,252,3.0,2.984580558498614
303,257,4.0,3.906345071095831
303,260,3.0,2.7397819482474506
303,262,5.0,3.978877133417031
303,268,5.0,4.1944954559499195
303,273,3.0,3.7624760302205766
303,276,4.0,3.97974858708619
303,277,3.0,3.889350630129536
303,286,5.0,3.98342684450164
303,288,4.0,3.559103530847026
303,291,3.0,3.3605868449511536
303,294,4.0,3.2145425846791515
303,300,1.0,3.4761280081595216
303,302,4.0,4.3589607353718165
303,318,5.0,4.845783453074533
303,323,1.0,2.6935932596235004
303,325,1.0,2.8659518159608837
303,326,2.0,3.208276938700889
303,327,1.0,3.6346302779723727
303,330,3.0,3.0749408751018175
303,358,2.0,2.652185938776241
303,364,2.0,2.5513949905217403
303,366,3.0,3.1354962103213597
303,367,4.0,3.891624237054237
303,369,1.0,2.5349358193491134
303,373,2.0,2.5689433149984464
303,376,2.0,2.603986233020386
303,384,3.0,2.871089931636199
303,391,1.0,2.4836546283077956
303,393,4.0,3.555256373865956
303,396,4.0,3.0547230166282695
303,397,1.0,2.5509707820884704
303,398,1.0,1.9757213128067916
303,404,4.0,3.937040896154654
303,408,4.0,4.818307730076313
303,410,4.0,3.467730891332591
303,411,4.0,3.1159049966841335
303,416,3.0,3.781472382452151
303,418,4.0,3.830622014363712
303,421,4.0,3.9646187755764486
303,426,3.0,3.292996598139081
303,430,4.0,4.547025207382594
303,433,4.0,4.157860836287011
303,435,5.0,4.3775043970860485
303,436,4.0,3.9149193378021288
303,449,4.0,2.9642862284351086
303,450,3.0,2.4829754517309977
303,451,5.0,3.4574363873732317
303,452,2.0,2.6978526879614293
303,460,4.0,3.2551882170604065
303,462,3.0,4.37610414856729
303,473,4.0,3.4563882950893987
303,476,3.0,3.0903673205667768
303,480,4.0,4.884103597782956
303,483,5.0,4.900883634025828
303,506,4.0,4.303022048325428
303,507,5.0,4.408014875363636
303,531,4.0,4.329854602511887
303,541,3.0,2.760244883922301
303,545,2.0,2.057355755385919
303,549,3.0,3.7357709904901966
303,551,2.0,2.751522942312854
303,558,4.0,3.953625323468543
303,568,4.0,3.8498899876134094
303,574,1.0,2.6382179311459857
303,576,3.0,3.1033152778365776
303,578,2.0,3.1914873168559934
303,582,4.0,4.041723237950325
303,591,4.0,3.712690559570578
303,651,5.0,4.542649423968097
303,654,5.0,4.729114832105097
303,685,1.0,3.305873096670263
303,693,4.0,4.185338079885913
303,697,3.0,3.7164785994061265
303,700,3.0,2.9575803073172477
303,705,5.0,4.36911635746561
303,716,2.0,3.1992129095971054
303,722,2.0,2.844043661116466
303,729,3.0,3.797889423947394
303,735,4.0,4.192714513138606
303,738,2.0,2.987185335912719
303,739,5.0,3.365399662125555
303,742,4.0,3.6116719562875175
303,748,2.0,2.987255421482823
303,755,2.0,3.3693040035141597
303,759,1.0,1.5554340063615077
303,763,4.0,3.4809148343646084
303,765,3.0,2.754350703637427
303,778,4.0,3.729812415009887
303,779,1.0,2.5597085064165963
303,785,3.0,3.1482104683831857
303,792,5.0,4.233778717625801
303,809,2.0,2.979785845996246
303,815,3.0,3.047133898094872
303,820,3.0,2.8288189419906438
303,825,3.0,3.030799943816492
303,840,2.0,2.817849006883273
303,842,2.0,3.530030945827454
303,844,3.0,3.757524423683044
303,849,3.0,2.7767800442850743
303,867,3.0,4.461207131894139
303,919,4.0,4.082203669256245
303,926,2.0,2.602895022352191
303,940,2.0,2.5105027891628513
303,948,2.0,2.082294272433955
303,998,3.0,1.7755409291152742
303,1007,5.0,4.236213498475655
303,1011,2.0,3.566267546394126
303,1012,4.0,3.828682200559368
303,1014,3.0,3.2305170966309222
303,1016,3.0,3.4947444593669927
303,1021,4.0,4.3217121096132995
303,1037,3.0,1.9439735107546903
303,1047,2.0,2.6893513330317695
303,1048,4.0,3.213837748829346
303,1071,2.0,3.222567912823016
303,1088,2.0,1.8581723229743863
303,1090,1.0,2.430083870771405
303,1095,2.0,2.407584609734883
303,1098,4.0,4.1434856835553875
303,1109,4.0,3.5885863355103162
303,1118,3.0,3.667465940678076
303,1160,2.0,3.672180902537851
303,1178,2.0,2.091831548600192
303,1187,4.0,3.990870687968541
303,1188,4.0,2.916605644973915
303,1199,3.0,3.016646491967098
303,1210,1.0,2.349428286887883
303,1222,3.0,2.8756372129118453
303,1224,2.0,2.618789010286374
303,1226,4.0,3.6269572326438735
303,1239,1.0,2.1135411254740735
303,1258,2.0,2.2621122024001616
303,1267,3.0,3.363185067587784
303,1286,4.0,3.664903077087639
303,1303,3.0,2.338627334058644
303,1315,3.0,3.032792928084661
303,1508,1.0,2.902737691814916
304,237,5.0,3.7324255348349427
304,259,1.0,3.0997715898860716
304,271,4.0,3.281047436904002
304,275,4.0,3.674976822605464
304,288,3.0,3.5164917608833064
304,298,5.0,3.7117283333122284
304,310,3.0,3.6995568868148676
304,322,4.0,3.274447448777475
304,343,3.0,3.139472541500589
304,681,2.0,2.811714775511443
304,682,3.0,3.342568394045882
304,742,3.0,3.693207344921248
304,893,3.0,3.1337565137463717
305,7,4.0,3.425743258957649
305,11,1.0,3.479382869235728
305,14,4.0,3.7475562347709874
305,15,1.0,3.3194424773570343
305,50,5.0,3.848634407959752
305,52,2.0,3.643145018897883
305,56,1.0,3.7712416898003003
305,61,4.0,3.6392768249218186
305,71,3.0,3.2312197465760506
305,76,1.0,3.227052307934368
305,79,3.0,3.538635834490835
305,81,3.0,3.275814851173999
305,83,3.0,3.6102571677122772
305,87,1.0,3.610530323954424
305,98,4.0,3.8084456058022473
305,100,3.0,3.8593531882077663
305,117,2.0,3.2622843968780826
305,129,3.0,3.6557427024032876
305,131,3.0,3.2748573556158975
305,134,5.0,3.9218227963421017
305,151,4.0,3.240945052964656
305,154,4.0,3.274942945455653
305,156,4.0,3.6613662450629305
305,169,5.0,4.014929530537661
305,174,3.0,3.806493584262543
305,175,4.0,3.3650167095352055
305,178,4.0,3.896513433901384
305,183,4.0,3.6444563463962534
305,186,4.0,3.412418209200028
305,187,4.0,3.7842813780394224
305,188,2.0,3.3896483005067948
305,189,5.0,3.6995520119909964
305,190,3.0,3.7515912942458955
305,192,2.0,3.8666706239099513
305,201,3.0,3.1741461862465825
305,203,4.0,3.414896720759997
305,204,2.0,3.3643108045405365
305,207,5.0,3.5179460982447504
305,209,5.0,3.4632260583871535
305,210,3.0,3.4700428356083264
305,212,3.0,3.497275147797172
305,214,2.0,2.986028722441123
305,216,5.0,3.4567223987699363
305,237,2.0,3.3011853293528115
305,238,3.0,3.4846919824565634
305,239,3.0,3.0706815954504774
305,245,1.0,2.955626889035208
305,246,3.0,3.7475236688711706
305,249,3.0,3.0332772403610004
305,257,2.0,3.350608258611048
305,258,4.0,3.4644023909498647
305,268,3.0,3.568940913790647
305,272,3.0,3.960488305904607
305,289,4.0,2.9414177614054635
305,298,4.0,3.4301229712338337
305,302,4.0,4.0518781240881765
305,305,3.0,3.433722006889349
305,338,3.0,2.4745538633860376
305,347,3.0,3.371835028592122
305,357,5.0,3.9340799281490844
305,385,1.0,3.1623671854542135
305,403,2.0,3.022358279042768
305,405,3.0,2.9541006824849454
305,423,4.0,3.2995122775412233
305,425,4.0,3.461442470683532
305,427,5.0,3.8731273695671944
305,451,3.0,2.8129632365804684
305,471,4.0,3.1715159223605265
305,482,2.0,3.834855362651813
305,483,5.0,4.016598621768513
305,511,4.0,3.8691739828424057
305,512,4.0,3.7255195074813647
305,527,5.0,3.6387158204366563
305,529,5.0,3.7349586188294595
305,530,5.0,3.5828655230021975
305,550,3.0,2.8633242752118893
305,557,4.0,3.149641837551729
305,602,3.0,3.2705345036636344
305,610,3.0,3.2678719103300398
305,638,5.0,3.626461009153828
305,654,4.0,3.783002477602972
305,655,4.0,3.374686959312821
305,660,4.0,3.332468609207072
305,679,3.0,2.687465142888054
305,733,3.0,3.3832857171692883
305,778,4.0,3.198018340719266
305,806,3.0,3.2836495165426616
305,856,5.0,3.5600432527539314
305,921,5.0,3.810172989100062
305,923,5.0,3.955493460016453
305,943,2.0,3.0911215389259374
305,947,4.0,3.2141014843065547
305,960,1.0,3.499807021286788
305,1101,4.0,3.545835151234676
305,1104,4.0,3.1838158740783093
305,1411,3.0,2.346714418413139
305,1456,4.0,2.997147853826287
306,13,4.0,3.2725258803938067
306,14,5.0,3.6641696937284163
306,25,3.0,3.2098634600491818
306,100,4.0,3.7983722422498336
306,116,5.0,3.6993048780722706
306,150,5.0,3.2520375609763335
306,235,4.0,2.614237924418993
306,242,5.0,3.8301983437154927
306,269,5.0,3.5868710707783396
306,275,4.0,3.6641427402356874
306,287,4.0,3.45620730289395
306,306,5.0,3.7062865818070607
306,319,4.0,3.0021498615153708
306,476,3.0,2.9156529016279116
306,744,4.0,3.3857881695957297
306,864,3.0,2.8218926624857392
306,1009,4.0,3.210765787175325
307,21,4.0,3.134442668305832
307,22,3.0,4.2146620477985435
307,24,4.0,3.6070912865454066
307,71,5.0,3.804657221094216
307,81,5.0,3.819829363156763
307,82,4.0,3.8257306451324946
307,89,5.0,4.3430050831481
307,91,4.0,3.8563116384443417
307,94,3.0,3.1862636488707614
307,100,3.0,4.197710295304558
307,101,3.0,3.718760938500684
307,114,5.0,4.529606303865067
307,143,3.0,3.8442030709441117
307,145,4.0,2.9807057318400676
307,153,5.0,3.9360015484451365
307,154,5.0,4.0180704304897485
307,169,5.0,4.660396686190488
307,173,5.0,4.377873530285339
307,174,4.0,4.396616885471839
307,175,4.0,4.018363576843375
307,183,3.0,4.18633961610338
307,186,5.0,3.9429273183587497
307,189,4.0,4.10840196691994
307,193,3.0,4.082431657316756
307,195,3.0,4.114044583999771
307,197,4.0,4.167680680377172
307,214,5.0,3.657600784777294
307,229,5.0,3.4053177686804394
307,239,3.0,3.7268173582649915
307,258,5.0,4.034886378857692
307,265,3.0,4.024183681516211
307,313,5.0,4.284130193020567
307,393,3.0,3.5013663759955254
307,402,2.0,3.6003930969729336
307,403,3.0,3.660474777275651
307,408,5.0,4.676263003060436
307,423,5.0,3.956635292498662
307,427,3.0,4.3830505920348735
307,428,4.0,3.973382249898272
307,431,4.0,3.8170372369770456
307,449,4.0,3.2283519547012967
307,450,2.0,2.9289111470124904
307,462,4.0,4.015489424985285
307,463,5.0,3.8245840096823587
307,474,5.0,4.389942948985577
307,509,3.0,3.9782327277174767
307,511,5.0,4.37826630523731
307,515,4.0,4.4308345677317815
307,527,5.0,4.095047760100198
307,634,3.0,3.812796220198491
307,655,4.0,3.980942476309334
307,687,1.0,2.4587418568727433
307,746,4.0,3.82365532555175
307,949,4.0,3.5242190490361773
307,1022,4.0,3.449817707812967
307,1110,4.0,3.1503579184316313
307,1140,2.0,2.4684294334158032
307,1411,4.0,2.950053446979039
308,1,4.0,4.113132356787584
308,4,5.0,3.956788154737764
308,5,4.0,3.5812878584556893
308,12,5.0,4.80521888697152
308,25,4.0,3.5646158786026216
308,28,3.0,4.146193476885489
308,44,4.0,3.569990945618808
308,45,4.0,4.380354601265223
308,54,2.0,3.626074028844996
308,55,3.0,4.272432253913751
308,58,3.0,4.060647143758495
308,59,4.0,4.415142515861311
308,60,3.0,4.391279592181197
308,64,4.0,4.673399616127796
308,70,4.0,4.053635775263179
308,72,4.0,3.591387119243415
308,74,4.0,3.657083892229899
308,79,4.0,4.307452418378827
308,81,5.0,3.979373747691586
308,85,4.0,3.4438780180469153
308,87,4.0,4.3930095367458755
308,89,5.0,4.540426873086178
308,91,4.0,4.1203802999981045
308,95,4.0,4.0595354290623105
308,98,3.0,4.548318609750127
308,100,5.0,4.30802018071565
308,107,4.0,3.6999288086567534
308,109,3.0,3.9082507723796773
308,116,4.0,4.287893826616928
308,124,4.0,4.418039343197629
308,127,4.0,4.662907520455679
308,129,5.0,4.171916520674788
308,133,3.0,4.084029559750976
308,144,3.0,4.228516759856059
308,147,3.0,3.612761657227992
308,154,4.0,4.09070364820056
308,160,4.0,4.248238839603921
308,161,3.0,3.627466186518885
308,163,4.0,4.046000890445557
308,164,4.0,3.9115428666380634
308,165,3.0,4.492117233950589
308,166,3.0,4.374945047273544
308,168,4.0,4.437934021449604
308,170,3.0,4.457510621335234
308,174,4.0,4.513664248438438
308,175,5.0,4.353252048402778
308,177,5.0,4.32389027766807
308,178,4.0,4.653138579848223
308,181,4.0,4.180482674857824
308,183,4.0,4.438293994074787
308,184,4.0,4.0234174143307415
308,187,5.0,4.682617743028383
308,191,4.0,4.499459538001922
308,192,5.0,4.598953746115671
308,193,3.0,4.32263593411734
308,197,3.0,4.488088567730366
308,199,4.0,4.50934550764537
308,204,4.0,4.096004169799052
308,205,3.0,4.502468478092766
308,215,3.0,3.84985467063894
308,219,3.0,3.792287762992268
308,226,3.0,3.7033160424783014
308,233,3.0,3.7262631940222244
308,234,3.0,4.196504392100428
308,238,5.0,4.304906262662007
308,264,2.0,3.1777486914710362
308,265,3.0,4.100026664782439
308,283,3.0,4.081586187812629
308,284,4.0,3.456696489192696
308,291,3.0,3.4142423887392157
308,295,3.0,3.5196227963441715
308,298,5.0,3.891777797544972
308,309,1.0,3.5698247330030126
308,313,3.0,4.243351957017965
308,319,4.0,3.829060331755629
308,322,2.0,3.0790744739357616
308,378,3.0,3.8691744232171326
308,385,4.0,3.8527268541348825
308,393,4.0,3.620005978581875
308,402,4.0,3.6466906351378756
308,417,3.0,3.3671428742081724
308,425,4.0,4.316555386705344
308,427,4.0,4.591227710414979
308,433,5.0,4.2012580438454465
308,435,4.0,4.380930204897451
308,436,4.0,4.044028768063747
308,443,3.0,4.234767363517093
308,447,4.0,3.9052180117583495
308,452,2.0,3.002212597301197
308,455,4.0,3.6783983601108505
308,461,4.0,4.100474062674516
308,463,4.0,4.088810802439552
308,466,5.0,4.0600848292382175
308,467,4.0,4.153183637723517
308,475,4.0,4.233301958003492
308,477,4.0,3.611490580487358
308,481,4.0,4.52299370100402
308,483,3.0,4.7624221474189135
308,484,3.0,4.628531990432053
308,486,4.0,4.103767222678309
308,487,4.0,4.369153517461775
308,488,4.0,4.6792885273390485
308,490,4.0,4.388920927597723
308,492,3.0,4.287747191418932
308,493,3.0,4.543881430688986
308,498,5.0,4.295703420467099
308,502,5.0,4.146100499772787
308,505,3.0,4.3740208834339045
308,509,4.0,4.203189327976517
308,511,5.0,4.635643433133921
308,514,4.0,4.5879694982908
308,515,3.0,4.636804091739721
308,516,4.0,4.379798643154905
308,520,4.0,4.357312686742594
308,521,3.0,4.292953218107862
308,526,3.0,4.123026033153093
308,528,3.0,4.48404551376135
308,559,4.0,3.6550940514833505
308,569,3.0,3.1050293585954263
308,578,2.0,3.621209039417791
308,579,3.0,3.0882611574605385
308,581,4.0,3.6739394612375293
308,582,3.0,3.9804645700820496
308,584,4.0,3.8980859506710916
308,589,4.0,4.586691418212149
308,607,3.0,4.368963157923211
308,609,4.0,3.8718970579658767
308,610,4.0,3.981734974065164
308,611,4.0,4.557718652156647
308,616,2.0,4.15305353363619
308,618,4.0,3.9752832706232315
308,628,3.0,3.6367650527526916
308,632,3.0,4.319536385343845
308,633,4.0,4.047864966017456
308,634,4.0,4.1377113554885
308,640,4.0,3.7893872754371545
308,649,4.0,4.13479370821207
308,656,3.0,4.584436506018256
308,660,3.0,3.9226485666270516
308,664,5.0,4.172217822290981
308,673,4.0,3.927543723045366
308,675,4.0,4.28994564486494
308,686,4.0,3.912449011217664
308,692,3.0,3.7651740095236756
308,693,3.0,4.228592521719983
308,705,5.0,4.273624342382866
308,729,3.0,3.6098294515743423
308,736,3.0,4.1041899538892554
308,741,4.0,3.6853473382665998
308,742,4.0,3.669699939235231
308,746,4.0,3.9336534222573922
308,747,3.0,3.758975452960238
308,755,3.0,3.589307966986335
308,802,3.0,3.2971113614288523
308,805,4.0,4.286831273414415
308,806,4.0,4.1563051996901486
308,811,4.0,4.257413688099921
308,822,4.0,3.5511521013710725
308,826,3.0,3.0865558097800596
308,843,3.0,3.2562023006617093
308,848,4.0,3.985621810263554
308,863,3.0,4.2299149009315915
308,921,4.0,4.256675360568367
308,959,3.0,4.085658388347431
308,965,4.0,4.111320783734372
308,966,3.0,4.103353929701935
308,968,4.0,4.021839748034563
308,1006,4.0,3.60533275145385
308,1019,4.0,4.496665666470157
308,1021,4.0,4.403560793847237
308,1028,2.0,3.0707452434806073
308,1046,4.0,3.4716380300095304
308,1047,3.0,2.9378520993506028
308,1073,3.0,4.442504533486985
308,1197,4.0,3.656740867082486
308,1211,3.0,4.2454839153987995
308,1286,3.0,3.672250925234306
308,1404,4.0,3.80490674276744
308,1421,4.0,3.7287258718621437
309,242,4.0,4.061763113770439
309,300,3.0,4.261029830890982
309,303,2.0,4.076455282355511
309,306,2.0,4.213295016515266
309,324,3.0,3.6109979832223082
309,326,5.0,4.070631246800172
309,333,3.0,4.252134408166252
309,938,4.0,3.7432623391467192
309,1393,2.0,3.4185922645504725
310,14,5.0,3.9091792872388718
310,24,4.0,3.044783266530965
310,116,5.0,3.769412216361613
310,181,4.0,3.899819336187783
310,222,3.0,3.3075011876535245
310,251,5.0,4.05903160023711
310,257,5.0,3.516672268658942
310,258,3.0,3.6599419317904553
310,274,3.0,3.1215314553423243
310,275,5.0,3.940352745548185
310,304,5.0,3.149744632179334
310,536,4.0,3.266816583266071
310,740,4.0,3.5257925484277224
310,748,3.0,2.4428103600993527
310,832,1.0,2.2229221915556785
310,845,5.0,3.071146340498003
310,1022,5.0,2.5678092111287905
311,1,4.0,4.38481741648318
311,5,3.0,3.609378700428924
311,9,4.0,4.170601338297458
311,15,5.0,4.287340979095015
311,22,4.0,4.675328478645626
311,28,5.0,4.507317404501949
311,38,3.0,3.5394975658916943
311,41,3.0,3.6838774804133028
311,43,4.0,3.615848323545717
311,44,3.0,3.5762858669719253
311,50,5.0,4.731843060064737
311,58,3.0,4.145328294616458
311,62,3.0,3.762854946831346
311,68,1.0,3.9262006657603594
311,70,4.0,4.108625356874622
311,71,4.0,4.319423292632157
311,73,4.0,4.075344153047303
311,82,5.0,4.348651818926221
311,83,5.0,4.517126369347215
311,86,5.0,4.177870325431348
311,89,5.0,4.484141071296761
311,94,3.0,3.7086836992776298
311,98,5.0,4.610521652162755
311,99,5.0,4.185075259359827
311,117,4.0,4.18222395587145
311,118,3.0,3.782402742540154
311,125,4.0,4.098360596764937
311,132,4.0,4.4515323607076
311,134,5.0,4.43135066244731
311,136,5.0,4.366627312100022
311,141,4.0,3.8825794740100656
311,143,3.0,4.257769162644825
311,161,4.0,4.083524020240715
311,168,4.0,4.44017672862607
311,172,5.0,4.661953675319456
311,174,5.0,4.797007157509934
311,178,5.0,4.48968269531534
311,179,2.0,4.117154361959126
311,180,4.0,4.26222978905461
311,181,4.0,4.469809283128532
311,183,5.0,4.446239912411505
311,187,4.0,4.493933953529055
311,188,4.0,4.117567058711934
311,193,5.0,4.418915088232311
311,195,4.0,4.432834660684717
311,199,4.0,4.528732399114424
311,200,4.0,4.220202028108332
311,203,5.0,4.276761978902533
311,204,5.0,4.417897335868421
311,205,5.0,4.3449612742374395
311,208,4.0,4.358498078124345
311,211,3.0,4.3048717680224025
311,212,3.0,3.807952282581682
311,213,4.0,4.270320749869191
311,226,4.0,3.89066747863156
311,229,5.0,3.755515946601618
311,232,3.0,3.802710209766592
311,233,4.0,3.834871789468842
311,234,4.0,4.1388833069291735
311,239,3.0,4.1817263820668495
311,258,4.0,4.249416272394811
311,265,5.0,4.467293101370251
311,275,4.0,4.267651543899701
311,310,4.0,4.0108402363041185
311,315,5.0,4.355638599754176
311,318,5.0,4.84012335184011
311,322,4.0,3.602333475925157
311,326,2.0,3.7814239477355827
311,329,4.0,3.4468845540925974
311,348,4.0,3.5034736674668028
311,365,4.0,3.4476370125336353
311,366,5.0,3.665420537526224
311,367,3.0,3.9972184446295316
311,378,5.0,4.130628375884815
311,385,5.0,4.170647621740085
311,386,3.0,3.2105599194774257
311,387,4.0,3.5957107163379134
311,402,4.0,4.007884163889332
311,403,4.0,4.03227216501982
311,418,4.0,3.955918616705879
311,419,3.0,4.1457307186601025
311,420,1.0,3.999974577473745
311,425,2.0,3.99836657110565
311,431,4.0,4.092328026815044
311,432,4.0,4.1514555530818145
311,433,3.0,3.918690247043516
311,451,3.0,3.881582845565937
311,469,5.0,3.9103364949706676
311,470,3.0,4.174699074470753
311,471,4.0,4.109437144259585
311,480,4.0,4.616178259371993
311,482,4.0,4.1289765461996915
311,484,4.0,4.3155798148562114
311,485,1.0,4.152153402313547
311,491,4.0,4.008719979168757
311,493,4.0,4.149997138721258
311,495,4.0,3.901294332167852
311,505,4.0,4.24446629065988
311,510,4.0,4.235080417369821
311,515,4.0,4.516517456733207
311,518,3.0,3.865154691472402
311,523,5.0,4.286795499317253
311,526,5.0,4.3164020440355895
311,527,4.0,4.35981832033541
311,528,4.0,4.49034273971626
311,553,3.0,3.6500128736399073
311,559,2.0,3.5752581618146198
311,566,4.0,4.092788177933906
311,568,5.0,4.1497363486612135
311,576,3.0,3.5719265468776658
311,588,4.0,4.282098020033925
311,592,5.0,3.496242546455164
311,604,3.0,4.121848817916742
311,627,4.0,3.6026983580185203
311,642,4.0,3.6462285052555665
311,654,3.0,4.146728730677168
311,661,3.0,4.258981324295056
311,662,4.0,3.9380490980964336
311,671,3.0,3.6809696967583365
311,679,4.0,3.5487600045746115
311,692,4.0,4.261623686420485
311,708,5.0,3.7516493427602
311,715,2.0,3.5369052451429983
311,716,4.0,3.3083459769561334
311,720,3.0,3.553384684141703
311,723,4.0,3.456511251521014
311,748,4.0,3.708577741126252
311,751,3.0,3.976487300158147
311,761,3.0,3.364436424686914
311,775,3.0,3.1747271565684185
311,778,4.0,3.876780078215876
311,785,3.0,3.604982388218755
311,845,4.0,3.9423550475459956
311,849,3.0,3.433400269363993
311,921,4.0,4.174576610154286
311,941,4.0,3.4890108034658103
311,946,4.0,3.617262831794866
311,951,3.0,3.1790144228228594
311,965,3.0,3.8240947166823007
311,1035,4.0,3.6043979300801476
311,1046,3.0,3.619317173993956
311,1093,5.0,3.5255642566601453
311,1116,3.0,3.829076864895929
311,1222,3.0,3.2460919462234945
311,1232,4.0,2.934134887442445
311,1479,3.0,3.3851444448506003
312,4,3.0,4.487319573197696
312,8,5.0,4.875746317853143
312,28,4.0,4.768038812609541
312,52,5.0,4.718045186117456
312,57,5.0,4.752275757884714
312,96,5.0,4.777394771395637
312,98,4.0,5.0
312,100,4.0,4.9319793164078405
312,114,5.0,5.0
312,121,3.0,4.342061769968411
312,131,5.0,4.794354686664619
312,132,5.0,4.976171074441503
312,133,5.0,4.886851919718293
312,134,5.0,5.0
312,136,5.0,5.0
312,144,1.0,4.730484603821639
312,151,2.0,4.514699941416322
312,153,2.0,4.70880818559641
312,156,3.0,4.66558831266722
312,157,1.0,4.636245422688798
312,170,5.0,5.0
312,173,3.0,4.86533366598599
312,179,5.0,4.709521418431789
312,180,4.0,4.947893136890247
312,183,5.0,4.883684708364627
312,188,3.0,4.629849967444368
312,190,5.0,5.0
312,195,5.0,4.801613836973127
312,204,4.0,4.679508611495958
312,205,5.0,5.0
312,209,3.0,4.670267043770416
312,228,3.0,4.666757404542541
312,234,5.0,4.656728943634704
312,238,3.0,4.745347902016612
312,241,3.0,4.630862415858482
312,265,1.0,4.769789513558296
312,269,5.0,4.933707632098722
312,275,5.0,4.888547842521759
312,357,5.0,5.0
312,382,4.0,4.55113624366021
312,408,4.0,5.0
312,435,4.0,4.869084291881682
312,443,4.0,4.824602584357168
312,474,5.0,5.0
312,480,5.0,5.0
312,481,5.0,4.979810040022714
312,482,5.0,5.0
312,483,5.0,5.0
312,485,4.0,4.802528228727942
312,489,5.0,5.0
312,494,5.0,5.0
312,495,4.0,4.6215749110996445
312,496,5.0,5.0
312,498,5.0,5.0
312,503,5.0,4.74110851416299
312,513,5.0,5.0
312,516,3.0,5.0
312,520,5.0,5.0
312,528,5.0,5.0
312,543,5.0,4.7338616515540135
312,557,5.0,4.284366711676822
312,573,5.0,4.166993114045745
312,584,5.0,4.423982629153777
312,587,3.0,4.441715322352731
312,588,5.0,4.666449511833319
312,593,5.0,4.350113494449961
312,603,5.0,5.0
312,604,5.0,5.0
312,609,3.0,4.6513875021320255
312,611,5.0,5.0
312,615,4.0,5.0
312,631,5.0,4.600961098234583
312,639,5.0,4.677071061138448
312,641,5.0,5.0
312,656,5.0,4.998876100517641
312,659,5.0,5.0
312,675,5.0,4.628500787958852
312,676,3.0,4.315075784575609
312,692,4.0,4.6327290848482505
312,705,5.0,5.0
312,713,5.0,4.579187355420866
312,730,3.0,4.772603563691065
312,847,3.0,4.683523524853072
312,919,3.0,4.473057778403831
312,921,5.0,5.0
312,967,3.0,4.4608384746050085
312,968,5.0,4.63529193562555
312,1021,3.0,4.844257685913558
312,1039,5.0,4.874616041040445
312,1116,3.0,4.672522474377581
312,1124,4.0,4.7636994045202385
312,1203,5.0,4.9630345107883755
312,1299,4.0,4.264637210710303
313,22,3.0,4.234726818445926
313,29,2.0,2.7438846747599372
313,31,4.0,3.8076868336328387
313,44,3.0,3.359140152517485
313,56,2.0,4.334474704128185
313,64,4.0,4.599575964595014
313,65,2.0,3.5521460255436192
313,66,1.0,3.562777298871343
313,67,1.0,3.098504952644194
313,69,5.0,4.015841591473962
313,71,4.0,3.853433759687548
313,73,5.0,3.462121682000918
313,96,5.0,4.112197318776534
313,97,4.0,3.930588777652272
313,98,4.0,4.4802455388356925
313,99,4.0,3.972863917654272
313,100,5.0,4.240237485260321
313,114,4.0,4.429549332589104
313,117,4.0,3.6951220793291597
313,131,4.0,4.009281894623758
313,132,5.0,4.376599857730623
313,134,5.0,4.690591051043853
313,135,5.0,4.4449847398574125
313,136,5.0,4.424385258428417
313,139,3.0,2.8098917809665034
313,148,2.0,3.1770325516492157
313,151,1.0,3.7671901692328555
313,154,2.0,4.053947744898641
313,155,2.0,2.9598755254474263
313,156,3.0,4.086161507574632
313,161,4.0,3.463314250288993
313,162,3.0,3.717933889153388
313,163,2.0,3.8778219273025436
313,164,3.0,3.697505238662802
313,174,4.0,4.436659347398278
313,175,4.0,4.132445315134427
313,180,5.0,4.411336436006128
313,182,4.0,4.319259613373937
313,187,4.0,4.601956563156092
313,191,5.0,4.480066492291743
313,194,4.0,4.420939983070862
313,199,4.0,4.678352558925115
313,200,3.0,4.071093111639743
313,203,5.0,4.128324882101396
313,204,4.0,3.994780871538087
313,205,5.0,4.527744448827763
313,208,3.0,4.203951266622735
313,218,2.0,3.562141751675664
313,226,4.0,3.5306416296175445
313,228,3.0,3.9623483698460618
313,230,3.0,3.6233346580298393
313,234,4.0,4.092065315768926
313,239,3.0,3.614287999650091
313,245,3.0,3.132936389675187
313,265,4.0,4.035317883468111
313,318,4.0,4.586787781729774
313,403,3.0,3.5846459673826283
313,405,3.0,3.402217228709441
313,414,3.0,3.870802846459353
313,415,2.0,2.951834120667629
313,417,2.0,3.070410642843539
313,423,4.0,4.001195258129568
313,435,5.0,4.3627758028083505
313,436,4.0,3.813981716562952
313,441,3.0,3.0199857625554287
313,448,3.0,3.8280223859419578
313,471,4.0,3.521635983680156
313,473,3.0,3.3586130051631584
313,478,3.0,4.57257822016537
313,482,5.0,4.463615016127881
313,487,3.0,4.372767028541116
313,488,5.0,4.564216540580038
313,494,3.0,4.421219401149549
313,498,5.0,4.516645813098775
313,501,5.0,3.74000306510995
313,515,5.0,4.685774711095964
313,516,4.0,4.185329698636032
313,521,4.0,4.393865852631095
313,526,4.0,4.238537180771204
313,527,4.0,4.279079076659173
313,542,3.0,2.520147406901719
313,550,4.0,3.438831624831663
313,565,1.0,3.253921400745889
313,566,4.0,3.671946393910613
313,578,3.0,3.327929626834105
313,586,2.0,2.7973013273371903
313,604,4.0,4.400630161026742
313,608,4.0,4.2943563452454185
313,609,3.0,3.8961199609443056
313,616,5.0,4.016886387744178
313,628,4.0,3.4892080726317083
313,649,3.0,4.02364299365349
313,650,4.0,4.056212361087702
313,657,4.0,4.7766798459403965
313,659,4.0,4.39468896126584
313,665,4.0,3.0632377932818544
313,670,3.0,3.4870017775426785
313,673,4.0,3.8980742769636785
313,674,2.0,3.454626779874466
313,740,2.0,3.4564574756744992
313,745,3.0,4.361264523989462
313,831,3.0,2.7666194421080386
313,843,3.0,3.0419118254689685
313,849,3.0,2.966264043775646
313,946,3.0,3.168541761698887
313,969,4.0,3.8302014503900828
313,1050,4.0,3.9432427725172117
313,1066,2.0,3.208975743920811
313,1210,4.0,2.572814421595413
314,5,4.0,3.7812941250183094
314,7,4.0,4.115546377317625
314,9,4.0,3.9482436690709832
314,24,1.0,3.8361440432532925
314,28,5.0,4.330649127844954
314,29,5.0,3.3282990338218585
314,42,5.0,3.7576296623908294
314,54,4.0,3.8432251958805193
314,64,5.0,4.711299457584787
314,68,4.0,3.810784008411267
314,71,5.0,4.2641957465094436
314,73,4.0,3.967991469638195
314,88,5.0,4.039250176711762
314,90,2.0,3.386461561593233
314,94,4.0,3.7739568868710536
314,95,5.0,4.270513365683206
314,105,4.0,3.229852188966415
314,111,4.0,3.9594521290088744
314,120,3.0,3.0722636312435574
314,122,1.0,2.7807745651585867
314,126,2.0,4.299670348178512
314,138,5.0,3.5244486315054115
314,143,5.0,4.309353692176362
314,147,4.0,3.9029850042094947
314,155,5.0,3.635472746584708
314,204,5.0,4.268100369300582
314,215,4.0,4.0986954234053385
314,218,4.0,3.8407412424408918
314,220,4.0,4.131674483535885
314,237,5.0,4.2175862229782854
314,246,5.0,4.1263309282098
314,255,5.0,4.073151993716083
314,268,5.0,3.9512747598725553
314,274,3.0,4.084211084481567
314,276,1.0,3.8588479805186147
314,282,5.0,4.365755452673477
314,288,5.0,4.091757008426852
314,327,4.0,3.663785420707328
314,328,4.0,4.193129654037114
314,366,4.0,3.8047645888264845
314,377,3.0,3.2658835608114227
314,395,2.0,3.388008781856302
314,399,3.0,3.80344782833519
314,402,4.0,4.0769430180615664
314,406,3.0,3.314257035874811
314,409,4.0,3.905502329903208
314,417,4.0,3.824474142674237
314,418,5.0,4.038231775875009
314,468,4.0,4.010191667993378
314,535,4.0,3.6249368619148012
314,578,4.0,3.697543118802608
314,591,5.0,4.179172982409411
314,597,4.0,3.8777782273987147
314,620,3.0,3.7326325604471235
314,623,5.0,3.5449179754385294
314,672,5.0,3.0326600674628024
314,682,5.0,3.6318662917527553
314,692,5.0,4.083651847015624
314,693,3.0,3.865097727948928
314,724,2.0,3.787461974377905
314,735,5.0,4.114033490800532
314,739,5.0,3.8847231406648826
314,743,1.0,2.6846372973255663
314,763,5.0,3.970555441035098
314,764,3.0,3.668035312276902
314,765,3.0,3.1567010446166903
314,772,1.0,3.2465134519304675
314,780,4.0,3.259538153107289
314,781,3.0,3.767069741478519
314,785,3.0,3.695251200735843
314,791,4.0,3.019101030084823
314,795,4.0,3.0115097875392918
314,819,4.0,3.447830838977647
314,833,4.0,3.9514949325374396
314,869,4.0,3.609245018227314
314,873,4.0,3.7951479222021125
314,924,5.0,4.009571169254752
314,929,3.0,3.4639514285085875
314,938,3.0,3.4244573644498417
314,941,3.0,3.5945443273169353
314,948,3.0,2.7699301932690736
314,959,3.0,3.9253955510683105
314,983,4.0,3.351071927156647
314,1028,3.0,3.6981774316536784
314,1032,4.0,3.62289441896482
314,1054,1.0,3.358332051480301
314,1057,2.0,2.6626648472586885
314,1085,1.0,3.602611997447763
314,1089,1.0,3.2144874958386116
314,1095,3.0,3.326398428431263
314,1136,5.0,3.768252387656855
314,1139,5.0,3.2620563547261017
314,1150,4.0,3.9748370950959466
314,1165,2.0,3.0685623343023307
314,1178,2.0,3.031650361309053
314,1218,4.0,3.9364079717289817
314,1220,5.0,3.9189565681883853
314,1221,3.0,3.8235073042954175
314,1263,2.0,3.2708385942879192
314,1276,4.0,3.1789294942524564
314,1289,2.0,3.5390854056951406
314,1503,3.0,3.9835346867112045
314,1517,4.0,3.569194167697128
314,1518,4.0,3.596093632393193
314,1520,3.0,3.539195652952405
315,8,3.0,4.374872637015567
315,12,5.0,4.783446465993038
315,13,4.0,4.1459031760956835
315,17,1.0,3.9258429994633692
315,31,3.0,4.00480268115434
315,46,4.0,4.363518307392001
315,48,4.0,4.624480612496554
315,55,5.0,4.135543947191837
315,98,4.0,4.655004150619301
315,100,5.0,4.595473873944521
315,127,5.0,4.744557452089143
315,156,5.0,4.431860644231172
315,168,4.0,4.521526441050433
315,180,4.0,4.5579335684348194
315,185,4.0,4.603913554920819
315,186,4.0,4.20351151941653
315,187,4.0,4.643619602342586
315,194,4.0,4.473486532628295
315,211,4.0,4.378992428940314
315,216,4.0,4.376310969610895
315,223,5.0,4.609456298714925
315,230,4.0,3.835416590276158
315,234,3.0,4.225598344075578
315,238,5.0,4.40760128713011
315,269,5.0,4.3595823676719085
315,273,3.0,4.027259948252014
315,285,5.0,4.723062693374828
315,302,5.0,4.547859643143556
315,305,5.0,4.100021695647432
315,340,4.0,4.125027142732877
315,431,2.0,3.896954693892691
315,504,3.0,4.287780835042264
315,508,4.0,4.162452557017633
315,531,5.0,4.390133426563423
315,603,5.0,4.693974112315123
315,651,3.0,4.517399135581216
315,654,5.0,4.611253161857821
315,657,4.0,4.654256022747694
315,709,4.0,4.427086330596072
315,732,3.0,4.074610909291611
315,746,3.0,4.08700087522941
315,792,5.0,4.2887965046864425
316,9,4.0,3.213114274093285
316,14,4.0,3.3315994379946128
316,19,5.0,3.42845013225568
316,22,4.0,3.2171692681329507
316,50,1.0,3.2812780325151345
316,64,4.0,3.434412663432685
316,71,1.0,2.97682822116834
316,98,5.0,3.3152051460704994
316,132,4.0,3.1259335908596335
316,180,4.0,3.086999185161979
316,190,5.0,3.441754698125509
316,197,4.0,3.239296626372093
316,213,5.0,3.3351447599314703
316,234,1.0,2.8803524528155364
316,265,3.0,2.9493251160615483
316,283,5.0,3.3139611353486926
316,289,2.0,2.4787949661731377
316,292,4.0,2.892511385338242
316,306,4.0,3.4310745590086618
316,318,5.0,3.6002989614406364
316,357,4.0,3.342249732330041
316,463,5.0,3.1661722992654155
316,483,4.0,3.490448415032126
316,521,5.0,2.9245624461608375
316,530,2.0,2.93472751359474
316,549,5.0,2.928714359453293
316,588,1.0,2.9621695087377455
316,614,2.0,2.863114547751278
316,735,4.0,3.0674978194545366
316,1039,5.0,3.3032261302324244
316,1084,4.0,3.2340320840081107
317,245,4.0,3.5232728634556216
317,268,3.0,4.139969196294842
317,271,3.0,3.6781418709484
317,300,4.0,3.952364868115155
317,323,2.0,3.297103914465645
317,326,3.0,3.62298541892654
317,328,4.0,3.824886693197424
317,331,4.0,3.791966164509424
317,350,5.0,3.4901060990027735
317,351,3.0,3.5259845908009155
318,12,4.0,4.4509997793037614
318,15,5.0,4.003966762587256
318,47,2.0,3.830609271343234
318,49,3.0,3.613870975499798
318,50,2.0,4.396628438143742
318,63,3.0,3.583664706390506
318,64,4.0,4.498572933122475
318,66,4.0,3.805944051646983
318,69,5.0,4.019480852591983
318,72,4.0,3.415617154919908
318,88,4.0,3.83395326374765
318,105,1.0,2.842883842126597
318,127,5.0,4.352920734245764
318,137,4.0,4.126791088506898
318,138,4.0,3.0333353122072113
318,140,4.0,3.5834350940103894
318,142,4.0,3.4387462775768274
318,157,5.0,3.865114206657741
318,158,5.0,2.974854598474385
318,160,3.0,3.7761172082140577
318,162,5.0,3.9754411568157937
318,182,4.0,4.096392694745235
318,186,5.0,3.9802408504595133
318,194,5.0,4.293759155573149
318,197,5.0,4.294437757347729
318,204,5.0,3.9983557761373554
318,211,5.0,4.172446620361089
318,229,1.0,3.335735322249869
318,237,5.0,3.91395396094614
318,239,4.0,3.878220767704919
318,248,3.0,3.894552294332512
318,257,5.0,3.9568483198555686
318,285,4.0,4.403536258397796
318,286,3.0,3.9390154359819665
318,305,2.0,3.9052804342087337
318,312,4.0,3.614410642123048
318,315,5.0,4.211064536310234
318,326,4.0,3.6199924773935157
318,356,4.0,3.610117029043975
318,357,4.0,4.4288157038738
318,384,3.0,3.1848684834633256
318,396,1.0,3.259553887321382
318,401,3.0,3.1960214053757428
318,414,4.0,3.7533622487193896
318,419,5.0,4.013816442207643
318,435,5.0,4.173305945586878
318,474,4.0,4.365865264427487
318,476,4.0,3.4034838865279813
318,481,4.0,4.111837613623885
318,485,5.0,4.151485148723532
318,501,4.0,3.6447407913578664
318,503,4.0,3.8069272823137434
318,508,4.0,3.864680983490507
318,509,5.0,4.059490345331596
318,517,3.0,3.9039989166689772
318,524,3.0,4.227138180216533
318,575,2.0,2.8776422122371907
318,610,5.0,3.8976039282754407
318,631,4.0,3.9722860394345014
318,648,5.0,4.129554788906566
318,655,4.0,4.049612970319068
318,657,5.0,4.3498947117760896
318,659,4.0,4.284301757108254
318,660,3.0,4.125112694476987
318,697,5.0,3.899509507079638
318,708,4.0,3.79473513883357
318,750,4.0,4.1291684890147256
318,768,2.0,3.4317894614683917
318,792,2.0,3.989991909433034
318,795,2.0,2.7676337776872817
318,796,3.0,3.4006807547277162
318,815,3.0,3.46751828927857
318,865,2.0,3.9065603138929035
318,934,4.0,3.2149619528231486
318,1014,2.0,3.4326227121049198
318,1023,2.0,3.082277120288349
318,1032,3.0,3.550608486928949
318,1521,3.0,3.144380491823295
319,267,4.0,3.247447105290515
319,302,4.0,3.8215705340645383
319,313,5.0,3.9193595365536202
319,333,4.0,3.427467160051837
319,338,2.0,2.5721330129917934
319,879,5.0,3.065280927933534
319,880,4.0,3.14104214097529
320,1,3.0,4.309153600046513
320,3,4.0,3.6410821430403493
320,4,3.0,4.0754680489832795
320,7,4.0,4.318940728938415
320,11,4.0,4.394007524029651
320,22,5.0,4.602894351648407
320,33,4.0,4.109862531551668
320,38,4.0,3.6338833617207222
320,42,4.0,4.39791390699315
320,50,4.0,4.734656175432237
320,54,4.0,3.9487253077718716
320,62,4.0,3.911919553401355
320,68,5.0,4.08267766514202
320,77,3.0,3.956853704551321
320,90,4.0,3.814805039455618
320,97,5.0,4.259668724751558
320,99,4.0,4.148676711681956
320,100,4.0,4.454774579028296
320,117,4.0,4.226426907910793
320,118,1.0,3.8792009287164486
320,123,4.0,3.8007842151381745
320,129,4.0,4.3259371964448885
320,148,4.0,3.8345532942598557
320,156,5.0,4.4636147446684085
320,159,4.0,3.8736906793141475
320,161,4.0,4.086135073196389
320,173,5.0,4.599388415781179
320,174,4.0,4.718514208850664
320,177,5.0,4.408129530766458
320,184,5.0,3.892506307772049
320,188,4.0,4.250861479390704
320,202,4.0,4.306880886880101
320,210,5.0,4.4197821528987475
320,250,4.0,4.043201251111974
320,252,2.0,3.532943334802943
320,276,2.0,4.118588369740924
320,278,3.0,3.610058607571381
320,284,4.0,3.809604375641479
320,291,4.0,3.9881291929930813
320,294,4.0,3.7776480024522554
320,369,4.0,3.2214772252518107
320,399,3.0,3.88523948982089
320,403,4.0,4.042098933963794
320,405,4.0,3.8471646309815433
320,411,3.0,3.5598668390581674
320,413,3.0,3.3842042313029834
320,431,5.0,4.171704824503299
320,433,4.0,4.152598026183498
320,452,3.0,3.302630138966047
320,456,3.0,2.905973260952529
320,472,3.0,3.7054333396618384
320,501,3.0,3.983321476774646
320,552,4.0,3.533578295306626
320,554,4.0,3.51965456124996
320,576,3.0,3.7376042972153547
320,678,3.0,3.48859492241438
320,685,4.0,3.8953852006883545
320,692,4.0,4.202288489721798
320,716,1.0,3.6982384798008923
320,739,4.0,3.9066344874338412
320,742,4.0,4.170007847021923
320,771,3.0,3.3767490178365343
320,849,4.0,3.5814993074771406
320,869,4.0,3.507653472681503
320,892,3.0,3.294541681621387
320,895,4.0,3.7203792890697853
320,974,3.0,3.615302811318311
320,976,2.0,2.645063584135693
320,1011,3.0,3.8841014252818282
320,1041,3.0,3.735051564961931
320,1081,4.0,3.5419339173446867
320,1090,3.0,3.350779276553811
320,1157,4.0,3.584723226846664
320,1188,4.0,3.4255623209061863
320,1210,4.0,3.3188630349680928
321,8,4.0,4.07367803879932
321,14,3.0,3.9795514598671002
321,20,3.0,3.5648530556520406
321,30,4.0,4.069591170254899
321,50,4.0,4.367620520771184
321,56,4.0,4.068381869080266
321,89,3.0,4.239941842974153
321,100,4.0,4.173371521396141
321,124,3.0,4.181714225867123
321,131,4.0,3.9898635389917216
321,134,3.0,4.301429775615274
321,135,4.0,4.071586529207502
321,143,3.0,4.015934837340903
321,180,4.0,4.087970480201636
321,191,3.0,4.19831487892915
321,193,3.0,4.052268481091833
321,194,3.0,4.210885088015215
321,198,4.0,4.026280047673652
321,199,4.0,4.317543364479415
321,205,5.0,4.184999074388763
321,207,3.0,3.945787312010398
321,213,4.0,4.096392629880116
321,215,3.0,3.807467704718972
321,216,4.0,4.069995411924603
321,224,3.0,3.810826971076108
321,276,3.0,3.632083071533804
321,287,3.0,3.6975562390395207
321,462,4.0,3.9973562171127672
321,474,4.0,4.357570860259488
321,483,5.0,4.543911676318571
321,484,5.0,4.325899964525307
321,485,4.0,4.012197652844564
321,494,4.0,4.131779034659156
321,496,4.0,4.302553207332565
321,497,5.0,3.991478140321844
321,507,3.0,3.993644619501851
321,514,4.0,4.011573561631424
321,515,5.0,4.340410957769793
321,521,2.0,3.9645339252054006
321,523,3.0,4.098763301818819
321,527,3.0,4.102718883022747
321,607,4.0,4.215748939129849
321,614,3.0,3.910191983046787
321,615,5.0,4.163411290340275
321,631,4.0,3.746473077087275
321,647,3.0,4.215810454317598
321,663,2.0,4.025580881809108
321,709,4.0,4.0499161046030485
321,730,3.0,3.7534010656839265
321,736,4.0,3.9958494005107843
321,855,3.0,3.827888287342979
321,1028,2.0,3.3729985194038314
321,1194,5.0,4.128401141513524
322,1,2.0,4.525924701612453
322,12,4.0,4.945567022964697
322,32,5.0,4.449463700781344
322,50,5.0,4.892990263924544
322,89,3.0,4.706427202075222
322,92,4.0,4.255046203296422
322,179,5.0,4.505248100488626
322,182,5.0,4.569058523087851
322,185,5.0,4.7706292091403455
322,192,5.0,4.754243520074743
322,194,5.0,4.688258365765223
322,197,5.0,4.748112810145403
322,216,3.0,4.598783484236353
322,272,4.0,4.769598712119324
322,313,5.0,4.814165925381723
322,318,4.0,5.0
322,479,5.0,4.875145345520005
322,489,3.0,4.627264944951288
322,508,4.0,4.278047931003788
322,514,4.0,4.61803516779979
322,521,5.0,4.566966927937484
322,591,3.0,4.273365559142581
322,653,4.0,4.539185550329879
322,751,2.0,4.143360039283932
323,7,2.0,4.077901409748521
323,9,4.0,4.031654846765248
323,15,3.0,3.921287662559766
323,22,5.0,4.322912195760662
323,56,5.0,4.325957429017195
323,79,4.0,4.213739840459533
323,100,4.0,4.3117353734083705
323,117,3.0,3.854337262324404
323,127,5.0,4.506775701319208
323,150,4.0,4.013697996037983
323,151,4.0,3.941068027860259
323,172,5.0,4.4567161981383885
323,180,5.0,4.340447090259805
323,199,4.0,4.444295399350357
323,203,5.0,4.1589496892150155
323,210,4.0,4.131639431206125
323,215,5.0,3.9692305847676637
323,223,4.0,4.316425048053386
323,243,1.0,2.5297692595289814
323,245,2.0,3.1777210572938825
323,246,4.0,4.20384215583529
323,248,3.0,3.8794816707520665
323,249,3.0,3.5920158142255825
323,255,4.0,3.4723841823438093
323,257,2.0,3.970529638451122
323,282,3.0,3.830188120823136
323,286,3.0,3.6949976271485014
323,289,2.0,3.1963742421452204
323,298,4.0,3.894528278121143
323,300,2.0,3.6285571608912486
323,327,4.0,3.5555483712759552
323,328,3.0,3.4882022669102364
323,332,3.0,3.4278722987034476
323,333,4.0,3.611535940615512
323,467,5.0,4.0064389202341895
323,508,4.0,3.8668848941148646
323,546,2.0,3.3395403083745894
323,713,4.0,3.7319142835687895
323,744,5.0,3.591146767169705
323,764,3.0,3.1232369009823966
323,772,3.0,3.6795805978733283
323,875,3.0,2.9797106750597795
323,886,3.0,3.262206567985507
323,1017,3.0,3.6119734226622313
323,1050,5.0,3.7814157341294727
324,9,5.0,5.0
324,127,4.0,5.0
324,258,4.0,5.0
324,283,3.0,5.0
324,298,5.0,5.0
324,300,5.0,4.834788908972267
324,307,5.0,4.639072957047083
324,332,3.0,4.680676686392124
324,471,5.0,4.934928390485645
324,597,4.0,4.470595849609311
324,748,5.0,4.460724716796142
324,754,5.0,4.369081537897829
324,877,1.0,3.9859579047739278
324,1033,4.0,4.324859994158528
324,1094,5.0,4.39976978953626
325,47,3.0,3.2858053761503174
325,86,3.0,3.499398364934596
325,95,2.0,3.1854425545681027
325,98,4.0,3.726379617931023
325,99,5.0,3.393169593897012
325,100,4.0,3.674149658980546
325,107,2.0,3.1675593110218805
325,109,2.0,2.998717048296051
325,127,5.0,3.8235934597376655
325,133,3.0,3.5731302512780627
325,135,5.0,3.681178871457858
325,143,1.0,3.1903366172286507
325,152,4.0,3.473742183877485
325,154,3.0,3.340342907615944
325,164,1.0,3.0961982572775115
325,168,3.0,3.5627841066487673
325,175,5.0,3.4709991399768154
325,177,5.0,3.468995454621224
325,179,5.0,3.6019631504767586
325,180,4.0,3.6801413111814796
325,181,4.0,3.5012451344865574
325,185,5.0,3.7380113523030296
325,187,3.0,3.7686688641604666
325,188,2.0,3.3465070412849753
325,193,4.0,3.6052325807519865
325,197,4.0,3.7524339313712307
325,234,3.0,3.3643537084813175
325,240,1.0,2.46605958704246
325,286,4.0,3.4656709247662305
325,305,2.0,3.4159052922083233
325,313,2.0,3.6478831156696763
325,325,1.0,2.351177343268616
325,340,3.0,3.2537358187552137
325,345,3.0,3.2695770388551715
325,357,4.0,3.878201651778352
325,402,2.0,2.874265902986237
325,403,2.0,2.986387398935644
325,430,5.0,3.6877104089531296
325,432,5.0,3.34016042007795
325,435,3.0,3.550943388163575
325,458,3.0,2.8893419721139755
325,474,5.0,3.98376276946765
325,475,4.0,3.426667073875083
325,483,5.0,4.031157832644137
325,484,5.0,3.8891825509006654
325,485,3.0,3.4195969843227707
325,492,4.0,3.6217841726913735
325,493,4.0,3.996375446718725
325,504,3.0,3.5806765430309584
325,505,4.0,3.7343700456516715
325,506,5.0,3.584810455184492
325,507,3.0,3.7076714960695507
325,510,4.0,3.67267686291019
325,514,4.0,3.7329029039021213
325,517,4.0,3.6426790667956737
325,521,4.0,3.640452213065705
325,525,5.0,3.7352692970288928
325,526,3.0,3.557772455349169
325,542,2.0,2.2181176929793116
325,554,1.0,2.496724098202188
325,614,4.0,3.510445118902022
325,640,3.0,2.9019787092662335
325,656,4.0,3.749554111520113
325,835,5.0,3.6492161645338084
325,865,3.0,3.6622189998074433
325,1411,4.0,2.5202834570960975
326,22,4.0,3.6200951522649505
326,48,3.0,3.29512901337649
326,50,5.0,3.6999716653702728
326,54,3.0,2.936018377480372
326,67,2.0,2.5686485030337116
326,69,2.0,3.4040639869420843
326,79,4.0,3.5928942788037723
326,82,3.0,3.4630833625620734
326,86,2.0,3.113001005756527
326,88,2.0,3.2257010076695494
326,98,5.0,3.580136185042523
326,132,4.0,3.5950951999473117
326,134,3.0,3.373384726201211
326,141,3.0,3.2649464036592146
326,144,5.0,3.415472557559249
326,153,4.0,3.27016559049687
326,168,3.0,3.4941595842340702
326,172,4.0,3.6927900901496593
326,185,5.0,3.448383829653928
326,186,4.0,3.415285475869469
326,197,1.0,3.3800126054763306
326,200,2.0,2.9913098932813686
326,204,3.0,3.375948212341731
326,205,4.0,3.6570624582916578
326,210,3.0,3.5454798080730434
326,233,4.0,2.881430584780648
326,234,3.0,3.198359331725942
326,241,3.0,3.0401038815198778
326,265,4.0,3.5843777245953015
326,282,2.0,3.170263070568177
326,318,5.0,3.767384433839458
326,386,5.0,2.3346828225877343
326,399,4.0,3.0645747520041775
326,403,3.0,3.090034503907001
326,436,3.0,3.161958290699657
326,443,5.0,3.3281844460198124
326,444,4.0,2.6316299670016465
326,445,4.0,3.26932092991561
326,448,3.0,2.9888261548437765
326,451,2.0,2.9172956117857707
326,452,3.0,2.4043987688116837
326,468,3.0,3.073052596081628
326,479,5.0,3.690932668177345
326,480,4.0,3.9819401627737556
326,496,5.0,3.7552917324547157
326,503,3.0,3.3413277354381377
326,508,3.0,2.6790852937715464
326,525,5.0,3.4686006338462594
326,526,5.0,3.526082741379305
326,527,5.0,3.4805528381204693
326,528,3.0,3.5534668010317128
326,530,5.0,3.650889239044597
326,554,3.0,2.6254113600041826
326,559,3.0,2.6281196626767915
326,563,3.0,2.709018763587796
326,564,3.0,1.605664253101533
326,566,4.0,3.24020817301461
326,603,4.0,3.6929614837864646
326,612,2.0,3.822417742706772
326,615,4.0,3.6599395062366202
326,633,4.0,3.638272820866472
326,646,2.0,3.537255621846919
326,655,5.0,3.278482266068896
326,659,4.0,3.78595798198821
326,665,1.0,2.423539132209574
326,670,3.0,2.9026848030585315
326,671,3.0,3.1040206625262994
326,674,3.0,2.7571151213526033
326,675,4.0,2.969612605103406
326,679,3.0,2.6759024580806723
326,732,5.0,3.3826406099757644
326,944,2.0,2.7063601240875372
326,969,4.0,3.3301965277940733
326,1231,3.0,2.1655768770026693
327,9,5.0,3.5246407440884386
327,13,2.0,3.2698919378612032
327,14,4.0,3.697818307276027
327,25,2.0,2.9829607951795007
327,32,4.0,3.629667491499314
327,50,3.0,3.8171678836025555
327,64,2.0,4.012453041594192
327,81,4.0,3.3147118110122697
327,82,2.0,3.088224791410034
327,89,4.0,3.739574141508754
327,90,3.0,2.731799576384546
327,93,4.0,3.4817157645095778
327,96,2.0,3.3880251558057703
327,127,4.0,3.872032316618216
327,133,4.0,3.5701017125043126
327,143,4.0,3.2832905570159285
327,144,4.0,3.341896955274395
327,153,4.0,3.374801407404178
327,169,2.0,4.135536993732908
327,173,4.0,3.627746299023229
327,179,2.0,3.6967578069248455
327,188,5.0,3.417931791346071
327,191,4.0,3.8114291545671923
327,192,5.0,3.829748620891272
327,195,4.0,3.4866844457460164
327,196,4.0,3.4249915969154063
327,197,4.0,3.74201066189545
327,198,4.0,3.760734201445027
327,200,4.0,3.4777983128391763
327,203,3.0,3.436158127196015
327,210,3.0,3.2881116922617997
327,215,4.0,3.23364218351905
327,216,3.0,3.473601611904512
327,219,4.0,2.6434092533139593
327,226,3.0,2.8122423167398267
327,230,4.0,2.872107011286841
327,233,3.0,2.7979055775363317
327,234,5.0,3.331728049083976
327,237,4.0,3.131557972499229
327,238,4.0,3.57741277007098
327,239,3.0,2.953395366251538
327,258,1.0,3.171002257833908
327,264,2.0,2.2297595656596934
327,265,2.0,3.3123464623598102
327,274,2.0,2.9873980926190837
327,281,3.0,2.682837199839266
327,288,4.0,2.7200159293397697
327,293,3.0,3.29592457489687
327,294,3.0,2.49102218890185
327,300,2.0,2.857765720806651
327,313,4.0,3.4827220112434256
327,344,4.0,3.2119942517807796
327,381,4.0,3.2531555863405783
327,382,3.0,3.3621523090905128
327,408,2.0,4.080054410035733
327,410,2.0,2.687150243555062
327,411,3.0,2.454048813205802
327,418,3.0,3.1987064171225765
327,419,4.0,3.32744975120787
327,421,2.0,3.1454746438875363
327,423,3.0,3.3669141231633737
327,425,3.0,3.5649341698349284
327,431,3.0,3.0033062753049675
327,435,4.0,3.555138609298497
327,451,4.0,2.8058489927841164
327,455,2.0,2.88257420379004
327,461,3.0,3.4247720504651613
327,469,4.0,3.4343665284505165
327,474,3.0,3.9841430870365393
327,476,2.0,2.5045185254006035
327,478,4.0,3.7238991976705074
327,494,4.0,3.737858161664351
327,497,4.0,3.6615434552329136
327,514,4.0,3.683914086149812
327,517,2.0,3.5603863531985778
327,533,4.0,3.6514627326616726
327,558,4.0,3.488383153637595
327,583,2.0,2.7303368909947654
327,588,4.0,3.296170329470905
327,589,3.0,3.809775577218119
327,603,4.0,4.007391016248826
327,634,5.0,3.387377003539624
327,645,4.0,3.3942057725779193
327,650,4.0,3.352361032041896
327,652,4.0,3.6309377420578026
327,655,4.0,3.410703458516527
327,659,4.0,3.6959900871345535
327,702,2.0,2.961790734806234
327,710,4.0,3.058029565489295
327,735,2.0,3.4089511798688554
327,753,4.0,3.4515370134539762
327,805,4.0,3.553001237716962
327,806,4.0,3.3157631161635712
327,811,4.0,3.6264837194992663
327,849,2.0,2.4508038435550903
327,886,2.0,2.695231881321641
327,895,3.0,2.3632103198446677
327,921,4.0,3.614119228587787
327,949,4.0,2.9692371374134328
327,962,3.0,3.056145860588475
327,1012,2.0,3.0235240904850484
327,1056,2.0,2.9286932644018173
327,1067,4.0,3.2073117792281227
327,1075,4.0,3.0731347032012386
327,1097,4.0,3.489845434345285
327,1098,4.0,3.5312426794184018
327,1100,4.0,3.16157395953305
327,1131,4.0,3.9805783836286235
327,1141,3.0,2.9145230415221874
328,4,3.0,3.6123901873168753
328,7,4.0,3.8031081459193277
328,9,4.0,3.797242597753349
328,10,4.0,3.7358300557585267
328,22,5.0,4.201112994012484
328,31,4.0,3.74060998912164
328,43,3.0,3.0730107553146064
328,55,4.0,3.637182557198558
328,76,3.0,3.457886856201555
328,79,4.0,4.0993553751106795
328,82,4.0,3.7978053283521844
328,85,1.0,2.9411052609255526
328,98,4.0,4.163764142432574
328,100,5.0,4.074159049362679
328,132,5.0,3.9906618297614758
328,144,4.0,3.929302086940236
328,148,3.0,3.399943434006926
328,157,5.0,3.691051206613312
328,162,4.0,3.453793531003195
328,164,3.0,3.585027907304135
328,183,5.0,3.9921533370470463
328,185,4.0,3.924189058920625
328,188,5.0,3.6822054888089615
328,199,4.0,4.212174741845642
328,200,4.0,3.714885434715694
328,203,5.0,3.8367742006546433
328,205,4.0,4.060786252620738
328,211,4.0,3.8885737094630333
328,216,3.0,3.878664231762657
328,218,4.0,3.381978428506843
328,222,3.0,3.7391001698775974
328,223,4.0,4.036676066129494
328,228,3.0,3.751326786332353
328,231,2.0,2.7491932702417383
328,234,4.0,3.795761256779285
328,245,4.0,3.325339073781382
328,265,5.0,3.9818237683468043
328,271,3.0,3.3189752151362018
328,282,3.0,3.746942186252155
328,284,3.0,3.3696866102453065
328,289,4.0,3.1073829217412867
328,291,4.0,3.5367160723711804
328,294,3.0,3.364294734715091
328,322,3.0,3.262777792061195
328,331,4.0,3.4890878791865654
328,332,3.0,3.540806573604332
328,349,2.0,3.18109331996403
328,350,3.0,3.2286781614582774
328,356,3.0,3.395802408631454
328,370,3.0,2.8592356298354686
328,371,4.0,3.359943174037314
328,402,3.0,3.4215290616210097
328,403,3.0,3.4000676226408397
328,423,4.0,3.915353280231064
328,431,2.0,3.4326794539418177
328,432,1.0,3.666332832956606
328,443,4.0,3.6959927577477
328,451,4.0,3.2806978251235113
328,470,4.0,3.6110774600640285
328,474,4.0,4.061814594693532
328,480,3.0,4.18659540340967
328,482,3.0,3.8410460625437794
328,483,5.0,4.336162223885778
328,503,3.0,3.6476401176962994
328,504,3.0,3.7884016995815393
328,510,5.0,3.895994080611993
328,511,4.0,4.253413358388764
328,515,5.0,4.261505452597555
328,519,5.0,3.7753460475061473
328,521,4.0,3.798568800347394
328,523,5.0,3.9543911493137256
328,528,5.0,4.135912439176572
328,531,4.0,3.993439790038523
328,546,3.0,3.127862190991999
328,550,3.0,3.2450669445156906
328,554,3.0,2.7649409798465765
328,556,3.0,2.521027797007657
328,568,3.0,3.60912511409418
328,569,4.0,2.7048904440343415
328,570,3.0,3.040178687663994
328,579,3.0,2.8524609479700533
328,591,3.0,3.6183191209233514
328,614,4.0,3.7663850954217692
328,623,3.0,2.8930716360342146
328,627,3.0,3.2131525170065025
328,628,3.0,3.5743547971675085
328,636,3.0,3.238658414239748
328,639,2.0,3.4264795453215107
328,655,4.0,3.8132961243463406
328,661,5.0,3.9519605917104768
328,679,2.0,2.9935882726032883
328,690,3.0,3.562339699453551
328,693,2.0,3.5671611802860284
328,696,3.0,3.173181789367721
328,726,4.0,2.8877362913992615
328,736,3.0,3.781983476992625
328,742,4.0,3.710519169692533
328,750,4.0,4.003358117070503
328,754,4.0,3.4566759023166393
328,879,3.0,3.362867364053012
328,905,3.0,3.516210424820205
328,916,2.0,3.2474770297787434
328,1015,3.0,3.215707970655054
328,1041,3.0,3.219769026385795
328,1042,3.0,3.0705313980696642
328,1106,2.0,3.1376482327274506
328,1109,3.0,3.1657391342539216
328,1126,3.0,3.344422648057512
328,1135,1.0,2.869400622150936
328,1136,4.0,3.1680652611268236
328,1139,1.0,2.7145717113569168
328,1248,3.0,2.953320208819959
328,1263,3.0,2.5446348339119473
328,1277,3.0,3.1466015748730682
329,12,4.0,3.9144706433615983
329,79,4.0,3.5721208935812445
329,81,2.0,3.216185309437426
329,98,4.0,3.797470568616925
329,100,4.0,3.7304500230608744
329,124,5.0,3.7018942210580934
329,129,3.0,3.4152051936335996
329,147,3.0,3.018548786351162
329,181,4.0,3.5813244867459657
329,245,3.0,2.780072010451625
329,250,3.0,2.9762653175617126
329,258,3.0,3.389069288829073
329,269,4.0,3.530424990203019
329,272,5.0,3.8188466867473956
329,276,4.0,3.3501206383330575
329,288,2.0,3.0628432622600594
329,297,4.0,3.577328685607652
329,300,4.0,3.1694492164854418
329,303,4.0,3.4277644958427542
329,326,3.0,2.8593975155091425
329,338,2.0,2.3810217170913557
329,483,4.0,3.9194154914111463
329,512,4.0,3.6087539060742153
329,515,4.0,3.8572007880804433
329,591,2.0,3.2276461281316013
329,655,4.0,3.4953030307692794
329,855,4.0,3.4029528251900185
329,924,3.0,3.0975616113639637
330,8,5.0,5.0
330,11,4.0,4.975047850916516
330,22,5.0,5.0
330,38,4.0,4.4483844674852975
330,44,5.0,4.66955540910224
330,47,5.0,4.667101734759394
330,50,5.0,5.0
330,51,5.0,4.779066040422141
330,58,5.0,4.8963114369281415
330,66,5.0,4.8935710192942485
330,70,4.0,4.917200005090674
330,71,5.0,5.0
330,72,5.0,4.393990103987177
330,73,5.0,4.799780272896081
330,77,4.0,4.851223105939142
330,80,2.0,4.0612048194945904
330,88,5.0,4.844273131292539
330,95,5.0,5.0
330,97,5.0,5.0
330,121,4.0,4.897174853854997
330,133,5.0,5.0
330,136,5.0,5.0
330,153,5.0,4.885801579074396
330,161,4.0,4.9006246642932085
330,172,5.0,5.0
330,174,5.0,5.0
330,181,5.0,5.0
330,193,5.0,5.0
330,200,5.0,4.857173543835125
330,204,5.0,5.0
330,208,5.0,5.0
330,213,5.0,5.0
330,215,5.0,4.963759417278572
330,235,5.0,4.106282427218434
330,255,4.0,4.749840146161755
330,275,5.0,5.0
330,277,4.0,4.723227323205917
330,286,5.0,4.875594782581942
330,393,4.0,4.7734488377155015
330,418,5.0,4.747554347763508
330,419,5.0,4.922593831888045
330,427,5.0,5.0
330,447,4.0,4.44194561848624
330,465,5.0,4.772968745972781
330,473,4.0,4.373952317007758
330,485,5.0,5.0
330,527,3.0,5.0
330,549,5.0,4.819223851661308
330,570,4.0,4.298815919042568
330,575,4.0,3.914499779520788
330,584,3.0,4.630135126098522
330,588,5.0,5.0
330,596,5.0,4.554810485426497
330,603,5.0,5.0
330,692,5.0,5.0
330,747,3.0,4.785108161096943
330,763,5.0,4.616324506728763
330,823,3.0,4.217257279395928
330,845,5.0,4.74873808222377
330,1016,3.0,4.843698182763253
330,1028,4.0,4.536885168749572
330,1044,5.0,4.681898766511351
331,7,4.0,3.7505110270982196
331,11,2.0,3.75879693963726
331,47,5.0,3.6911370144043048
331,58,3.0,3.6054663374110767
331,59,5.0,4.089728381274044
331,64,4.0,4.203164267310683
331,69,5.0,3.6682124984347717
331,81,5.0,3.422087692022566
331,100,4.0,4.029967255066146
331,133,3.0,3.5886462382181334
331,180,5.0,3.8913624571651226
331,182,4.0,3.7753224683719324
331,190,3.0,4.114909106710517
331,215,3.0,3.571655807486294
331,242,4.0,4.217518160429988
331,277,4.0,3.4708994846790064
331,305,5.0,3.765340057187107
331,454,3.0,3.2685313970866883
331,479,2.0,4.035750043427193
331,486,3.0,3.7136858246042648
331,503,4.0,3.6799293062759952
331,514,3.0,3.812650838801439
331,653,3.0,3.917807114742474
331,702,3.0,3.2031091796440134
331,705,2.0,3.83602764591838
331,811,4.0,3.899335302053593
331,868,4.0,3.4849526974742737
331,933,3.0,3.070589564937059
331,947,5.0,3.501390969519785
331,1100,2.0,3.503931717096863
332,5,5.0,4.482425322874416
332,7,4.0,4.960098274047091
332,22,5.0,5.0
332,44,3.0,4.362866097980866
332,53,3.0,4.315521287584754
332,54,4.0,4.618439648694793
332,82,5.0,4.904200489875224
332,95,5.0,4.99817286083712
332,97,5.0,4.846845339743025
332,98,5.0,5.0
332,120,4.0,3.3845894489984376
332,127,5.0,5.0
332,144,5.0,5.0
332,148,5.0,4.280038610295025
332,156,4.0,5.0
332,174,5.0,5.0
332,181,5.0,5.0
332,204,4.0,5.0
332,218,5.0,4.6060240838256385
332,228,5.0,5.0
332,229,5.0,4.420891197367201
332,232,5.0,4.621518456394065
332,233,4.0,4.602593185369254
332,235,3.0,4.064669760665661
332,249,3.0,4.466399151432415
332,258,5.0,4.989636427259809
332,265,4.0,5.0
332,271,4.0,4.519751816005295
332,284,5.0,4.323047003269533
332,288,5.0,4.67306265315782
332,291,4.0,4.480067621392755
332,295,3.0,4.5270324461245925
332,300,5.0,4.824349381799684
332,326,5.0,4.509127166606759
332,332,4.0,4.55981334882398
332,342,4.0,4.035338333985208
332,354,5.0,4.680928235190048
332,409,3.0,4.025927026915484
332,410,4.0,4.267374266056013
332,449,4.0,4.333015340565156
332,451,5.0,4.431846737242637
332,546,4.0,4.283981651231351
332,566,4.0,4.830719426976191
332,595,4.0,4.003392876129173
332,655,5.0,4.99247026832058
332,673,5.0,4.627882914822444
332,684,5.0,4.928717071590041
332,693,5.0,4.946279465214814
332,696,3.0,4.176357742584311
332,717,3.0,3.9128253720545754
332,728,4.0,3.9967422377494777
332,770,3.0,4.473826298341369
332,831,3.0,3.6692426995800362
332,866,2.0,4.22207757982345
332,871,3.0,3.47173454971834
332,879,4.0,4.443271165436201
332,928,5.0,4.117178224762854
332,934,2.0,3.70746775341083
332,975,3.0,4.273362376668507
332,978,4.0,3.478890846717521
332,1013,3.0,3.406521299232471
332,1016,5.0,4.593569455578163
332,1028,4.0,4.113261752986809
332,1150,3.0,4.528736179001013
332,1188,5.0,4.094921955232498
332,1218,5.0,4.7582207079533365
332,1244,4.0,3.956481970873485
333,66,5.0,3.7754627267412673
333,79,3.0,4.2125071664
333,88,5.0,3.803746300951867
333,98,4.0,4.342066530802743
333,180,1.0,4.12412980375597
333,276,4.0,3.653971585084475
333,315,5.0,4.004549187910756
333,316,5.0,4.11322197435346
333,739,5.0,3.5493163432178756
333,748,4.0,3.3936546647474466
333,873,3.0,3.0204254920135165
333,894,3.0,2.6901284137250348
334,4,3.0,3.6487746441926223
334,7,5.0,3.921335718480896
334,8,4.0,3.995563292099976
334,22,4.0,4.031522495844441
334,52,4.0,3.9107274104231005
334,59,5.0,4.012711788829942
334,69,1.0,3.824903825555623
334,70,3.0,3.8333046450950663
334,72,3.0,3.120560657689307
334,77,3.0,3.2450602237048582
334,86,4.0,3.9982872142241774
334,93,4.0,3.9196158730895307
334,100,5.0,4.183348784677515
334,117,3.0,3.5661556174284157
334,132,3.0,4.0281781493177515
334,135,4.0,4.0830581805217045
334,153,4.0,3.856193465877481
334,160,4.0,3.699519564120507
334,168,5.0,4.115849646281979
334,170,3.0,4.243094934089051
334,173,4.0,4.108415289408539
334,182,3.0,4.155957433877269
334,183,4.0,4.11747453983458
334,191,4.0,4.250204782422637
334,200,4.0,3.9004625266858133
334,204,4.0,3.738833908078745
334,207,4.0,3.902757687310653
334,210,3.0,3.8344541341856853
334,216,3.0,3.894274488664164
334,222,4.0,3.60693528708013
334,223,5.0,4.284462895482139
334,224,2.0,3.8343460671154483
334,227,1.0,3.2147202839073654
334,229,2.0,3.1489987067052225
334,245,2.0,3.0116164538233647
334,250,3.0,3.4416328915778034
334,268,4.0,3.8726962083714005
334,269,3.0,3.887808431125554
334,276,4.0,3.7600464886425145
334,282,4.0,3.602172744972238
334,285,4.0,4.25454256895497
334,289,3.0,2.8971564602570345
334,293,3.0,3.8102249064687843
334,300,3.0,3.3953968162739896
334,302,5.0,4.0670014002850925
334,306,4.0,3.932477215609427
334,311,4.0,3.684619350363848
334,313,4.0,4.005730401558171
334,316,4.0,3.8638213672362633
334,317,3.0,4.050751715006156
334,319,3.0,3.3514301236761046
334,322,3.0,2.9089448616954945
334,326,1.0,3.0878766842585987
334,340,3.0,3.5023694354577017
334,387,4.0,3.4952565281157195
334,396,4.0,3.1583920975639224
334,408,4.0,4.482172612184385
334,421,4.0,3.6153201581656207
334,427,4.0,4.281329646427888
334,436,3.0,3.6257333304208426
334,443,3.0,3.9398657371579775
334,449,3.0,3.0475978540394904
334,450,1.0,2.6669331555139872
334,461,3.0,3.787554494032812
334,474,3.0,4.3574754572969425
334,475,4.0,3.925231476240902
334,476,3.0,2.991654876169984
334,481,5.0,4.093143405781774
334,502,3.0,3.690376346651818
334,505,4.0,4.164487773910225
334,512,4.0,4.168766923109241
334,514,4.0,4.15730724116333
334,515,4.0,4.3710268369167995
334,525,5.0,4.170764683293489
334,558,4.0,3.956776528778116
334,566,3.0,3.4296502192036176
334,577,2.0,2.5212612447678824
334,603,5.0,4.449018806854489
334,608,4.0,3.9719829847655737
334,620,2.0,3.0830750085154004
334,628,4.0,3.487163276050283
334,631,4.0,3.828069812481897
334,635,2.0,2.9631776411293487
334,652,5.0,4.124818744410686
334,658,3.0,3.390302718844067
334,663,5.0,4.0538186863784915
334,684,4.0,3.6899321786339527
334,693,3.0,3.8966476367606377
334,708,4.0,3.6660573598928994
334,709,4.0,4.1250410309288394
334,716,3.0,3.0587717316672465
334,742,2.0,3.4983572449629685
334,792,4.0,3.904174510882329
334,840,4.0,2.8070909769826713
334,845,2.0,3.3690157893303003
334,870,3.0,2.8944334964175082
334,888,2.0,3.398790527544469
334,922,4.0,3.862372829256867
334,961,4.0,3.6961012019396584
334,1006,3.0,3.3048371101042977
334,1008,4.0,3.4457327177572283
334,1010,5.0,3.463289741570978
334,1051,4.0,2.973739511802125
334,1073,4.0,4.069992014361288
334,1108,4.0,3.3232805826157508
334,1133,4.0,2.86972836496277
334,1137,4.0,3.844848791853282
334,1163,4.0,2.9729972757491243
334,1172,3.0,3.7313087711643176
334,1207,2.0,2.6249752580978565
334,1241,2.0,3.379199226003459
334,1315,4.0,2.868823466276473
334,1404,4.0,3.558407967556613
334,1411,1.0,3.06851469511681
334,1524,4.0,4.397601295658788
335,245,4.0,3.4668784023533776
335,260,3.0,3.106480178841836
335,269,4.0,4.018365818253531
335,271,4.0,3.4895650296364917
335,288,4.0,3.5336239090683788
335,324,1.0,3.452674102894607
335,328,3.0,3.5711085997730225
335,347,5.0,3.7949504488332884
335,678,3.0,3.0730502533555923
336,13,3.0,3.3375151408117847
336,49,4.0,3.0068122930971692
336,66,3.0,3.2375186416710813
336,67,4.0,2.720559321891436
336,108,3.0,2.89647124384394
336,117,3.0,3.576978593787825
336,124,1.0,3.902099245129846
336,153,5.0,3.585382878394142
336,154,5.0,3.5641588429307154
336,158,3.0,2.301614642399225
336,202,1.0,3.633792533791063
336,208,2.0,3.6848937107071262
336,216,5.0,3.726884516185959
336,232,3.0,3.184644571444144
336,239,3.0,3.4777572036280744
336,276,4.0,3.4658705196162405
336,282,3.0,3.4785519507433613
336,395,2.0,2.294805669163992
336,399,3.0,2.9332431731650193
336,405,3.0,3.2038442067811808
336,410,3.0,3.0632783525032745
336,451,2.0,2.979726021211447
336,571,1.0,2.3087153405838716
336,577,1.0,2.139137758778378
336,619,3.0,2.98459117006614
336,655,3.0,3.6989031060628537
336,692,3.0,3.40981740235716
336,722,3.0,2.547365056284793
336,738,1.0,2.5865037673437867
336,742,3.0,3.4149258586872886
336,824,3.0,2.6284346520217414
336,845,1.0,3.3522017074665236
336,864,1.0,2.9536521395804893
336,926,1.0,2.4684855303559843
336,999,2.0,2.290578773211957
336,1012,5.0,3.3257525443764036
336,1017,5.0,3.093997419738539
336,1047,4.0,2.6482926456695672
336,1054,1.0,2.202982833596114
336,1057,4.0,2.3469737041239718
336,1059,3.0,2.630722433929086
336,1074,5.0,2.957310263607771
336,1098,3.0,3.6203167724330627
336,1218,3.0,3.090779869395535
336,1230,2.0,2.1070476870103
337,106,2.0,3.571827126958977
337,121,5.0,4.138457133264075
337,135,5.0,4.501825462807223
337,229,3.0,4.06062934074133
337,230,5.0,4.366162225090258
337,235,3.0,3.6301540506039878
337,257,3.0,4.28580965460325
337,371,4.0,4.1764693794911
337,450,2.0,3.418561096947039
337,631,4.0,4.1647142914346835
337,742,5.0,4.31631508057527
337,1016,4.0,4.116456121078055
337,1133,4.0,3.5873333985812903
338,56,3.0,4.5779546173593655
338,79,4.0,4.332738187711444
338,100,4.0,4.555024094729522
338,132,2.0,4.375622057146457
338,133,4.0,4.159458661401074
338,134,5.0,4.7670623121115625
338,168,3.0,4.498147104540353
338,170,5.0,4.608700411872235
338,174,4.0,4.48085714317104
338,194,3.0,4.331433442410867
338,204,3.0,4.136215736380468
338,211,4.0,4.391897708913149
338,212,4.0,4.32608243988954
338,294,1.0,3.5030173465714998
338,306,4.0,4.497162154274096
338,310,3.0,4.049419428888213
338,408,5.0,4.861952766838202
338,435,4.0,4.266538582985792
338,462,4.0,4.425684031561408
338,480,5.0,4.699779543687933
338,483,4.0,4.766516535271297
338,484,5.0,4.565929445028006
338,486,3.0,4.211026133198819
338,494,3.0,4.517018591618176
338,511,4.0,4.61636155977077
338,516,5.0,4.494718439112668
338,582,5.0,4.139021398824404
338,603,5.0,4.6972150827655055
338,604,4.0,4.457815955396424
338,606,3.0,4.578203288248536
338,613,3.0,4.370884685828862
338,663,5.0,4.4889874211154215
338,792,4.0,4.338078498661721
338,945,4.0,4.310076055852184
339,1,5.0,4.355904142452519
339,11,4.0,4.393449617608027
339,12,5.0,4.963009917999434
339,23,5.0,4.94364474447913
339,25,4.0,4.020468904800172
339,28,4.0,4.391563672481448
339,30,3.0,4.9251078356844324
339,32,5.0,4.816870120135822
339,42,4.0,4.421964213414749
339,47,4.0,4.47146439675549
339,55,3.0,4.255187196443682
339,58,3.0,4.3717283942448635
339,65,4.0,4.1920413295868775
339,67,3.0,3.229282569728173
339,73,3.0,3.6976676370168433
339,76,3.0,3.919601125860816
339,82,4.0,3.9776487302474925
339,97,4.0,4.245991587192216
339,98,4.0,4.843723528355954
339,101,3.0,3.9218713288132596
339,126,4.0,4.337663523169848
339,132,5.0,4.66394922071777
339,133,4.0,4.572188044272309
339,135,5.0,4.794075875658099
339,139,3.0,3.214272493771549
339,153,4.0,4.407749759735113
339,154,4.0,4.541798683172427
339,159,3.0,3.539044046203195
339,163,4.0,4.2503355332311346
339,175,5.0,4.62935157737437
339,181,4.0,4.390117520394928
339,182,5.0,4.7716105124948776
339,183,4.0,4.602686079395429
339,188,4.0,4.3766426651054
339,190,4.0,4.919292904230977
339,192,5.0,5.0
339,194,4.0,4.714391192763162
339,196,4.0,4.418294170031144
339,198,5.0,4.798729930635677
339,214,3.0,4.122598416213587
339,226,2.0,3.574720595665377
339,228,4.0,4.182030277996883
339,231,2.0,3.144538131788933
339,240,4.0,3.558379535800439
339,248,4.0,4.383842557340237
339,258,3.0,4.310043911805647
339,265,3.0,4.244602368029716
339,270,2.0,4.384486978722618
339,286,5.0,4.4612366760722555
339,288,3.0,3.866738823963349
339,298,2.0,4.230507473680192
339,302,4.0,4.976841957506864
339,347,4.0,4.344443577656225
339,380,3.0,3.6753970190225513
339,402,3.0,3.659953597278937
339,411,2.0,3.50445996565516
339,431,4.0,3.887611653558778
339,435,4.0,4.651894717525154
339,469,5.0,4.549988535277064
339,475,5.0,4.610440796882991
339,478,5.0,4.897834090368543
339,479,5.0,5.0
339,496,5.0,4.6537901615506705
339,509,4.0,4.676573459315233
339,514,3.0,4.856755444789994
339,516,4.0,4.67849526674591
339,522,5.0,4.702095300019962
339,523,5.0,4.854120559475522
339,525,5.0,4.871015164554277
339,550,2.0,3.5587184903082374
339,573,3.0,3.686401680143021
339,582,4.0,4.374211245427245
339,589,5.0,4.979655512442047
339,603,5.0,5.0
339,607,5.0,4.882987164242943
339,631,5.0,4.529413878052064
339,632,4.0,4.839727876943391
339,636,4.0,3.8662905906734766
339,642,5.0,4.4305494868675
339,661,5.0,5.0
339,673,5.0,4.239886376870559
339,693,5.0,4.388012814878402
339,739,3.0,3.336414947147756
339,770,4.0,4.163522605266558
339,772,4.0,4.25070493088075
339,806,4.0,4.34060057901067
339,845,4.0,4.00441933285965
339,856,5.0,4.769119210440067
339,961,3.0,4.497864410023682
339,1030,1.0,2.7994368452700984
339,1039,4.0,4.641860593108808
339,1113,4.0,4.281216853040253
339,1139,3.0,3.095600542252586
339,1244,4.0,3.207775096658118
339,1248,3.0,3.5595769389841463
339,1301,3.0,4.143783518312422
340,1,5.0,4.565599742321956
340,71,5.0,4.601716067411384
340,172,4.0,4.727314330118451
340,174,4.0,4.887550211937603
340,181,4.0,4.6953480650308475
340,186,4.0,4.456495671795084
340,204,4.0,4.557587772748343
340,205,4.0,4.5457589657792274
340,265,5.0,4.69900813218832
340,402,4.0,4.456396921937482
340,405,5.0,4.1177142386289445
340,418,5.0,4.447891313830775
340,423,4.0,4.501095906470606
340,435,4.0,4.3583559831353975
340,504,1.0,4.142403887239081
340,526,5.0,4.434219091884067
340,1133,5.0,3.6130003869094507
341,288,4.0,3.6929232070012095
341,292,5.0,4.124958312565218
341,294,3.0,3.632353140918101
341,876,4.0,3.5913055059958507
341,877,3.0,3.3932968999329765
341,880,5.0,3.5875705871485124
341,887,5.0,4.000581738315668
341,948,3.0,3.0859052562201814
341,1527,4.0,3.458013105867056
342,4,4.0,3.5033551433447503
342,13,3.0,3.5563295977296394
342,23,5.0,4.205253042528475
342,25,2.0,3.194028217151842
342,32,5.0,3.9879352401714745
342,56,5.0,4.123785986129041
342,58,5.0,3.6610736835761744
342,92,4.0,3.74998954241371
342,95,4.0,3.565492569731225
342,100,5.0,4.047036555773399
342,108,4.0,3.080923503768955
342,122,4.0,2.6624950993781944
342,129,5.0,3.7005738186502355
342,132,5.0,3.956740775627608
342,134,4.0,4.326976872711758
342,143,5.0,3.519604880769964
342,156,4.0,3.8740755797940567
342,160,3.0,3.7507627729783275
342,175,5.0,3.9982263593087315
342,179,5.0,4.086506698574192
342,189,5.0,4.062682512821728
342,191,5.0,4.051176137212426
342,204,4.0,3.6369728069327505
342,220,1.0,2.8352535299082477
342,237,4.0,3.3629855631390644
342,240,3.0,2.954918058068805
342,255,4.0,2.806859464460211
342,257,2.0,3.386280681641404
342,274,2.0,2.9852816722801583
342,287,3.0,3.4033412445688644
342,288,5.0,3.211227755869587
342,297,3.0,3.7346409921051804
342,427,4.0,4.136014849480495
342,483,4.0,4.296966219473533
342,508,3.0,3.6057207887694886
342,517,5.0,3.9317821648052367
342,518,3.0,3.8808066871832336
342,523,4.0,3.9009238434114444
342,544,1.0,2.9357161873024302
342,558,5.0,4.062493323463038
342,574,1.0,2.756515621206664
342,581,3.0,3.290923778908164
342,584,4.0,3.4410993639626613
342,591,3.0,3.2613209110792214
342,607,3.0,4.169606481720265
342,655,4.0,3.7256142650412403
342,657,5.0,4.35352275440558
342,723,3.0,2.7360300290622517
342,724,1.0,3.386680652603308
342,746,4.0,3.5273886071651774
342,762,2.0,3.128279459198255
342,764,1.0,2.6413594728077063
342,772,1.0,3.5078609898180884
342,792,3.0,3.8458818080259363
342,813,5.0,3.787014872245514
342,815,4.0,2.6533724883645653
342,928,3.0,2.788574933453246
342,950,2.0,3.3215804704875023
342,952,3.0,3.168233093634253
342,974,2.0,2.8177272663082826
342,975,2.0,2.9491271737558957
342,1007,4.0,3.838545198120777
342,1009,1.0,3.284860719082802
342,1047,2.0,2.3208388227678225
342,1048,1.0,2.9008299255634293
342,1071,4.0,3.322433743630402
342,1073,1.0,3.882927689245307
342,1128,5.0,3.309178825650412
342,1160,3.0,3.1476521990735127
342,1163,3.0,2.7069320190273283
342,1166,1.0,3.68661681424993
342,1300,1.0,2.3144866998572042
342,1368,5.0,3.908269449237735
343,8,5.0,4.570621656078628
343,12,5.0,4.961120331022425
343,20,5.0,4.274264308219846
343,25,2.0,4.062641334482588
343,38,3.0,3.332568133493476
343,44,3.0,3.7749933368676394
343,47,4.0,4.517215370862339
343,48,3.0,4.921838733926706
343,52,5.0,4.529917205686117
343,55,3.0,4.246962616874439
343,62,2.0,3.6306747371325367
343,69,5.0,4.3723089318804504
343,76,4.0,4.025520609197434
343,82,5.0,4.108521536239371
343,88,4.0,3.8875938142858666
343,97,4.0,4.3191679784368375
343,100,5.0,4.8325813476059025
343,118,2.0,3.368147662625594
343,121,2.0,3.661253136308271
343,124,4.0,4.765896482677897
343,130,3.0,3.5484043572218313
343,132,5.0,4.688676359763097
343,135,5.0,4.729728604307784
343,143,4.0,4.174928902335333
343,147,4.0,4.052509059952659
343,156,4.0,4.6397536695115225
343,163,5.0,4.285157203635589
343,164,3.0,3.922905165118576
343,186,4.0,4.315388371885396
343,187,4.0,4.892926594029973
343,188,4.0,4.350275651490746
343,191,5.0,4.930843319930718
343,194,5.0,4.732246374684085
343,196,4.0,4.427592805547502
343,199,5.0,4.935522357514099
343,211,5.0,4.683070265034385
343,214,4.0,3.9642580778921928
343,228,5.0,4.346790007440988
343,237,4.0,4.2602775006597255
343,250,5.0,3.9210846265673673
343,269,4.0,4.714481627432065
343,275,5.0,4.651034712402141
343,303,4.0,4.5390519502601805
343,306,4.0,4.501290713350933
343,333,3.0,4.066047796930159
343,367,4.0,4.054741795040064
343,371,2.0,3.9945510075933033
343,375,2.0,2.901520148562795
343,382,3.0,4.340074284898551
343,405,4.0,3.699425631813561
343,423,5.0,4.3039122591837415
343,435,4.0,4.594254475400738
343,458,5.0,3.931370643905027
343,474,5.0,4.989739144803678
343,475,5.0,4.554618329440498
343,483,5.0,5.0
343,498,5.0,4.7239234490845465
343,499,5.0,4.853657588818356
343,546,1.0,3.3788520956465926
343,569,3.0,3.179054252089358
343,642,4.0,4.347897870693499
343,654,5.0,4.895990028310189
343,655,5.0,4.409207484552366
343,684,3.0,4.146198675550032
343,702,4.0,3.8837411662048713
343,708,4.0,4.29565060214208
343,712,4.0,3.9960554210770587
343,724,4.0,4.015387537306215
343,727,4.0,3.9462695616673407
343,729,3.0,4.114191992307406
343,778,5.0,4.017790892293416
343,792,5.0,4.458400739917807
343,823,3.0,3.3688427296331014
343,919,5.0,4.765400538070496
343,921,4.0,4.652885067638066
343,951,1.0,3.386626245318953
343,961,4.0,4.236745444945481
343,980,5.0,4.066143460129635
343,1107,3.0,3.9308504977039482
343,1132,4.0,3.3586782512826745
344,5,3.0,3.3069425876536345
344,9,5.0,4.1144006818370595
344,12,5.0,4.57581368796046
344,25,4.0,3.580154704248263
344,39,3.0,3.651647524026064
344,45,5.0,4.569282528667783
344,58,3.0,3.9575181303465583
344,79,4.0,4.113275979547501
344,87,4.0,4.230150630144524
344,97,3.0,3.9097341454135535
344,106,2.0,2.831726459999696
344,111,4.0,3.5089878274075583
344,119,5.0,4.349022301764991
344,125,3.0,3.4930578472276568
344,148,2.0,3.1270105310479877
344,172,4.0,4.310798742016313
344,175,5.0,4.16279640728681
344,176,5.0,4.131472311262553
344,181,3.0,4.073371187872934
344,183,5.0,4.220992567244677
344,190,5.0,4.497248740765203
344,191,5.0,4.472184224128701
344,195,5.0,4.036313203989597
344,196,4.0,4.0556391156279075
344,204,4.0,3.9711251981238807
344,208,5.0,4.116048793704233
344,213,4.0,4.338497572272174
344,215,3.0,3.8453982141802565
344,222,4.0,3.715063798981671
344,228,4.0,4.002823713354472
344,237,3.0,3.7281755941475496
344,244,3.0,3.427745365236745
344,245,3.0,3.240950739122977
344,246,4.0,4.126077457036349
344,248,4.0,3.8316264670454094
344,251,5.0,4.414795873236527
344,255,4.0,3.2248417178643107
344,268,3.0,4.09014889275544
344,274,2.0,3.4367987496843684
344,278,3.0,2.8789463556991306
344,283,4.0,4.109309555939122
344,284,3.0,3.2758370184020844
344,286,3.0,3.9364704235310635
344,288,4.0,3.532400787652215
344,295,3.0,3.371614718306577
344,301,4.0,3.5445856240181546
344,303,4.0,4.091419651480484
344,304,3.0,3.655161632118303
344,306,5.0,4.236688437749052
344,313,3.0,4.212189398525448
344,315,5.0,4.293182468600951
344,421,2.0,3.765855076011375
344,433,4.0,4.0987969053091975
344,451,4.0,3.430493974099469
344,462,2.0,4.337513178149151
344,471,3.0,3.4683612747050123
344,472,3.0,2.968951160628073
344,477,3.0,3.3339011331945922
344,479,4.0,4.540862045001829
344,486,4.0,4.109716346034239
344,508,4.0,3.958581978681221
344,511,4.0,4.466374686127412
344,535,3.0,3.0497237760032885
344,537,4.0,4.21640940388728
344,559,3.0,3.3332996966398962
344,568,5.0,3.68458409146886
344,597,2.0,2.9702016081600853
344,619,4.0,3.0681154684097236
344,660,3.0,3.9331110881662963
344,663,5.0,4.231299314230653
344,678,2.0,2.87400750960477
344,684,3.0,3.844714561817023
344,707,4.0,4.242768985168693
344,716,3.0,3.456270570327185
344,845,3.0,3.4190292313937922
344,896,4.0,4.397868234616568
344,1007,4.0,4.288164543894285
344,1050,3.0,3.7974911752458675
344,1165,1.0,2.3197116315468964
344,1172,4.0,3.7236737247240677
344,1283,2.0,2.7950397439623975
345,1,3.0,4.129595564139584
345,13,4.0,4.129415948559917
345,15,4.0,3.917477519606356
345,25,3.0,3.8158299099897395
345,26,3.0,3.820510224915904
345,33,4.0,3.810610663698268
345,48,5.0,4.524648598682978
345,49,3.0,3.5342050437238117
345,51,5.0,3.4948399023325667
345,64,5.0,4.738565785609272
345,71,3.0,3.9594986048653045
345,77,3.0,3.6338372922342765
345,88,4.0,3.7314065662916045
345,93,4.0,4.32957820285862
345,98,5.0,4.64217700797969
345,100,5.0,4.529666256386302
345,121,3.0,3.5578448375202543
345,126,5.0,3.8584558370681004
345,132,5.0,4.377346640412585
345,151,5.0,4.089345285482246
345,172,4.0,4.50590593275799
345,173,5.0,4.498631339411214
345,174,4.0,4.552731584026026
345,197,4.0,4.536743332866627
345,202,3.0,4.089848891911332
345,216,5.0,4.2457481362230265
345,221,5.0,4.222403658651525
345,235,3.0,3.3420252457715507
345,246,4.0,4.35282792273213
345,251,5.0,4.466033084615439
345,269,5.0,4.244670064894544
345,272,5.0,4.423782227082376
345,282,3.0,3.8530982394428226
345,283,4.0,4.104621937481819
345,284,4.0,3.6034336275482044
345,285,5.0,4.570655375963787
345,289,3.0,3.2382495984522937
345,291,3.0,3.4803181342273475
345,295,4.0,3.579523445488469
345,297,4.0,4.397623744720328
345,301,4.0,3.5715625470760473
345,302,5.0,4.457720148224352
345,311,5.0,4.005558558446387
345,312,3.0,3.276417072792485
345,313,4.0,4.220846291525744
345,315,5.0,4.2422457617971485
345,317,4.0,4.359677773104466
345,325,1.0,2.978871418319789
345,332,1.0,3.457090976824721
345,333,3.0,3.65544290294805
345,356,3.0,3.519035113226838
345,367,4.0,3.820984447593469
345,387,4.0,3.8564402192435514
345,402,4.0,3.5967859947714187
345,403,3.0,3.7562466293812102
345,405,4.0,3.5650625441823394
345,443,5.0,4.174034851275458
345,451,5.0,3.561720416958352
345,471,3.0,3.6928418846793236
345,473,2.0,3.686705586237733
345,476,3.0,3.271449736956459
345,479,4.0,4.65126116566262
345,481,3.0,4.3331408905482265
345,508,4.0,4.055982555495764
345,535,3.0,3.3633734335668306
345,550,3.0,3.486357676904342
345,559,1.0,3.4182720049742916
345,582,5.0,4.158733350585416
345,651,4.0,4.401973783048908
345,660,5.0,4.062798055638501
345,676,4.0,3.674379407053432
345,708,3.0,3.9422719169036085
345,716,3.0,3.3145058171371824
345,722,3.0,3.049418753443364
345,724,5.0,3.7180948564290706
345,732,4.0,3.958545231504772
345,739,4.0,3.310224197413296
345,748,2.0,3.2267629996866383
345,845,3.0,3.7086940292555393
345,846,4.0,2.968090217252878
345,866,3.0,3.2844447717714043
345,879,2.0,3.4438093037583895
345,903,3.0,3.8675322259373823
345,919,2.0,4.33051336689295
345,949,3.0,3.4782985797968036
345,956,4.0,4.18354713217107
345,972,4.0,3.677143515346952
345,988,2.0,2.4672876561831742
345,1011,3.0,3.8088082309596767
345,1014,3.0,3.4606936075432806
345,1016,3.0,3.6045359687283
345,1017,2.0,3.7955675575372694
345,1047,4.0,2.902421779362051
345,1048,2.0,3.472860895753081
345,1082,2.0,3.2958514313444427
345,1160,3.0,3.846597095837297
345,1247,2.0,2.6649369553900217
345,1315,3.0,3.3028361357797946
346,4,4.0,3.6485351541377162
346,17,1.0,3.304249196535286
346,31,4.0,3.8312569818172
346,33,5.0,3.555961769306478
346,53,1.0,3.063224171440417
346,62,3.0,3.3546438691403138
346,72,3.0,3.2221373233680923
346,76,4.0,3.6545707258513613
346,83,4.0,4.013370513248385
346,94,3.0,3.198701834289716
346,121,4.0,3.6722665660588385
346,128,2.0,3.4970950249570447
346,133,5.0,3.951254025741657
346,134,5.0,4.16000779171156
346,143,3.0,3.822208971124775
346,158,2.0,2.6780739969143283
346,167,2.0,3.057517014530346
346,174,5.0,4.438259626992525
346,176,4.0,4.08872514837163
346,186,3.0,4.046715596231018
346,187,3.0,4.287504524444482
346,210,4.0,4.024944966942486
346,213,3.0,3.704306543639845
346,218,3.0,3.491440800727958
346,232,3.0,3.2663735311374906
346,237,4.0,3.7113240725398606
346,241,4.0,3.8104001968218437
346,245,4.0,3.2175035519950503
346,265,4.0,4.051214563684743
346,291,5.0,3.478136368902624
346,294,3.0,3.30751301030578
346,322,3.0,3.17575679830557
346,392,3.0,3.4778679729600777
346,405,3.0,3.4679932204515507
346,415,2.0,2.613475683254957
346,455,3.0,3.357497378344857
346,518,4.0,3.858925680722566
346,546,4.0,3.279260733096203
346,561,3.0,3.0188698022612668
346,569,3.0,2.708218151102057
346,582,3.0,3.542019231919423
346,673,3.0,3.440256272744782
346,684,4.0,3.964473452405549
346,685,3.0,3.472582600519429
346,727,1.0,3.575055875381631
346,732,3.0,3.7823277516639338
346,742,4.0,3.709358505350939
346,780,2.0,2.8325485280290916
346,785,3.0,3.1634994657400646
346,809,3.0,3.0693900482412397
346,831,3.0,2.4701494603566863
346,879,5.0,3.4084203917627853
346,932,2.0,2.990976290590652
346,967,2.0,3.1122178328400514
346,977,3.0,2.9403872320364126
346,1018,3.0,3.400369890588518
346,1090,2.0,2.8373968258888835
346,1110,1.0,2.9146669725115624
346,1222,4.0,2.7390704679034785
347,7,4.0,4.070747185328419
347,12,3.0,4.8305200566126985
347,22,5.0,4.642209655525987
347,25,2.0,3.6773365193223055
347,55,5.0,4.2268936584380565
347,56,5.0,4.5183028066099125
347,65,2.0,3.9697753936645856
347,69,5.0,4.297539067449904
347,73,2.0,4.009185884141615
347,79,5.0,4.5809126040745305
347,82,5.0,4.219174833587719
347,85,5.0,3.615074794555777
347,87,3.0,4.458911332810245
347,96,4.0,4.520496844290799
347,98,5.0,4.6615055094036375
347,125,5.0,3.9344752953188165
347,127,5.0,4.667285641669348
347,132,5.0,4.412500911429686
347,144,5.0,4.432356015684763
347,151,3.0,3.96872129688033
347,168,5.0,4.364033804712196
347,173,2.0,4.506273558022886
347,182,5.0,4.598724700342408
347,208,2.0,4.260235136342581
347,215,4.0,4.127911829238461
347,216,3.0,4.284843548022015
347,222,4.0,3.945209838656527
347,223,4.0,4.478078376628708
347,227,4.0,3.927992216651718
347,230,4.0,4.024953640871814
347,239,5.0,4.153081151586978
347,241,3.0,4.057968276358154
347,246,4.0,4.2997996025608325
347,257,4.0,4.062801857661173
347,268,4.0,4.198471252936811
347,280,4.0,3.426315585586286
347,286,3.0,3.9033608073383377
347,288,5.0,3.793837263356793
347,291,5.0,3.5376905756977273
347,294,1.0,3.5359825949955708
347,298,5.0,4.039255601842825
347,300,5.0,3.861565971501671
347,317,1.0,4.316054103861691
347,318,3.0,4.7674796518837566
347,323,1.0,3.052564087457182
347,324,1.0,3.3109294084439473
347,328,4.0,3.785636074590725
347,385,4.0,4.19588525587271
347,392,2.0,4.035528549245841
347,410,5.0,3.5491767330486006
347,416,3.0,3.696226503253854
347,423,4.0,4.233153795903228
347,435,5.0,4.307739721789693
347,462,2.0,4.068993064985977
347,465,3.0,3.8142637957415175
347,472,5.0,3.341964496575958
347,475,4.0,4.156980470318945
347,501,4.0,3.8379919860557092
347,568,4.0,4.123792789464407
347,588,3.0,4.0820651496783125
347,609,4.0,3.8338995907377926
347,685,3.0,3.5658310610262105
347,699,1.0,3.9235247017090464
347,721,5.0,4.194834813123605
347,735,2.0,4.364396091444371
347,806,3.0,4.05626151704691
347,819,1.0,2.9058268580321736
347,827,1.0,3.0406526006549734
347,829,4.0,2.9448244959794283
347,841,3.0,2.7330716652250695
347,871,4.0,2.573608069298186
347,879,3.0,3.478450097683348
347,959,5.0,4.0460400079093075
347,1028,2.0,3.2032232890541428
347,1035,3.0,3.5113013655267173
347,1059,3.0,3.21050735946984
347,1088,1.0,2.3739828112889247
347,1283,1.0,2.8784149497085236
348,1,4.0,4.410833517134429
348,15,4.0,4.338452455681821
348,100,4.0,4.544741760035084
348,147,5.0,4.091282254111284
348,240,3.0,3.306355755825781
348,245,4.0,3.885432664421373
348,276,3.0,4.054571064434105
348,288,5.0,4.020779112319704
348,294,4.0,3.9294701718407516
348,313,5.0,4.879778637449817
348,370,4.0,3.671087603316434
348,405,4.0,3.99057528503279
348,406,4.0,3.2585279190032943
348,411,4.0,3.57390198199145
348,472,4.0,3.83316560050067
348,473,3.0,3.6911736526305576
348,476,4.0,3.8511196579898543
348,628,4.0,4.136911768468145
348,742,4.0,4.320019794320813
348,819,4.0,3.355309676054816
348,834,4.0,3.125685651132862
348,924,4.0,4.051221481669388
348,928,5.0,3.7875637607420636
348,975,4.0,3.8328699809073408
348,1028,4.0,3.789458739989473
348,1061,5.0,3.736993401687642
348,1120,3.0,3.6969659273671067
349,9,4.0,3.9152267462897394
349,105,2.0,2.341959918710964
349,237,2.0,3.4843917576129053
349,288,3.0,3.280853955464335
349,370,2.0,2.611985263409961
349,411,4.0,2.942173928913466
349,412,1.0,2.7830806073435626
349,455,2.0,3.2244571426267457
349,475,4.0,3.920105279967378
349,744,2.0,3.503162915854348
349,823,4.0,2.84648044204204
349,847,4.0,3.8234423118706413
349,1117,3.0,3.0554739592673914
350,1,4.0,4.657159578442944
350,153,3.0,4.614576946263435
350,174,5.0,4.949388448395661
350,176,4.0,4.658746979456009
350,193,4.0,4.765121767383597
350,211,2.0,4.7909692168019316
350,228,4.0,4.521391689417603
350,286,5.0,4.518183581442799
350,324,4.0,4.140896931828722
350,340,4.0,4.556812694605549
350,530,4.0,4.837109853004583
350,589,5.0,4.9864749159454655
350,604,5.0,4.916330822523572
350,616,4.0,4.451364004066898
350,657,5.0,5.0
351,286,5.0,4.55279608313819
351,292,4.0,4.566740315120076
351,313,5.0,5.0
351,340,1.0,4.3955684594695965
351,359,4.0,4.565505653456709
351,538,4.0,4.47120117843278
351,750,5.0,4.917819216071663
351,754,5.0,4.3624264129375945
351,873,3.0,4.012258212880874
351,879,5.0,4.350076743439839
351,984,5.0,4.184773972478507
351,990,5.0,4.640812789202411
351,1105,4.0,4.261941438226795
351,1316,4.0,4.685952642451354
352,4,3.0,3.7858379021717496
352,7,3.0,3.9665856870915306
352,55,1.0,3.8189785007798083
352,96,4.0,4.124849684981208
352,173,1.0,4.226843570296751
352,181,4.0,4.170566561390735
352,182,5.0,4.10435556076537
352,183,5.0,4.178974415914596
352,216,4.0,4.058214524537687
352,234,4.0,3.9510544164694825
352,568,5.0,3.784067627373584
352,657,4.0,4.301285830525726
352,746,4.0,3.7837548325663906
353,271,2.0,2.845244363657634
353,286,5.0,3.56396590888455
353,300,3.0,3.4710411626745996
353,316,5.0,3.9315988339578887
354,47,4.0,3.6579485254169377
354,52,5.0,3.904910794830944
354,57,5.0,3.867422784569529
354,58,3.0,3.5420845252199276
354,61,5.0,4.167614534878302
354,70,3.0,3.6875218429198884
354,79,2.0,3.8268889645362996
354,86,5.0,3.984892794304331
354,87,3.0,3.946525392837625
354,124,5.0,4.267823695869706
354,131,3.0,3.7791829267223203
354,133,3.0,3.80088884410058
354,134,4.0,4.2953222075975495
354,136,5.0,3.9378595348446837
354,149,5.0,3.6741406215501473
354,152,3.0,3.6613579280135613
354,153,3.0,3.662493671070484
354,155,2.0,2.9711201315117175
354,162,3.0,3.507668058677327
354,174,4.0,4.012069337793953
354,175,5.0,3.8080229308762483
354,180,3.0,3.9865159213970203
354,191,4.0,4.072745824059499
354,197,4.0,3.882596368555589
354,199,4.0,3.964224754569063
354,208,4.0,3.7954041110278127
354,211,2.0,3.7964475900632313
354,213,5.0,4.110487398106736
354,242,5.0,4.283990552737807
354,257,3.0,3.6554095249821006
354,268,4.0,3.874561331478633
354,269,4.0,4.082553202281666
354,276,3.0,3.735372321156935
354,285,5.0,4.416646660062117
354,297,4.0,4.135464430063618
354,318,3.0,4.267489291472975
354,321,2.0,3.4085846639274453
354,344,5.0,3.8510798516221025
354,382,5.0,3.7780948456449512
354,414,4.0,3.6819733841852833
354,428,4.0,3.8088978439710472
354,435,4.0,3.810676863193932
354,462,3.0,4.0398834970285815
354,463,4.0,3.8130964111475576
354,479,4.0,4.191994272316482
354,480,4.0,4.1754856726221234
354,483,4.0,4.28719358823428
354,497,4.0,3.796697050991443
354,498,4.0,4.051623090475748
354,508,3.0,3.6625737512162906
354,511,4.0,4.089254597365834
354,529,4.0,4.097757439647212
354,584,5.0,3.342917679153292
354,603,5.0,4.174288398437328
354,605,3.0,3.20602543350183
354,607,3.0,4.128256170788345
354,629,3.0,3.3224837126990883
354,631,4.0,3.8056968835849108
354,651,3.0,3.8269156980971535
354,657,4.0,4.220832879986092
354,659,4.0,3.9462448017585725
354,664,5.0,3.7488841135281072
354,692,2.0,3.375099170920762
354,694,5.0,4.249245210520585
354,699,3.0,3.4994278721952883
354,702,3.0,3.384260432563912
354,705,4.0,3.9208133514556867
354,716,3.0,3.2300703925412706
354,732,2.0,3.3882132763851103
354,736,5.0,3.9349279032061237
354,740,4.0,3.7708072049700543
354,847,3.0,4.00694450623056
354,882,4.0,3.9160486748704133
354,900,4.0,4.068435331313634
354,904,5.0,4.011784649387633
354,929,4.0,2.9373235478395086
354,953,3.0,3.5796043084195626
354,962,4.0,3.6324263007679893
354,1007,4.0,4.039765855174746
354,1101,3.0,3.677057387708706
354,1241,4.0,3.4282905829701082
355,300,4.0,4.538877151928753
355,307,4.0,4.256681958893357
355,310,4.0,4.543677817339174
355,336,4.0,3.6465455621389444
355,872,4.0,4.257656233600736
355,882,4.0,4.504762949016411
356,272,5.0,4.123973211297011
356,300,3.0,3.540731111779139
356,313,5.0,4.098165677255878
356,328,4.0,3.2954066917686715
356,333,5.0,3.591517151155401
356,689,5.0,3.0541015267447578
356,748,4.0,3.1179809659869053
356,892,1.0,2.724816917178055
356,937,2.0,3.435797289668253
357,7,3.0,4.774915709090845
357,118,5.0,4.3954743029819605
357,125,5.0,4.610841063518982
357,222,5.0,4.7474257338025945
357,235,4.0,3.9499666354430927
357,237,5.0,4.8211770832856455
357,258,4.0,4.912083968605185
357,284,4.0,4.362347578903829
357,287,4.0,4.530485051327528
357,291,4.0,4.412433413889185
357,294,4.0,4.39103054317478
357,326,5.0,4.454627049584204
357,334,4.0,4.42634885660981
357,405,5.0,4.389954909491697
357,713,5.0,4.6591750205346285
357,742,4.0,4.664292458709381
357,819,4.0,3.6809369414218107
357,833,4.0,4.080588834891308
357,864,5.0,4.278620899596822
357,866,5.0,4.406970295749059
357,928,4.0,4.162075794760158
357,977,5.0,3.8175395392029716
357,984,3.0,3.9320318478203493
357,1095,3.0,3.717955724534415
358,59,4.0,4.077373070528589
358,132,5.0,3.839043679814616
358,357,4.0,4.107006700964068
358,469,4.0,3.8985606715754497
358,482,2.0,3.932473310881213
358,643,3.0,3.8609855262953574
358,896,4.0,4.211989495969562
358,1529,3.0,3.769638670449514
359,1,4.0,4.667899901206878
359,24,3.0,4.310560760654261
359,117,4.0,4.413287630062344
359,246,3.0,4.825716082368169
359,250,4.0,4.334039700879478
359,270,4.0,4.481125833776862
359,273,4.0,4.34805176866301
359,295,3.0,4.237270180188855
359,313,5.0,4.961158068821734
359,405,3.0,4.05966551990649
359,455,4.0,4.170142449091744
359,751,4.0,4.1899178966679305
359,831,3.0,3.476427340622593
360,13,3.0,4.093987486318411
360,14,5.0,4.47963988437494
360,28,4.0,4.171318739513289
360,79,4.0,4.240509589789511
360,116,3.0,4.423763978544276
360,127,5.0,4.697590752884285
360,134,5.0,4.765796487588739
360,157,4.0,4.1904231317101015
360,166,5.0,4.5652037717438505
360,181,4.0,4.088251587348326
360,191,4.0,4.525121012580435
360,194,3.0,4.402689765094326
360,195,3.0,4.1632308135319365
360,197,5.0,4.571643057983103
360,207,4.0,4.2876517338328455
360,222,2.0,3.7412423875198693
360,237,4.0,3.8655594077977495
360,238,4.0,4.3359520807484255
360,242,4.0,4.535334123836118
360,251,5.0,4.667954024122922
360,269,4.0,4.321390686713365
360,283,4.0,4.122952743070836
360,302,4.0,4.563140595482491
360,303,3.0,4.202482863660056
360,309,2.0,3.334879650067249
360,334,4.0,3.6864302468047088
360,423,4.0,4.154933927231072
360,496,3.0,4.397572575712228
360,511,5.0,4.660388900980566
360,588,3.0,3.9132326185772297
360,663,4.0,4.453519852236326
360,735,5.0,4.222149754601969
360,963,5.0,4.598710743098084
361,12,4.0,4.326890587450438
361,14,4.0,4.254638102366875
361,26,3.0,3.712789061783698
361,88,4.0,3.5245107218117746
361,97,4.0,3.8590230408383084
361,100,5.0,4.159954904166761
361,111,3.0,3.480586274659584
361,148,1.0,3.0604397727124777
361,156,4.0,3.896930166991228
361,173,5.0,4.188158076806083
361,179,4.0,4.247782489536651
361,183,4.0,4.13813226899101
361,185,5.0,4.413441927435919
361,197,5.0,4.4144506337867835
361,203,5.0,4.0210321083437135
361,222,2.0,3.622576323367664
361,234,4.0,3.872236444591701
361,238,4.0,4.118257194481615
361,273,3.0,3.4770268044352877
361,275,4.0,4.153619955247116
361,286,5.0,3.8763856282588853
361,340,3.0,3.808001678382802
361,387,3.0,3.7371754568049544
361,402,3.0,3.3328890570308047
361,435,5.0,4.222487480816199
361,466,4.0,3.827056265656993
361,498,4.0,4.464521725130347
361,513,5.0,4.615515911470252
361,517,5.0,4.277566406995393
361,524,4.0,4.574848373697732
361,531,5.0,4.061785599573528
361,652,4.0,4.188628188482384
361,654,4.0,4.544765817809968
361,655,3.0,3.9106462469319245
361,684,4.0,3.759626884728566
361,709,5.0,4.2298235792150525
361,739,4.0,3.154845253535333
361,762,2.0,3.4245843193070273
361,934,3.0,2.8543202452788186
361,949,4.0,3.529341751423768
361,1041,2.0,3.138366889012212
361,1074,3.0,2.9643353567972017
361,1119,3.0,3.5509318776613754
362,258,4.0,3.651349781752608
362,268,2.0,3.8022544137484715
362,288,4.0,3.3387962328945644
362,294,3.0,2.965899768903923
362,312,5.0,3.3588380847869277
362,333,5.0,3.431832376318261
362,336,2.0,2.9071606849465153
363,2,4.0,2.77737022302901
363,5,1.0,2.770764376136901
363,9,3.0,3.579823908286158
363,37,2.0,2.8414281923128755
363,55,5.0,3.326771123890231
363,62,2.0,2.7402682758382966
363,66,4.0,2.898906504326144
363,71,3.0,3.241802289679893
363,81,4.0,3.3562069653618725
363,82,3.0,3.171010421470486
363,87,3.0,3.5982048498150805
363,91,4.0,3.199614862416765
363,93,4.0,3.6542637743905595
363,96,5.0,3.6564255051174777
363,97,2.0,3.2989262756230215
363,101,1.0,3.122481336271363
363,102,4.0,2.654108796958972
363,114,5.0,4.130096909476619
363,128,5.0,3.079587930135687
363,134,2.0,3.8379553174288192
363,144,4.0,3.6214467686978615
363,145,1.0,2.2868195491316987
363,152,5.0,3.429243870472313
363,154,4.0,3.5502296915792697
363,155,2.0,2.3237581652052706
363,156,3.0,3.7391711281932487
363,163,3.0,3.2604514113041505
363,169,5.0,4.212497655417254
363,182,1.0,3.681615725878935
363,183,4.0,3.659634132791675
363,184,3.0,3.0362258592310756
363,188,4.0,3.3138741781785384
363,189,5.0,3.82100057899715
363,196,4.0,3.4575756578129773
363,212,1.0,3.2373730275825974
363,215,3.0,3.121006359581736
363,217,2.0,2.64885506812497
363,218,2.0,2.9801279932521583
363,228,3.0,3.433868871680328
363,229,3.0,2.6514769404105065
363,237,2.0,3.195299680240163
363,265,3.0,3.487688751908914
363,270,2.0,3.187343010304974
363,288,4.0,3.0286034302646536
363,307,5.0,2.9208980187364593
363,316,3.0,3.6013763433445902
363,336,4.0,2.2100423879731292
363,346,4.0,3.3454570350035917
363,347,3.0,3.3769217973913364
363,350,1.0,2.76504299454671
363,351,2.0,2.483844530803516
363,366,2.0,2.5133653693553724
363,370,3.0,2.023879387090776
363,387,1.0,2.8799303205166673
363,391,2.0,2.0326873039529367
363,402,2.0,2.788642950294515
363,403,3.0,2.903325188125084
363,405,4.0,2.9259851223820306
363,417,1.0,2.4825224596810433
363,426,2.0,2.4339398820472216
363,433,4.0,3.3754403936959636
363,461,3.0,3.306547074451514
363,472,1.0,2.6222165139092333
363,473,4.0,3.065794375377249
363,474,5.0,3.9122479354939403
363,505,3.0,3.6291345461067888
363,546,3.0,2.6651042727089624
363,554,1.0,2.2876276793473247
363,555,1.0,1.7080131960549747
363,561,2.0,2.7072081107745345
363,569,2.0,2.1290642378566433
363,588,2.0,3.346920745013933
363,591,4.0,3.2894245226800614
363,616,3.0,3.0783217800895497
363,658,3.0,2.979516012148598
363,665,2.0,2.3967128031795233
363,673,2.0,3.1008635320183053
363,679,4.0,2.595868551165603
363,685,4.0,2.8714917442550707
363,741,3.0,3.2255417051007704
363,746,4.0,3.146276161153552
363,761,3.0,2.6624539811040493
363,767,2.0,2.2760675040959644
363,792,4.0,3.2543593677319382
363,802,2.0,2.336638077909031
363,809,4.0,2.2473862860453706
363,825,4.0,2.7777395018160336
363,906,2.0,3.248517295423672
363,940,2.0,1.9213109234890018
363,959,1.0,3.190311929565064
363,1007,5.0,3.7318717337841303
363,1010,4.0,3.1078602264716073
363,1016,4.0,2.935186750563598
363,1019,5.0,3.5944040150661976
363,1052,3.0,1.970330049122763
363,1074,2.0,2.3756302276384966
363,1099,2.0,3.0134384734327346
363,1168,2.0,3.0235065501874687
363,1228,2.0,1.9802081308491444
363,1267,2.0,2.776597219628388
363,1485,4.0,2.855124216754681
363,1495,5.0,2.7651155096371722
364,269,4.0,4.053610529840833
364,288,4.0,3.6671949177770817
364,289,3.0,3.2948412644658456
364,321,2.0,3.280239892848197
364,690,4.0,3.7984514930033386
364,1048,5.0,3.2249622810108605
365,7,2.0,3.749838182091107
365,13,3.0,3.394266010654837
365,15,3.0,3.6598709983417304
365,25,4.0,3.4453927902571233
365,109,2.0,3.4079556242769327
365,124,4.0,3.9680598140259136
365,150,5.0,3.5173733856001794
365,258,4.0,3.762764675587937
365,275,4.0,3.9130937981257903
365,287,4.0,3.524575131994175
365,289,3.0,3.142165292488115
365,301,5.0,3.3485164131364233
365,321,5.0,3.1997449439020076
365,742,3.0,3.451183502806628
365,813,5.0,3.7217537040090587
365,894,1.0,2.2729629302789904
365,908,3.0,2.814718075495528
365,948,1.0,2.3791332345806855
365,1017,4.0,3.1018827033634198
365,1048,3.0,3.1981660783019943
366,7,2.0,4.921441806019484
366,56,5.0,5.0
366,164,5.0,4.697571220639608
366,184,4.0,4.651142006341938
366,185,5.0,5.0
366,218,3.0,4.639082815573437
366,219,5.0,4.519815325531907
366,436,5.0,4.706589221913145
366,443,5.0,4.749848910718313
366,447,5.0,4.520357179715768
366,448,5.0,4.637674288325576
366,573,5.0,4.198577775474357
366,672,5.0,4.079442214204269
366,853,5.0,5.0
366,854,5.0,4.80664459670027
366,860,2.0,4.263703127114678
367,17,5.0,4.250300572802401
367,56,5.0,5.0
367,100,5.0,5.0
367,200,4.0,4.787867949917631
367,201,5.0,4.674591186523975
367,219,4.0,4.291063917440924
367,246,4.0,4.974288500616112
367,250,5.0,4.545378032248073
367,258,4.0,4.827840595957622
367,288,5.0,4.478999539632128
367,326,4.0,4.301343511743077
367,334,4.0,4.387851772566789
367,379,4.0,4.041731059690532
367,436,4.0,4.561158058450713
367,441,3.0,3.8719712118781584
367,448,4.0,4.408037962811962
367,452,4.0,3.654700251332002
367,551,3.0,3.9115428568904123
367,567,4.0,3.9391156491817183
367,665,5.0,3.9614489086966493
367,760,4.0,3.717211415292049
367,774,4.0,4.3714982595123395
367,1012,4.0,4.5528199402384955
368,17,5.0,3.128087712585243
368,50,4.0,4.1564594921376115
368,96,3.0,3.792434525789255
368,218,2.0,3.204855239861932
368,219,2.0,3.1227063021524026
368,288,3.0,3.332718601708229
368,320,5.0,3.714448698766248
368,379,4.0,2.9192740516756848
368,396,2.0,2.742585470929603
368,436,3.0,3.4083649987378526
368,551,4.0,2.681635892956823
368,567,3.0,2.745342509519376
368,637,2.0,2.849048220597368
369,114,5.0,4.966036283227807
369,181,5.0,4.740824914538674
369,271,5.0,3.9574020451644443
369,948,2.0,3.007476580321189
369,988,3.0,3.107135484338039
370,12,4.0,4.273787827744308
370,22,4.0,3.9201681609083994
370,42,3.0,3.780227640805893
370,56,2.0,3.9472874897294212
370,116,3.0,3.867581796979666
370,153,2.0,3.760692720059719
370,175,3.0,3.797896635572693
370,209,5.0,3.929047098338517
370,238,4.0,3.864963532998644
370,257,5.0,3.6046670971371477
370,265,5.0,3.8035213044537097
370,493,5.0,4.1564101098733435
370,511,4.0,4.234773930841815
370,604,4.0,4.062000463320492
370,608,4.0,3.871769188594892
370,631,4.0,3.7820065367611027
370,657,3.0,4.2476128270702995
370,659,4.0,4.055987385310952
370,705,3.0,4.023815629858735
371,24,4.0,4.101109415154976
371,55,4.0,4.291420803659888
371,79,5.0,4.694120565657155
371,97,5.0,4.497578833408467
371,98,5.0,4.790342825099091
371,174,4.0,4.843272410473199
371,175,1.0,4.417698052439019
371,177,4.0,4.504976590999355
371,179,3.0,4.419451694955308
371,237,5.0,4.310258204649577
371,663,5.0,4.437221618627952
371,746,4.0,4.424140087048369
372,12,4.0,5.0
372,77,5.0,4.495382616915739
372,148,5.0,4.2586559559096075
372,159,5.0,4.497906418832105
372,183,5.0,4.9048088796945635
372,200,5.0,4.72131127253392
372,219,5.0,4.500603057426147
372,286,5.0,4.522444678622399
372,322,3.0,4.248463466275102
372,325,4.0,3.9513962263205435
372,327,5.0,4.408624051305218
372,441,4.0,4.018920522638949
372,448,4.0,4.737235009542893
372,547,5.0,4.221401654245328
372,561,5.0,4.319549239898264
372,574,4.0,4.086719633479949
372,581,5.0,4.278108941902417
372,635,5.0,3.8816707806089177
372,649,3.0,4.558413924716382
372,672,5.0,3.896594992545938
372,874,4.0,4.571117643217879
372,1083,3.0,3.7428824099621156
373,2,4.0,3.551343667957873
373,15,4.0,4.1314060736940394
373,20,2.0,3.612664363266728
373,25,4.0,3.8652109650598288
373,28,3.0,4.2725177823514215
373,31,3.0,3.9420493119947277
373,58,4.0,3.9601555565220523
373,68,5.0,3.6782873855503913
373,81,2.0,3.840227856518208
373,82,1.0,4.075616906571798
373,89,5.0,4.327082800131826
373,94,2.0,3.471411980762977
373,97,3.0,4.087691105932961
373,100,3.0,4.277005549457843
373,102,5.0,3.614874849240852
373,105,3.0,2.9813307564755185
373,114,5.0,4.607164905879916
373,117,4.0,4.0345771490820495
373,127,2.0,4.380283948344453
373,139,3.0,3.1625634828830833
373,151,4.0,4.05837420977141
373,154,5.0,3.9774190103529574
373,179,3.0,3.9647753811284017
373,196,5.0,4.207428058717587
373,204,5.0,4.210612854899488
373,206,4.0,3.638323469843495
373,210,5.0,4.247836270049522
373,211,4.0,4.153139778035278
373,228,4.0,4.126594645968372
373,230,4.0,3.833554015665062
373,241,5.0,3.8650317609386255
373,269,5.0,4.298680623732254
373,278,5.0,3.6106914242851573
373,290,5.0,3.6267877725795223
373,318,5.0,4.692166627415184
373,357,4.0,4.433944799285951
373,378,5.0,3.9239121713254344
373,386,3.0,3.1156047634737383
373,399,3.0,3.6734281334269148
373,402,4.0,3.782184980656932
373,404,4.0,3.938461026687929
373,420,4.0,3.9471779811844874
373,427,4.0,4.382794044534014
373,451,5.0,3.641297910535156
373,474,3.0,4.338066217728462
373,485,4.0,4.089648346087142
373,487,4.0,4.255674943059308
373,488,3.0,4.077771438897178
373,494,4.0,4.049573821044649
373,506,4.0,3.8919546634114384
373,514,4.0,3.8584574580464297
373,520,4.0,4.219917965797479
373,559,3.0,3.53319297153332
373,566,4.0,3.8119573823148185
373,588,3.0,4.2189014452660185
373,596,3.0,3.8273360447358105
373,598,3.0,2.496594645395347
373,625,4.0,3.7839821574789836
373,649,4.0,3.6820682493009924
373,651,4.0,4.348724663918052
373,658,4.0,3.8659852389107368
373,694,5.0,4.283071623861491
373,699,4.0,3.884946757578717
373,704,2.0,3.385587604855073
373,707,4.0,4.141239230293513
373,709,5.0,4.2936148773549
373,724,5.0,4.0270862843964865
373,729,4.0,3.80836636349401
373,732,3.0,4.02954733708604
373,747,4.0,3.722540987842809
373,842,3.0,3.347246405756601
373,843,3.0,3.0460587481908954
373,849,3.0,3.0329470814779507
373,1006,2.0,3.3180684918058194
373,1079,4.0,2.7009565855278357
373,1135,3.0,3.3918652965388425
373,1230,3.0,2.584802439952829
374,1,4.0,3.9942502537382305
374,7,1.0,3.828708435214296
374,9,1.0,3.7523126114740197
374,28,5.0,3.9352072349201674
374,29,3.0,3.0750690934176204
374,87,5.0,3.9957755922619347
374,111,2.0,3.616853238472708
374,116,1.0,3.627042359613641
374,121,4.0,3.7602945294993337
374,122,2.0,2.258584087564412
374,124,3.0,3.8101810374047074
374,125,5.0,3.6014317662308106
374,126,3.0,3.6368655749876684
374,127,4.0,4.11848443371748
374,129,5.0,3.737926700548941
374,147,3.0,3.486993495352601
374,150,4.0,3.6558784336220085
374,159,4.0,3.524961155949512
374,162,2.0,3.548456713257773
374,168,1.0,3.9571286560680132
374,173,3.0,4.155067672498698
374,182,5.0,3.939301738035911
374,195,3.0,4.080566965931097
374,200,5.0,3.750739049051218
374,204,4.0,3.9944447380470756
374,210,4.0,3.9887952845228516
374,216,5.0,3.944527461427198
374,223,5.0,4.0314485451894875
374,230,5.0,3.756605776868257
374,231,2.0,2.985235029137016
374,233,3.0,3.5186709835248093
374,234,4.0,3.8050914761316927
374,237,5.0,3.7928035809368894
374,257,3.0,3.8070410414111557
374,265,5.0,4.140504288516073
374,279,4.0,3.260221854492941
374,280,3.0,3.185110039079279
374,292,4.0,3.3447663056785752
374,310,5.0,3.5981992388718167
374,356,3.0,3.612461354750178
374,363,3.0,2.906521919912139
374,369,1.0,2.6931644527880447
374,385,4.0,3.8956894590166815
374,405,4.0,3.628907095984825
374,424,1.0,1.9640627958009365
374,427,3.0,4.160199752926054
374,450,4.0,3.0351391335379074
374,454,4.0,3.37934424067264
374,475,1.0,3.5539876175088105
374,476,2.0,3.1153282696255364
374,540,3.0,2.8386064131156363
374,544,1.0,3.1779388103324693
374,552,4.0,2.799664309086575
374,576,3.0,3.3611838250784944
374,581,4.0,3.3330586693349615
374,591,4.0,3.58559503459688
374,651,4.0,4.1825448422285145
374,685,4.0,3.3905014688258563
374,692,5.0,3.824652788751766
374,717,3.0,3.038660412491855
374,735,5.0,4.00423732296422
374,758,1.0,2.374760127263525
374,761,3.0,3.136995716095106
374,770,5.0,3.363953181423865
374,815,4.0,3.119885038924714
374,824,4.0,2.489095413108146
374,880,5.0,2.9034106225391625
374,930,2.0,2.8937334743183283
374,931,3.0,2.2423939101397377
374,932,1.0,2.99103733543136
374,948,2.0,2.2512471209157985
374,952,2.0,2.9911635401105583
374,977,1.0,2.72917775944782
374,1011,4.0,3.150291010934591
374,1028,1.0,2.985192626083033
374,1042,5.0,3.4348419690339207
374,1046,5.0,3.332420617143512
374,1047,3.0,2.768040678830036
374,1150,1.0,3.4998830473813767
374,1407,2.0,2.6702807019484935
375,39,3.0,3.9994171169665216
375,44,3.0,3.834709638899995
375,77,4.0,3.8045269508704638
375,218,3.0,4.031897374703136
375,300,4.0,4.284878321409074
375,356,4.0,3.872106097073507
375,443,4.0,4.457199151764669
375,566,4.0,4.110682785457041
375,583,2.0,3.7796174818773363
375,684,4.0,4.296516928574208
375,761,3.0,3.699686983743406
375,1073,2.0,4.3166554608347
376,14,4.0,3.859490853192355
376,98,5.0,4.183361642743133
376,237,3.0,3.61528432388803
376,269,5.0,3.8452869048361284
376,274,3.0,3.536766155420977
376,275,5.0,3.932280124667467
376,289,3.0,3.0497414620623897
376,762,4.0,3.488017266304613
377,56,4.0,4.767898786292396
377,100,3.0,4.765309216169854
377,154,5.0,4.5695527438883765
377,164,4.0,4.326485010510224
377,219,3.0,4.144222542971276
377,288,5.0,4.051970178900858
377,313,5.0,4.75523580041484
377,323,2.0,3.5628236395588906
377,354,4.0,4.1351078023440895
377,443,4.0,4.63558571200284
377,748,4.0,3.772201985086303
377,751,3.0,4.051501861080968
377,1105,3.0,3.4763770761627275
378,4,3.0,3.6748595888738707
378,8,4.0,4.124363556645563
378,9,5.0,3.9171007107356743
378,10,3.0,3.831240210409581
378,12,5.0,4.336450939695726
378,29,3.0,2.6753046014953004
378,48,5.0,4.122443952612056
378,50,4.0,4.4373051051370025
378,52,5.0,3.8147071028997903
378,54,4.0,3.267959315910261
378,63,3.0,3.032638235607012
378,65,3.0,3.6337895279054617
378,66,3.0,3.584200954092615
378,73,3.0,3.5237551859223992
378,88,4.0,3.632233769352876
378,100,4.0,4.206402502609319
378,110,3.0,2.6040998441265035
378,121,4.0,3.52715460370764
378,123,3.0,3.20567362794797
378,133,5.0,4.028839079528639
378,141,3.0,3.5502128531817294
378,148,4.0,3.173551580197784
378,151,3.0,3.8112676470489117
378,155,4.0,3.1991607984176675
378,159,3.0,3.2805320337449473
378,162,4.0,3.655633586467826
378,172,4.0,4.264826631666648
378,175,4.0,3.8400133237116756
378,179,2.0,3.8632036231433737
378,191,5.0,4.237650464900813
378,194,4.0,4.073669510631942
378,196,4.0,3.9866702279777395
378,197,3.0,4.05910032110668
378,202,3.0,3.959458847660231
378,215,4.0,3.9434480624514503
378,222,3.0,3.748096312122854
378,230,3.0,3.493056954688883
378,233,2.0,3.231731801996099
378,241,4.0,3.6368435621935897
378,252,4.0,2.914683790396497
378,258,4.0,3.8873220057878313
378,272,4.0,4.262993121345724
378,274,3.0,3.4670540393204328
378,276,4.0,3.7224531317124376
378,283,4.0,3.857268582504275
378,284,3.0,3.242085253251548
378,286,5.0,3.706266341962527
378,288,3.0,3.465075241612208
378,289,5.0,3.145145360973537
378,301,3.0,3.287443655287047
378,302,5.0,4.146263492767635
378,304,4.0,3.5222952955125773
378,321,3.0,3.2929253671846586
378,328,3.0,3.4593778274834612
378,356,4.0,3.3290341279438294
378,367,3.0,3.658129441349205
378,386,3.0,2.7655605102173046
378,396,4.0,2.8608716507136336
378,405,3.0,3.356893932397424
378,411,3.0,2.829688860199228
378,418,3.0,3.677470225129151
378,419,4.0,3.902760877960222
378,420,4.0,3.6774016689441837
378,432,4.0,3.9051422016541455
378,433,4.0,3.689186912993188
378,447,4.0,3.424198548921562
378,449,3.0,3.007919908998037
378,451,4.0,3.3922510810566946
378,465,3.0,3.510915680314736
378,471,3.0,3.533728850928859
378,500,4.0,3.8711771987578096
378,508,4.0,3.677921203135432
378,527,4.0,4.138287557903511
378,542,4.0,2.561355943249553
378,546,2.0,3.041710000787041
378,549,3.0,3.6681002578081707
378,554,3.0,2.923426357823418
378,576,3.0,3.0389581719261045
378,596,5.0,3.3368281838145464
378,636,3.0,3.3768886092708104
378,655,4.0,3.9608744259822473
378,665,2.0,2.8768407449355857
378,696,3.0,2.976855091724605
378,699,4.0,3.728149850049588
378,723,3.0,3.082268563760979
378,731,3.0,3.066013987917051
378,734,3.0,2.4572566054103437
378,739,4.0,3.314593949221609
378,793,3.0,3.5150829370160728
378,866,2.0,2.9981917326886185
378,875,3.0,2.8563463038832997
378,896,4.0,4.1499974576000245
378,921,4.0,4.08844156438205
378,939,4.0,3.736365776604945
378,942,3.0,3.632482350416833
378,972,4.0,3.2863144295500324
378,979,3.0,3.3068472296791906
378,1028,2.0,2.8891556015335644
378,1037,2.0,2.1290959074415454
378,1044,3.0,3.206665499057237
378,1046,3.0,3.166052023396983
378,1061,2.0,2.748539741641909
378,1107,3.0,3.6289934542127957
378,1134,4.0,3.6476068775651758
378,1180,3.0,2.775147477515085
378,1220,3.0,3.3446281855451523
378,1232,3.0,2.8105186890306353
378,1267,3.0,3.2091337833997478
378,1284,2.0,2.8308939351252325
378,1439,3.0,2.97744683249911
378,1478,3.0,2.77537199298553
379,2,3.0,3.7855488767169625
379,4,5.0,4.260540780146379
379,8,5.0,4.655371142802721
379,23,4.0,4.879423353222663
379,50,4.0,4.996036060039961
379,52,4.0,4.53109585867082
379,54,2.0,3.798827212561863
379,69,4.0,4.448865730070965
379,82,4.0,4.2145274492165985
379,83,4.0,4.7201711055837325
379,90,2.0,3.6861376650088857
379,98,5.0,4.969647827585118
379,133,4.0,4.552190810652867
379,135,4.0,4.77070883794107
379,152,5.0,4.435896721693695
379,157,4.0,4.4067839847254895
379,164,4.0,4.040289301824689
379,176,5.0,4.577519988038947
379,177,4.0,4.476325910300622
379,192,4.0,4.94044580397312
379,196,4.0,4.505226389502582
379,199,4.0,4.842160519671895
379,202,5.0,4.377565247097801
379,211,5.0,4.690226973328225
379,216,4.0,4.585517274124462
379,230,4.0,3.9093758620345986
379,239,4.0,4.219944286444183
379,270,3.0,4.32889863781168
379,284,4.0,3.8992102691751582
379,294,3.0,3.7523127348746725
379,300,3.0,4.137289741965391
379,391,4.0,3.244662840033269
379,401,3.0,3.3989013719524537
379,402,3.0,3.9020643075328203
379,417,5.0,3.6625189704015737
379,443,4.0,4.487261262380711
379,448,4.0,4.031511031825552
379,451,4.0,3.8219405932698813
379,452,3.0,3.1667376911989003
379,480,5.0,5.0
379,496,5.0,4.628827898576419
379,504,5.0,4.733842699282814
379,520,5.0,4.707853922618461
379,522,5.0,4.694835441746021
379,523,4.0,4.697466896237351
379,530,5.0,4.70858694473222
379,554,4.0,3.4125813805507046
379,603,5.0,5.0
379,616,2.0,4.301926456567748
379,637,2.0,3.6935947983294746
379,651,4.0,4.726830360204469
379,655,5.0,4.563429428428278
379,686,4.0,4.153682668670269
379,705,4.0,4.617171461185383
379,732,5.0,4.2609363793431285
379,735,4.0,4.460008971455338
379,855,4.0,4.517824426705069
379,1032,2.0,3.4266158909498126
379,1206,2.0,3.543894063991897
379,1219,2.0,3.3630396507219062
380,1,4.0,3.3495358297436026
380,22,4.0,3.4907099194410236
380,59,4.0,3.5912309612264672
380,62,1.0,2.6040284999881647
380,64,3.0,3.7531105587806346
380,69,4.0,3.2436899377274306
380,114,3.0,3.814061512401214
380,118,2.0,2.6225624347357934
380,132,4.0,3.4892118255194706
380,135,3.0,3.485267610758377
380,154,3.0,3.242036553894157
380,172,3.0,3.5796306489091916
380,176,3.0,3.439233157500234
380,177,3.0,3.2882787724208087
380,180,2.0,3.5524878745073107
380,181,3.0,3.4564968055561165
380,185,4.0,3.557674498584304
380,186,3.0,3.248915206916417
380,197,3.0,3.4919504491915085
380,229,3.0,2.4944380869417824
380,241,2.0,2.9699591207709957
380,300,3.0,3.2823052820118064
380,313,4.0,3.776760011135358
380,427,4.0,3.6923722456680723
380,428,3.0,3.293986851100085
380,433,3.0,3.098949731006857
380,449,3.0,2.3581509392469435
380,465,4.0,2.890092631892838
380,474,4.0,3.616300139994405
380,483,4.0,3.837371406911038
380,496,4.0,3.5713917402846644
380,518,3.0,3.3085941826187026
380,527,4.0,3.4097450315835305
380,530,5.0,3.36666740565172
380,587,4.0,2.814798964832809
380,630,2.0,2.7068212948542705
380,631,4.0,3.1411115052311613
380,652,3.0,3.447028098739729
380,709,4.0,3.449578322345155
380,732,4.0,2.998494487097499
380,753,4.0,3.3232013242921368
380,856,3.0,3.3739281036979207
380,923,3.0,3.662602346858439
380,1168,3.0,2.7925382383079476
380,1444,1.0,2.084683496686199
380,1449,4.0,3.9669916441353337
381,13,4.0,4.160230151989517
381,30,4.0,4.5505567573097565
381,49,2.0,3.714361909000649
381,50,5.0,4.628676519097812
381,77,2.0,3.625309079869871
381,83,4.0,4.51375585027651
381,97,4.0,4.184968142603099
381,100,4.0,4.60591023180116
381,129,4.0,4.295613350112024
381,133,5.0,4.396952873316146
381,135,5.0,4.588198831752169
381,175,5.0,4.3881341661659725
381,191,5.0,4.703415510195041
381,212,5.0,4.3191636834649945
381,216,5.0,4.378927520414305
381,281,2.0,3.461465158494814
381,304,5.0,3.5829753956302577
381,378,4.0,4.0832240243399385
381,403,3.0,3.8144894130126623
381,459,4.0,4.214366703996593
381,473,5.0,3.753299434988444
381,485,4.0,4.31736515854674
381,495,4.0,4.033494106526253
381,498,5.0,4.668683051360138
381,501,4.0,3.938560458713973
381,512,4.0,4.591700510940274
381,582,5.0,4.29764389950942
381,634,3.0,4.166293955861666
381,647,4.0,4.716103059850233
381,652,5.0,4.463314579534986
381,660,2.0,4.076735369105583
381,694,4.0,4.73547076583329
381,724,3.0,4.063107640264439
381,771,2.0,3.2195601693769604
381,914,1.0,3.021151742968654
381,1400,3.0,3.7735941685712016
381,1439,3.0,3.56104419888429
381,1533,4.0,3.539195652952405
382,9,4.0,3.72807029220772
382,25,2.0,3.240788025314607
382,98,3.0,3.9814499597892006
382,127,3.0,4.011825063903582
382,137,2.0,3.7589325116385868
382,171,3.0,3.8450274166305576
382,183,3.0,3.824773674641262
382,276,3.0,3.5249848083299664
382,290,4.0,2.8705432478853705
382,474,5.0,4.082701840715842
382,475,3.0,3.6798547467883673
382,481,5.0,3.8922936132521886
382,508,3.0,3.5714268895336487
382,531,4.0,3.6245348359078955
382,546,2.0,2.855148212560719
382,639,3.0,3.832339650594464
382,717,3.0,2.7447963657512746
382,1142,3.0,3.8188068068466334
382,1229,5.0,2.1590726172759447
382,1534,4.0,2.6321105523694595
383,9,5.0,4.692293027691321
383,14,5.0,4.716432721789815
383,19,4.0,4.8206645080076385
383,86,5.0,4.797446177679436
383,137,5.0,4.702279361236765
383,197,5.0,5.0
383,313,2.0,5.0
383,319,2.0,4.274883623578413
383,321,5.0,4.189038827439974
383,425,4.0,4.744744406663029
383,464,4.0,4.500041648808491
383,474,5.0,5.0
383,475,2.0,4.713475698949689
383,483,5.0,5.0
383,505,4.0,5.0
383,513,5.0,5.0
383,603,5.0,5.0
383,641,4.0,5.0
383,663,5.0,4.8434864617877675
384,272,5.0,5.0
384,343,3.0,4.147158958129402
384,347,4.0,4.507854439524303
384,355,4.0,3.888618323723813
384,689,4.0,4.039443483273985
384,748,4.0,4.029812491528152
385,4,2.0,2.9960046802493188
385,29,1.0,1.7557018171900958
385,42,1.0,3.1695483368155686
385,48,5.0,3.740172492542124
385,56,5.0,3.6239483047813135
385,79,3.0,3.1761483263279526
385,82,1.0,2.6165686944238598
385,87,3.0,3.3126911895800366
385,99,2.0,2.904252414959682
385,114,5.0,3.807433006960703
385,128,5.0,2.940666911080314
385,129,3.0,3.444297354858883
385,153,4.0,3.1569639252266413
385,156,4.0,3.326444172227557
385,168,3.0,3.4100566398407115
385,171,3.0,3.9042390786659116
385,172,2.0,3.28864756381486
385,174,2.0,3.3630785228614357
385,180,4.0,3.6489839842194653
385,181,1.0,2.9361150381385333
385,189,5.0,3.5143785621508132
385,194,3.0,3.3457144838541355
385,195,1.0,3.2084485119438346
385,199,3.0,3.6269581406969738
385,209,4.0,3.507555194357835
385,216,2.0,3.125144805730231
385,218,2.0,2.6700003856919716
385,221,5.0,3.4622741984140464
385,224,2.0,3.6244930806500464
385,249,2.0,2.8125931955631494
385,253,3.0,3.351556293910973
385,257,3.0,2.8941998181502147
385,262,4.0,3.5364380811980647
385,285,5.0,3.7991287920147343
385,286,3.0,3.203098873893175
385,290,3.0,2.607660454692752
385,293,3.0,3.2399924302862773
385,304,3.0,2.6441442675889766
385,325,4.0,2.4077715474922603
385,337,4.0,3.310185131312706
385,340,4.0,3.252763486838858
385,367,4.0,2.858916987797785
385,385,1.0,2.5700525206000258
385,403,3.0,2.4553230772131824
385,408,5.0,3.9502327313589687
385,423,2.0,2.9844656999455283
385,435,3.0,3.346318553615937
385,447,3.0,2.7693351231557575
385,458,3.0,2.8791815689096016
385,462,2.0,3.613444462136591
385,474,5.0,3.967637478794237
385,480,5.0,3.8243140932033017
385,485,4.0,2.9859310070549805
385,489,5.0,3.7439168800193703
385,500,4.0,2.8810151461693727
385,503,3.0,3.3222908205752337
385,523,4.0,3.5917915718847584
385,524,5.0,3.8478186516565014
385,526,3.0,3.1912042388849047
385,606,4.0,3.9246013784375284
385,629,2.0,2.750868280995182
385,661,4.0,3.9130354212669762
385,663,4.0,3.6484355116001437
385,673,2.0,3.201327408405036
385,705,3.0,3.3794586292339095
385,767,1.0,2.482116212750254
385,794,2.0,2.2945272812590063
385,922,4.0,3.6498254166545294
385,942,2.0,3.070054937012687
385,965,4.0,3.6014288094856495
385,1010,3.0,3.083652366791083
385,1021,5.0,4.046203210928456
385,1071,4.0,3.0659769410555286
385,1129,5.0,2.950971290377913
385,1135,1.0,2.3551813954438847
385,1353,4.0,3.475047400747002
385,1367,5.0,4.165351767765874
385,1411,3.0,2.5856307183302825
385,1536,5.0,3.539195652952405
386,7,3.0,4.208011383132818
386,50,4.0,4.626878608473691
386,121,3.0,3.8071009985288913
386,455,3.0,3.8002662777142215
386,546,2.0,3.556532568202082
387,2,4.0,2.6565653075471327
387,24,5.0,3.257160726869171
387,31,3.0,3.207554557157836
387,32,5.0,3.916753837261732
387,39,3.0,3.315384117121334
387,46,3.0,3.8954935987655177
387,48,4.0,3.9482946524725597
387,52,5.0,3.6326352307104006
387,55,3.0,3.6144159259559228
387,56,5.0,4.0302877142295905
387,58,4.0,3.4904065631786843
387,69,3.0,3.5082157331258292
387,71,2.0,3.3099869418490044
387,81,3.0,3.438190472320827
387,82,4.0,3.1527039475221685
387,83,4.0,3.823816630420748
387,116,3.0,3.703572917385171
387,133,2.0,3.5879465660296317
387,136,3.0,3.8523592875044654
387,144,3.0,3.600581013814338
387,152,1.0,3.6113658071503707
387,168,5.0,4.005281487666259
387,169,5.0,4.44957360718215
387,180,4.0,4.115842467682657
387,182,5.0,4.0094944487466115
387,183,4.0,3.981027669795991
387,189,5.0,3.8879953881046947
387,198,4.0,4.019600028450214
387,199,4.0,4.183659820518439
387,200,5.0,3.765287053401236
387,201,5.0,3.5447641247702655
387,202,3.0,3.4488499031834463
387,203,4.0,3.6933344255747413
387,208,3.0,3.8260923107269305
387,210,4.0,3.575766242704778
387,218,3.0,2.934525880475852
387,224,5.0,3.641175445207013
387,227,4.0,2.893102313239331
387,268,3.0,3.7242951305678798
387,288,3.0,3.2455446731586926
387,294,2.0,2.7972481377408758
387,317,4.0,3.8442582861327907
387,333,3.0,3.12561722486368
387,380,2.0,2.9544857701616953
387,381,4.0,3.3965987720671746
387,393,2.0,2.7527511062672207
387,414,4.0,3.532225589125041
387,418,3.0,3.1976045339256354
387,423,3.0,3.4515365362620267
387,431,3.0,3.165200718730791
387,432,4.0,3.635585221865811
387,436,4.0,3.6333337090347793
387,441,1.0,2.416395379747004
387,444,4.0,2.728145069626565
387,447,4.0,3.2308731487272078
387,448,3.0,3.149261557648367
387,458,1.0,3.1737723644537557
387,461,5.0,3.5418640771509096
387,488,3.0,4.144458995879867
387,501,4.0,3.1276597755616
387,514,3.0,3.924674246426655
387,520,4.0,3.889663505993229
387,559,3.0,2.7390237596507765
387,561,3.0,2.7908654963723754
387,564,1.0,1.82399787120351
387,566,3.0,3.0467308574128795
387,578,2.0,2.6690672288101487
387,651,2.0,3.7563506637914434
387,672,2.0,2.4415944855438245
387,674,2.0,3.078407923584067
387,692,1.0,3.0050756656297457
387,693,5.0,3.4517733654453147
387,697,1.0,3.3713802246709696
387,744,3.0,3.1427176186639807
387,773,4.0,3.1085911605728636
387,844,5.0,3.5178056793835126
387,845,4.0,3.1182098401356573
387,854,5.0,3.6782119584106914
387,942,4.0,3.1178768257446734
387,943,4.0,3.423256641814784
387,984,1.0,2.2092509856581657
387,1007,5.0,3.9201533098475565
387,1008,4.0,3.4222504129675655
387,1012,4.0,3.503192825689722
387,1014,3.0,2.933953726307205
387,1019,4.0,3.9388359432760374
387,1069,2.0,3.4811345375144196
387,1097,3.0,3.614396210333484
387,1115,3.0,3.499695329394346
387,1118,3.0,3.4450208423330464
387,1143,5.0,3.893362583449205
387,1166,3.0,3.3960188093234014
387,1199,5.0,2.9531924136961245
387,1538,3.0,3.1637065523230423
388,5,4.0,4.463509897468467
388,56,3.0,4.709530065773119
388,117,5.0,4.626592746840349
388,147,4.0,4.386248933489677
388,184,4.0,4.352202098192019
388,310,5.0,4.474536146010207
388,313,5.0,5.0
388,326,5.0,4.408339454223571
388,690,5.0,4.256101774792168
388,816,4.0,3.947172621763575
389,4,4.0,3.8844113236402125
389,28,4.0,4.073931268193215
389,29,2.0,2.60427328796398
389,38,2.0,2.9344870035867276
389,53,2.0,3.402477576758159
389,71,4.0,3.816617529061348
389,98,4.0,4.571540067319454
389,100,5.0,4.410654724863336
389,109,3.0,3.7234652103988344
389,111,3.0,3.6632321461151616
389,124,4.0,4.508406752369568
389,136,4.0,4.494642281229443
389,142,3.0,3.095350229886584
389,151,4.0,3.897013172038785
389,153,3.0,4.115158237227465
389,159,2.0,3.17746185094782
389,160,4.0,3.965810450094181
389,176,4.0,4.220735424792554
389,194,4.0,4.412227557157221
389,204,4.0,3.9238684501852488
389,216,2.0,4.0156889970980485
389,217,3.0,3.2956061106148002
389,249,3.0,3.506548304995752
389,275,5.0,4.245207676567489
389,378,5.0,3.8125162816774734
389,395,2.0,2.4516292077245168
389,402,3.0,3.2997357093560504
389,404,5.0,3.8430406545143105
389,414,4.0,4.074080041044918
389,429,4.0,4.2504620573631975
389,478,5.0,4.588238791764347
389,479,4.0,4.778198147504834
389,490,3.0,4.552600774181543
389,492,5.0,4.3076290446129715
389,493,5.0,4.617587688267577
389,496,4.0,4.394308586571936
389,498,5.0,4.536575441109827
389,502,4.0,3.9924725864064463
389,504,4.0,4.43938909015755
389,507,5.0,4.408210025121345
389,517,4.0,4.3783476849390395
389,518,4.0,4.21825503711728
389,550,3.0,3.437033377157001
389,583,2.0,3.297596630901591
389,607,3.0,4.560123427021152
389,613,5.0,4.401100040112887
389,656,5.0,4.547645157035672
389,662,3.0,3.505085338535482
389,699,5.0,3.7080191637277107
389,705,5.0,4.372480669167826
389,715,3.0,3.8545976449319714
389,736,5.0,4.262164235018992
389,756,2.0,2.896139891125781
389,778,4.0,3.6313080335682524
389,785,3.0,3.0860211487602056
389,792,4.0,4.270498721722422
389,836,4.0,4.2878927343643305
389,845,4.0,3.564147333567157
389,942,3.0,3.722782680029869
389,955,4.0,3.668093628097657
389,1052,2.0,2.4637528504831026
389,1074,2.0,2.835421597570328
389,1119,3.0,3.4289995484200304
389,1203,5.0,4.199426899482273
389,1286,5.0,3.8597198196103046
389,1298,5.0,4.146413817571666
389,1451,5.0,4.2505661547850995
389,1518,2.0,3.021084213386589
389,1530,2.0,2.859702073623638
390,100,5.0,4.262420128541519
390,124,4.0,4.2163428939244305
390,181,4.0,4.30163346563006
390,289,3.0,3.5390134938846685
390,304,5.0,4.00930637194668
390,328,4.0,3.897892859186989
390,331,2.0,3.9148876086635864
390,713,4.0,3.772167298371983
390,740,4.0,3.9040551655220774
390,989,5.0,3.3828106473277866
390,990,4.0,3.272081088277306
391,15,4.0,3.7025435759751377
391,26,5.0,3.8354319617745936
391,47,4.0,3.963885003993493
391,56,5.0,4.191450280867473
391,97,4.0,3.853444321267393
391,127,5.0,4.422195976735422
391,134,4.0,4.439445474765499
391,180,5.0,4.236366529736007
391,188,3.0,3.9671613025913564
391,195,2.0,3.988685146880927
391,197,5.0,4.342839242208295
391,203,4.0,4.009563448385627
391,204,3.0,3.9651226276237876
391,238,5.0,4.151530582831394
391,264,1.0,2.90057284456544
391,286,4.0,3.65692289922907
391,300,2.0,3.459044861056423
391,357,5.0,4.509651756239056
391,474,5.0,4.492500595977963
391,497,3.0,4.109398888937456
391,507,4.0,4.143769229028833
391,527,3.0,4.250104883926875
391,530,5.0,4.4037151998931225
391,748,3.0,3.0317446894696563
391,924,2.0,3.371845925539568
391,1101,4.0,4.065012098708779
392,8,5.0,4.756767355084496
392,23,5.0,4.887735554496713
392,98,5.0,5.0
392,129,4.0,4.367779530739718
392,165,5.0,4.798119070449102
392,166,5.0,4.9340570598723765
392,178,5.0,5.0
392,179,5.0,4.692059123275289
392,258,2.0,4.281325635230104
392,276,4.0,4.3928899743586864
392,285,3.0,5.0
392,286,2.0,4.420260151173938
392,293,4.0,4.505002992335574
392,298,1.0,4.2246309863791796
392,302,5.0,4.6960478149852625
392,319,5.0,3.9474078118708666
392,321,5.0,3.7972028391470616
392,333,4.0,3.9259268167872596
392,492,4.0,4.687288478613557
392,511,5.0,5.0
392,534,4.0,3.8220562336539277
392,538,2.0,3.938446886423602
392,632,5.0,4.722407450258202
392,847,4.0,4.518477038815221
392,872,4.0,3.741828673113061
392,873,3.0,3.483293359944771
392,1014,3.0,3.60141039707905
392,1142,5.0,4.7065402631881
392,1143,4.0,4.399561191719191
392,1160,2.0,4.248376728821141
393,2,4.0,3.4795609326061543
393,12,5.0,4.186588218170098
393,15,3.0,3.9191689565046257
393,21,3.0,3.1142399735955544
393,25,2.0,3.4883016377043754
393,27,4.0,3.35039270551431
393,31,4.0,3.724386309491172
393,36,3.0,2.4204707270693344
393,38,4.0,3.2150506888140082
393,41,4.0,2.820278819313022
393,49,4.0,3.3177665767486344
393,50,5.0,4.291302892534853
393,54,4.0,3.4257711974813345
393,55,4.0,3.571597929563547
393,62,4.0,3.4114724201534807
393,67,3.0,3.068987594277127
393,70,3.0,3.5940514388237728
393,71,3.0,3.8859649007662047
393,83,4.0,3.972406722913896
393,88,3.0,3.673600366094429
393,94,4.0,3.3160124025596462
393,100,1.0,3.976487239940808
393,110,2.0,2.7801843958206014
393,123,4.0,3.1140231863791024
393,126,4.0,3.821707912154368
393,128,3.0,3.4857369983483357
393,136,5.0,3.8267500766758467
393,142,4.0,3.1310480846646365
393,148,4.0,3.500153050840437
393,169,3.0,4.286638086164807
393,189,4.0,3.89513095292927
393,196,4.0,3.818330331477275
393,202,3.0,3.8496783883823973
393,215,4.0,3.7609943119171954
393,222,4.0,3.8211900321742234
393,223,4.0,3.949143976261177
393,227,4.0,3.421953213200928
393,233,3.0,3.3223449066614483
393,241,4.0,3.6749242051336735
393,252,3.0,3.1580800176733534
393,265,4.0,3.986736342429192
393,275,4.0,3.8266025145691787
393,278,4.0,3.3315536456043695
393,294,4.0,3.4057453374272897
393,303,4.0,3.6541176181985024
393,313,4.0,4.348829911125607
393,318,3.0,4.280611415448478
393,323,2.0,3.2371694681671634
393,328,5.0,3.619063493797295
393,342,5.0,3.027415485871063
393,349,3.0,3.284839681333243
393,355,3.0,3.0415260388240974
393,362,3.0,3.126166108701486
393,363,3.0,2.9290891015524396
393,365,3.0,3.1677335173206247
393,366,4.0,3.350892016557668
393,374,3.0,2.264035479354643
393,378,4.0,3.735329207079455
393,380,2.0,3.4148655253885827
393,386,4.0,2.8156564632307965
393,394,5.0,3.3531739630129587
393,396,1.0,2.3947370122728664
393,402,3.0,3.6150289807650835
393,403,3.0,3.625826395435565
393,419,4.0,3.687507420496401
393,420,3.0,3.5606402883069244
393,431,2.0,3.738570354554773
393,456,3.0,2.448034261471916
393,471,4.0,3.7476076247827046
393,500,4.0,3.772998728569493
393,527,3.0,3.8126640812277954
393,539,3.0,2.88142204469253
393,546,2.0,3.2822251490607908
393,554,4.0,2.986592358884158
393,568,4.0,3.754165153141135
393,576,3.0,3.326426965161081
393,591,5.0,3.685120078623488
393,596,4.0,3.5047549186411158
393,633,2.0,3.899065400650735
393,651,4.0,4.025100676086393
393,659,4.0,4.005825239676332
393,672,3.0,2.706168685737651
393,681,3.0,2.9138689085193894
393,683,4.0,2.930986460460832
393,686,4.0,3.677919327429275
393,690,4.0,3.5210434682869214
393,705,4.0,3.713708944234449
393,715,1.0,3.04978012665726
393,725,2.0,2.7187731663125274
393,728,3.0,3.0685210705957773
393,737,2.0,3.1302318782296887
393,742,4.0,3.72894441771685
393,747,4.0,3.39464759463124
393,756,4.0,3.0249658198925875
393,763,5.0,3.2708792222551617
393,778,3.0,3.4646943360247398
393,779,3.0,2.778494519449851
393,781,4.0,3.395705327829002
393,783,3.0,2.874668315577426
393,789,1.0,3.5800985455682683
393,792,1.0,3.5170563467464957
393,805,2.0,3.5592479932838876
393,812,3.0,3.1300742973434073
393,831,1.0,2.6103390569564136
393,836,4.0,3.4210835993360416
393,840,4.0,2.900811393096995
393,890,1.0,2.230388373000425
393,932,3.0,3.1254459765576352
393,940,2.0,2.3821476597334508
393,953,4.0,3.1393051384941826
393,1032,3.0,3.1697083394546812
393,1034,2.0,2.7300896734592373
393,1043,3.0,3.1616387742723204
393,1047,3.0,2.8719835007290473
393,1048,3.0,3.036952105375798
393,1053,3.0,3.385488751763775
393,1091,2.0,2.859209093673137
393,1092,3.0,2.406888128236889
393,1095,2.0,2.7518016329924917
393,1139,3.0,2.9753477252265155
393,1165,3.0,2.4246302539443967
393,1169,5.0,3.5881371043946473
393,1179,4.0,2.6261052102815876
393,1183,3.0,2.5052169521326717
393,1206,3.0,2.957813130994537
393,1215,3.0,2.27200907997988
393,1219,4.0,2.9032461312116586
393,1221,3.0,3.3201482689691977
393,1285,3.0,3.15801808046613
393,1314,3.0,2.6673468309934427
393,1441,3.0,2.7425881260387026
393,1446,5.0,3.117171942942617
393,1469,3.0,3.1307935080731064
394,42,4.0,4.501735986007345
394,67,5.0,3.404045353364465
394,88,3.0,4.263079399217821
394,97,4.0,4.553816314557474
394,117,5.0,4.344237695860143
394,121,4.0,4.059909717263459
394,161,4.0,4.089710825391818
394,174,5.0,5.0
394,181,4.0,4.798848115662436
394,217,5.0,3.9268180991760273
394,218,4.0,4.122568686356466
394,227,4.0,3.830092467318805
394,228,5.0,4.533977161598426
394,232,4.0,3.7738945006547455
394,423,5.0,4.6308856964398455
394,450,3.0,3.0891122480073854
394,508,4.0,4.381612719078839
394,552,3.0,3.2663612841174463
394,559,4.0,3.7711267056258797
394,568,5.0,4.271375678307147
394,773,4.0,3.4135432308043847
394,979,5.0,3.9844996345932353
394,1079,3.0,2.970979842920302
394,1210,3.0,3.043469017980254
395,64,5.0,4.8264309558117855
395,121,3.0,3.7984736511250516
395,151,3.0,4.115993041170371
395,172,5.0,4.711446303366687
395,174,5.0,4.81544364770618
395,255,3.0,3.7587621242067657
395,315,5.0,4.485469665589014
395,365,5.0,3.558550865094226
395,632,5.0,4.370083909977225
395,892,3.0,3.3744975175000977
395,924,4.0,3.645160512370398
396,1,4.0,3.8196223300539294
396,106,4.0,3.1467228026043284
396,148,4.0,3.4526216242413446
396,260,3.0,2.7323762251654196
396,274,4.0,3.5717559153073144
396,291,4.0,3.4892765764640536
396,322,4.0,3.3175505168667314
396,328,4.0,3.590739550593276
396,678,3.0,3.0718677878273675
396,751,3.0,3.5098819095040144
396,841,4.0,2.9438547293293453
396,930,3.0,2.991010897434281
396,977,3.0,3.0065742215852325
396,986,4.0,3.0557432700582545
396,1025,4.0,2.933482587955016
397,7,5.0,4.470773025753642
397,56,5.0,4.708403086115991
397,108,4.0,3.79691394148683
397,117,3.0,4.1913492541094275
397,178,5.0,4.930484023454591
397,183,4.0,4.6956634390766645
397,194,3.0,4.674726146013792
397,221,4.0,4.249904824695653
397,261,1.0,2.2201630760989537
397,322,1.0,3.1790117836247216
397,324,2.0,3.608078816600371
397,325,3.0,2.872113701306439
397,327,2.0,3.745542891539622
397,334,3.0,3.4157959193702765
397,479,4.0,4.896733722384944
397,657,5.0,4.871501945125358
397,705,5.0,4.5630638253738685
397,894,1.0,2.179778213029473
397,988,1.0,2.3742900338844093
397,1018,4.0,4.030872539205482
397,1019,3.0,4.434329159397881
397,1298,3.0,4.320084551134081
398,12,3.0,4.331592055192264
398,15,5.0,3.850300442054563
398,31,3.0,3.8583523455156548
398,50,5.0,4.48820151268486
398,58,4.0,3.867594680318353
398,64,4.0,4.5649243165728475
398,65,3.0,3.54722402758743
398,69,5.0,4.135397058632775
398,70,4.0,3.7865410733289524
398,144,5.0,3.971254090760916
398,152,4.0,3.7696785224974123
398,162,5.0,3.7184198659809433
398,172,5.0,4.370812758628006
398,176,4.0,4.093660636372388
398,181,4.0,4.156055517317028
398,191,4.0,4.3732956325261005
398,199,4.0,4.556317616058518
398,204,4.0,4.083578465543062
398,216,5.0,4.140115467449578
398,227,2.0,3.4298274709452583
398,228,5.0,4.002427537999078
398,234,4.0,4.014496859034882
398,276,4.0,3.5605066313158904
398,284,2.0,3.3433498960343875
398,357,4.0,4.400133932827405
398,393,5.0,3.550964782109125
398,417,3.0,3.343756349941452
398,423,5.0,4.041672381920864
398,479,4.0,4.446058892443426
398,481,3.0,4.0644430448050635
398,493,5.0,4.226958995693611
398,501,3.0,3.7391946583814093
398,504,3.0,4.107678769303842
398,514,4.0,4.08094118280669
398,520,5.0,4.407513830531643
398,648,5.0,4.245903841102976
398,654,4.0,4.243607832096829
398,659,3.0,4.369737549802484
398,661,3.0,4.188548962992793
398,991,2.0,2.559274267243688
398,1119,4.0,3.696712737320972
398,1450,5.0,3.525043508026562
399,2,3.0,2.6167095600890757
399,8,3.0,3.1958233260403808
399,22,3.0,3.375266253444932
399,33,3.0,2.8476178097774274
399,42,2.0,3.072680837471794
399,62,3.0,2.619107085265399
399,71,3.0,3.126610417007735
399,73,3.0,2.9725872381160663
399,94,5.0,2.5515487835060244
399,114,4.0,3.5320890535610934
399,127,2.0,3.4405803634520065
399,128,3.0,2.872168264658612
399,148,4.0,2.701424116972973
399,154,3.0,2.9576392318707656
399,168,3.0,3.243684813274119
399,173,3.0,3.347723768537763
399,175,3.0,3.0046789440342025
399,196,5.0,3.201304647773567
399,219,3.0,2.6341453582432877
399,229,2.0,2.4675967757361814
399,230,3.0,2.7153385105731758
399,273,3.0,2.8929524589091704
399,274,3.0,2.8311936967525737
399,284,2.0,2.6476759885307515
399,295,4.0,2.7656491738393694
399,323,1.0,2.510463236243286
399,372,3.0,2.8156690447291206
399,383,2.0,2.136194323301123
399,389,3.0,2.758637193971566
399,400,3.0,2.372849605433607
399,402,3.0,2.8710826610171614
399,418,3.0,2.856686039910065
399,436,2.0,2.9421505105471004
399,459,4.0,3.0712356208790155
399,475,5.0,3.0342198436406957
399,486,3.0,3.1320581895709756
399,527,3.0,3.297458788266449
399,531,3.0,3.1793073236496636
399,550,3.0,2.664116831926153
399,568,2.0,2.9469145660137404
399,578,2.0,2.6016576572147736
399,588,5.0,3.127803788372551
399,591,3.0,3.0168535465559607
399,655,3.0,3.115922671244441
399,679,3.0,2.5192744472796154
399,732,2.0,3.035979021758979
399,742,4.0,3.027515340537306
399,744,3.0,2.943117289428374
399,763,2.0,2.8364435466363243
399,768,3.0,2.545170174999056
399,772,4.0,2.7282771667516
399,774,3.0,2.8148496512596397
399,813,3.0,3.2790038477359675
399,817,4.0,2.5313576332707424
399,924,5.0,2.8345261384850398
399,946,3.0,2.5214211431404046
399,959,3.0,3.0612537692805475
399,986,3.0,2.3015260685141232
399,1135,2.0,2.6439379239858285
399,1179,2.0,1.689369484115229
399,1220,2.0,2.925317555925755
399,1228,3.0,1.9925664600380735
399,1232,3.0,1.8471523898907611
399,1274,1.0,1.7420806839284575
399,1279,3.0,2.2955107719888614
399,1314,3.0,1.9936295144257519
399,1401,3.0,2.3565321994551516
399,1459,3.0,2.5981753326257024
399,1543,3.0,3.539195652952405
400,259,3.0,3.1483791036536917
400,300,4.0,3.871411178721118
400,328,3.0,3.5365056943806636
400,689,3.0,3.2283886719673576
400,895,4.0,3.5199623378078218
401,13,2.0,2.5812470939770362
401,26,3.0,2.9467269463717196
401,50,1.0,3.4433601644809437
401,65,4.0,2.953049667251388
401,70,4.0,3.1447729141782497
401,100,4.0,3.1747624915069195
401,111,4.0,2.6545826022322507
401,117,3.0,2.9255396073452906
401,135,1.0,3.273475285446884
401,137,3.0,3.064822393878787
401,162,5.0,3.146205520861063
401,173,3.0,3.383494285036055
401,196,5.0,3.3402868888213604
401,198,4.0,3.3248848496044454
401,199,3.0,3.565717981971202
401,204,5.0,3.218116207741994
401,210,4.0,3.224611226985509
401,225,1.0,2.188904848280793
401,273,2.0,2.7282470558713072
401,284,3.0,2.4721650769747288
401,294,1.0,2.4501418199102716
401,322,2.0,2.516133664749197
401,342,1.0,2.5174224951849458
401,385,3.0,3.0332468170426323
401,435,5.0,3.1669091251729062
401,462,4.0,3.2498406756409826
401,473,1.0,2.363901418522035
401,485,4.0,3.300073473344993
401,486,4.0,3.2400490788082847
401,499,3.0,3.450356530326543
401,501,2.0,2.726186235666268
401,519,4.0,3.465953677305559
401,520,3.0,3.5643331318940277
401,527,4.0,3.411956003949725
401,603,4.0,3.5459650968857446
401,609,3.0,3.0888313800036986
401,638,4.0,2.9816634627432457
401,654,3.0,3.292666968794298
401,661,3.0,3.3751313202783093
401,866,3.0,2.4615934428788666
402,7,4.0,4.202344626794408
402,16,3.0,3.8100393901501683
402,48,5.0,4.362756386602026
402,111,4.0,3.912187862002621
402,126,4.0,4.1455823136988945
402,127,5.0,4.7151270772594795
402,151,5.0,4.065951777135796
402,234,4.0,4.237413436004178
402,235,3.0,3.361027033140511
402,255,4.0,3.7152521271099923
402,257,4.0,4.135169725892011
402,479,5.0,4.657406494460926
402,480,5.0,4.782248779795648
402,764,3.0,3.284412528547751
403,111,4.0,3.926372585664228
403,121,5.0,3.9444659742456034
403,258,4.0,4.273043061700433
404,269,4.0,3.5523364858564124
404,294,4.0,3.1176968654847026
404,313,5.0,3.978653705833395
404,327,2.0,3.320724336811317
404,333,2.0,3.3758867416513287
404,687,3.0,2.513073394999261
404,748,4.0,3.1777121500730665
404,892,2.0,2.7773532228770383
405,11,4.0,2.4339593067265892
405,28,4.0,2.737463860338414
405,30,1.0,1.6250291586437107
405,56,4.0,2.6723622750964924
405,62,1.0,1.5164359140091936
405,72,3.0,1.8664583115600566
405,78,2.0,1.0
405,87,1.0,2.751324612166589
405,88,3.0,2.4437602000617726
405,90,4.0,1.6498310305740624
405,92,1.0,1.936771368666968
405,96,3.0,2.787149289955572
405,127,5.0,3.043178030892575
405,135,5.0,2.4506138919502067
405,169,1.0,2.996983724783375
405,171,1.0,1.5463653206819257
405,172,5.0,2.989028608252478
405,178,3.0,2.8299751960043777
405,186,5.0,2.6697528192276767
405,188,1.0,2.040069869022611
405,190,2.0,2.3023666617643537
405,192,5.0,2.3401748738328356
405,206,1.0,1.5822239561205598
405,210,5.0,2.735097412909739
405,214,4.0,2.0485923049972286
405,216,2.0,2.7603492753509924
405,217,1.0,1.5983538195791218
405,228,1.0,2.5686733857921986
405,230,2.0,2.0471721095788884
405,232,4.0,1.7291057356485942
405,318,5.0,3.245907605104861
405,350,1.0,1.0
405,361,2.0,1.0
405,366,3.0,1.5816438315953516
405,371,1.0,1.6664220183557445
405,386,3.0,1.2816406509498344
405,387,1.0,1.282307611276245
405,396,1.0,1.0
405,414,1.0,1.5379953780768756
405,422,1.0,1.0
405,426,1.0,1.3640877571094374
405,430,1.0,2.251529091974938
405,432,3.0,2.70051636838951
405,437,1.0,1.0
405,440,1.0,1.0
405,442,1.0,1.0
405,449,1.0,1.3638293998357311
405,450,1.0,1.0
405,451,5.0,2.205382999727049
405,465,1.0,2.1177750505629964
405,467,4.0,2.2835021556790482
405,470,1.0,2.041851130334915
405,510,1.0,2.165133236096506
405,511,2.0,2.620889243258785
405,514,1.0,2.328953002474922
405,521,4.0,2.3413597236420998
405,522,1.0,1.5839427470317675
405,524,1.0,2.206175983123663
405,527,5.0,2.7651191263355233
405,530,1.0,2.173339504515444
405,540,1.0,1.0
405,541,1.0,1.3890536190013396
405,551,1.0,1.0
405,565,2.0,1.0
405,570,1.0,1.0565516944095124
405,575,5.0,1.198442684019605
405,578,1.0,1.320438244159146
405,579,1.0,1.0
405,580,1.0,1.9718456412523955
405,581,3.0,1.40753090008356
405,583,1.0,1.0936264728483387
405,592,1.0,1.1209734459389153
405,593,1.0,1.2548134459893414
405,623,1.0,1.1410543610705406
405,639,1.0,1.3524362495245454
405,647,1.0,1.9979830067247875
405,650,1.0,1.6504981753246237
405,652,1.0,2.255204151168987
405,656,1.0,1.6798984633276335
405,670,1.0,1.5458109492380148
405,673,5.0,2.306748050782343
405,692,5.0,2.421615502885595
405,695,1.0,1.2371852654581916
405,699,2.0,2.208893656170474
405,700,1.0,1.0
405,719,1.0,1.0
405,721,1.0,1.6876758365673656
405,722,1.0,1.5156950208339715
405,734,2.0,1.0
405,759,1.0,1.0
405,765,1.0,1.221096427278297
405,768,3.0,1.4643537834186842
405,771,1.0,1.0
405,773,1.0,1.0
405,775,1.0,1.0666008188220162
405,785,1.0,1.958309586079352
405,787,3.0,1.311626272135208
405,789,1.0,2.008931505939384
405,795,2.0,1.0
405,941,1.0,1.608808429234899
405,953,3.0,1.0562814497745823
405,959,1.0,1.993771350302973
405,964,1.0,1.0
405,994,1.0,1.0
405,997,1.0,1.0
405,1004,1.0,1.0
405,1029,1.0,1.0
405,1045,3.0,1.2103296334582074
405,1046,2.0,1.768112382198161
405,1058,1.0,1.571824113076957
405,1100,1.0,1.0
405,1109,1.0,1.5238577249831846
405,1113,1.0,1.094351374671111
405,1118,1.0,1.7330758494853975
405,1167,1.0,1.9500633001760987
405,1175,1.0,1.1976470969275042
405,1176,3.0,1.0
405,1177,1.0,1.0
405,1178,1.0,1.0
405,1180,1.0,1.2126038025435473
405,1188,3.0,1.044746575013649
405,1207,1.0,1.012832169460101
405,1217,3.0,1.1023476187803807
405,1227,3.0,1.0
405,1230,1.0,1.0
405,1247,1.0,1.0
405,1248,1.0,1.0868591653474877
405,1250,1.0,1.0
405,1275,1.0,1.2984659934725813
405,1316,1.0,1.2160479575512868
405,1317,1.0,1.0
405,1318,1.0,1.2976639901716696
405,1338,1.0,1.149093851960731
405,1353,1.0,1.0
405,1409,1.0,1.6051335653669647
405,1421,1.0,1.2182294139279795
405,1424,1.0,1.0270898116883362
405,1432,1.0,1.0
405,1434,1.0,1.0
405,1435,1.0,1.0
405,1469,1.0,1.3048634828384431
405,1503,1.0,1.7775078313396055
405,1519,2.0,1.607010150324785
405,1531,1.0,1.2649595234637458
405,1550,3.0,1.0
405,1554,4.0,1.0
405,1555,1.0,1.0
405,1557,1.0,3.539195652952405
405,1561,1.0,3.539195652952405
405,1562,1.0,3.539195652952405
405,1563,1.0,3.539195652952405
405,1565,1.0,3.539195652952405
405,1578,1.0,1.1200094398699205
405,1582,1.0,3.539195652952405
405,1586,1.0,3.539195652952405
406,12,4.0,4.332577051541898
406,14,4.0,3.6471958850698782
406,24,3.0,3.3811163834978917
406,40,3.0,2.6361197585527876
406,48,5.0,4.066893830081698
406,50,5.0,4.21025494020537
406,58,4.0,3.646972766970561
406,79,3.0,3.928108078252001
406,85,2.0,2.779678409868983
406,99,5.0,3.742161878147588
406,156,5.0,3.9932010284899615
406,164,5.0,3.54470896137883
406,181,5.0,3.9510727929450224
406,186,3.0,3.8228045500695695
406,188,4.0,3.860834830792777
406,195,5.0,3.8811278742447883
406,199,5.0,4.447421492420049
406,209,1.0,4.037612150946603
406,213,2.0,3.7713592190622576
406,238,2.0,3.757675838507183
406,239,3.0,3.3604999800539312
406,317,4.0,3.96641319772989
406,318,5.0,4.335315644710794
406,396,3.0,3.0629576150946933
406,410,4.0,3.2014121031419114
406,414,2.0,3.605414656382543
406,419,1.0,3.6690698967854214
406,429,4.0,4.045254879291977
406,435,5.0,3.854444986106778
406,436,4.0,3.657105123282408
406,443,4.0,3.9241337356279113
406,463,5.0,3.59864864850684
406,469,4.0,3.8995051678192136
406,479,4.0,4.2748905972777145
406,482,5.0,4.094228619634684
406,488,4.0,4.179698333007697
406,490,3.0,3.878601690987385
406,496,4.0,3.9991070292317916
406,501,5.0,3.5716869108327853
406,503,3.0,3.6892591288375973
406,511,5.0,4.381141262884866
406,523,3.0,4.116683303364157
406,527,4.0,4.058648494030681
406,588,4.0,3.669616322239575
406,591,3.0,3.3446206571149593
406,605,5.0,3.3615425948692077
406,608,4.0,3.8115689254747673
406,612,5.0,4.00411061439029
406,640,3.0,3.2883896500983303
406,642,3.0,3.8430894356513248
406,645,5.0,3.8394521781001845
406,647,5.0,4.165249516200344
406,651,3.0,4.085281196416743
406,662,3.0,3.3842454382940637
406,664,2.0,3.7677426952738338
406,675,4.0,3.8856937271482774
406,701,5.0,3.805739414286558
406,713,4.0,3.321486905106662
406,732,4.0,3.4727540244098756
406,745,4.0,3.993175369144371
406,823,3.0,2.727644496766851
406,826,3.0,2.777894969088233
406,942,4.0,3.393143472551094
406,962,4.0,3.195831977731489
406,1010,4.0,3.419718336913819
406,1047,3.0,2.5728387676496824
406,1126,3.0,3.530653393614763
406,1267,3.0,3.145568057227705
407,50,4.0,4.340811822245604
407,62,3.0,3.1738906408321848
407,68,4.0,3.3765363582069696
407,82,3.0,3.7038526285147135
407,117,3.0,3.6202703384674924
407,147,4.0,3.5487611214714474
407,157,2.0,3.7623671386668245
407,161,2.0,3.2888782458519707
407,163,3.0,3.712442637407446
407,174,5.0,4.261005062632096
407,182,4.0,4.030074411865446
407,194,4.0,4.136975073200681
407,196,4.0,3.891204538557817
407,200,4.0,3.9150500600856053
407,205,4.0,4.063031889677495
407,211,4.0,4.005775195900928
407,217,4.0,3.321204372132228
407,222,4.0,3.697886910736939
407,231,3.0,2.8447048956567533
407,238,5.0,4.0088471848324865
407,249,2.0,3.3940936682785128
407,265,3.0,3.8760267984369277
407,418,4.0,3.6118877533882334
407,428,3.0,3.949510056248848
407,433,4.0,3.783304635630808
407,466,3.0,3.6550770315864094
407,476,2.0,2.9400148085994333
407,478,4.0,4.1743607513825
407,493,3.0,4.182256626611699
407,616,3.0,3.5487219732245383
407,642,2.0,3.6519410599359636
407,655,4.0,3.921465979946986
407,746,4.0,3.5981605290109986
407,755,3.0,3.1677920590326463
407,785,3.0,2.967278921527238
407,949,3.0,3.2556915879558543
407,969,4.0,3.8132200731410935
407,1028,3.0,2.8834946645248474
408,258,3.0,4.114480014260845
408,683,3.0,3.3927993723103778
408,689,3.0,3.2063604514748807
408,748,5.0,3.4483960288202424
409,6,4.0,3.7224898422687955
409,8,3.0,4.260888012963029
409,22,2.0,4.346152296718403
409,48,2.0,4.493709422393255
409,50,5.0,4.6382539470838395
409,59,5.0,4.3609328575635855
409,65,4.0,3.8791057685288326
409,87,3.0,4.225355779051314
409,99,3.0,4.01365091756798
409,133,4.0,4.032896885573202
409,154,5.0,4.192170080711847
409,165,4.0,4.3151003546015625
409,168,5.0,4.419037297597809
409,181,4.0,4.290926035635798
409,187,3.0,4.587466389042341
409,197,3.0,4.471141085664399
409,199,4.0,4.544527224121677
409,200,2.0,4.222099023686576
409,201,1.0,4.031621062438151
409,202,3.0,4.178398916570174
409,203,5.0,4.34723357031761
409,214,4.0,3.8594621667905242
409,223,4.0,4.36565602066954
409,270,2.0,3.440902727296307
409,288,1.0,3.4686745102150662
409,325,4.0,2.66084192417114
409,339,2.0,2.803124270833333
409,381,2.0,3.8303279851942276
409,479,5.0,4.556627696721129
409,480,5.0,4.6238450664193
409,491,2.0,3.992477187945499
409,497,3.0,4.112990068113952
409,516,4.0,4.161495822193638
409,518,1.0,4.100582773895455
409,520,2.0,4.347392160129412
409,604,4.0,4.262668528189718
409,654,3.0,4.409104231262696
409,659,5.0,4.208757790300247
409,664,4.0,3.934238683307263
409,680,1.0,1.802927037242819
409,684,4.0,4.002421139443173
409,937,2.0,3.0797897857408034
409,965,2.0,3.8800035427404964
409,995,4.0,3.1912047089604774
409,1021,4.0,4.320935479256773
409,1176,4.0,3.703453759015545
409,1242,2.0,3.5954206030940115
409,1295,1.0,2.591842106325754
410,286,4.0,3.048063560528639
410,300,3.0,3.1539537778245057
410,312,2.0,2.6928247643011476
410,748,2.0,2.701954572245383
410,882,3.0,3.125565379136761
411,168,5.0,4.174264528342898
411,172,5.0,4.323274488309014
411,182,3.0,4.131726606787557
411,196,4.0,4.034604686583809
411,209,4.0,4.087488291039799
411,405,4.0,3.4620591069262527
411,651,4.0,4.2259837410893315
411,1470,3.0,3.0065227743216867
412,4,3.0,3.992822721757221
412,28,4.0,4.336988725007721
412,92,3.0,4.144044562280816
412,135,4.0,4.287123733687184
412,173,5.0,4.521913224316678
412,175,4.0,4.111558947931458
412,193,4.0,4.335156443519327
412,202,3.0,4.197558723014437
412,218,3.0,3.9571487391957088
412,318,5.0,4.745739043505829
412,427,4.0,4.543389763113744
412,436,4.0,3.9884846741544213
412,480,4.0,4.613037845204788
412,634,5.0,3.877657673845069
413,7,3.0,3.9579501369856502
413,124,5.0,4.305550069683581
413,222,4.0,3.7727436569381982
413,255,3.0,3.521466265045912
413,260,1.0,2.7575244450750693
413,271,4.0,3.257729712411589
413,297,5.0,4.155988070653235
413,301,3.0,3.4653877133388593
413,306,4.0,4.0901449896049655
413,628,4.0,3.592393247715156
414,100,5.0,4.730838199721925
414,264,3.0,3.452562841348396
414,294,2.0,3.752373819799729
415,154,4.0,4.5150453199097
415,243,1.0,3.424524410341907
415,1524,5.0,4.714722157189851
416,22,5.0,5.0
416,32,2.0,4.375949295104283
416,41,3.0,3.2488540577902696
416,43,1.0,3.955387646641984
416,49,4.0,4.026453137893805
416,51,5.0,4.233202631640179
416,54,5.0,4.1186579762870705
416,56,5.0,4.789887640582198
416,64,5.0,5.0
416,69,4.0,4.817267350985132
416,71,4.0,4.618072633148262
416,92,3.0,4.179065053808189
416,107,5.0,4.296946479589028
416,117,5.0,4.297767981478689
416,125,5.0,4.205261560772181
416,134,4.0,4.934242963067905
416,174,5.0,5.0
416,178,5.0,5.0
416,210,5.0,4.804878331350341
416,220,4.0,4.038322296875779
416,226,4.0,4.168395101455365
416,230,4.0,4.343269613263826
416,234,5.0,4.507777550579975
416,246,4.0,4.591961656267998
416,250,4.0,4.077723103277016
416,254,2.0,3.1376249296389807
416,266,3.0,3.1595579677892895
416,272,5.0,4.813049939644739
416,277,5.0,4.098324471146016
416,284,4.0,3.960008207672588
416,287,4.0,4.07863403750577
416,294,4.0,3.8036985658728684
416,301,5.0,3.9401138658771204
416,304,5.0,4.126242272128661
416,327,4.0,3.915336393003553
416,332,4.0,3.925901881465811
416,348,3.0,3.700787542284079
416,356,5.0,4.226081189371001
416,399,4.0,3.9763465553717348
416,404,3.0,4.346017278629853
416,405,5.0,4.10065436063422
416,417,3.0,3.884093958795859
416,427,5.0,5.0
416,475,2.0,4.458635423979646
416,479,5.0,4.918169124248101
416,506,5.0,4.457271648744118
416,532,3.0,3.9398517519527902
416,546,3.0,3.783768411170388
416,568,4.0,4.477643093726245
416,578,4.0,3.9112549313946308
416,607,5.0,4.66810900419102
416,721,3.0,4.021236575715886
416,724,4.0,4.329474381443559
416,734,3.0,3.0366844329443694
416,738,2.0,3.6493066469799933
416,761,4.0,3.6759585687829346
416,768,3.0,3.571944163059425
416,770,4.0,4.1868937701653755
416,819,3.0,3.2436359365977143
416,833,3.0,3.658337770830015
416,842,4.0,3.79443679851523
416,866,4.0,3.8210245342712343
416,874,1.0,3.728961158111288
416,895,4.0,3.649141318214944
416,936,5.0,4.512826245715931
416,941,3.0,3.9197131286463938
416,959,5.0,4.328237265897154
416,975,2.0,3.7696108154418155
416,1035,3.0,3.8602014788002568
416,1092,3.0,3.0040886006995926
416,1098,3.0,4.361971687736454
416,1147,4.0,4.219631562100751
416,1188,3.0,3.41591321003899
416,1407,2.0,3.0408460003335147
416,1503,4.0,3.813256852103906
416,1517,2.0,3.2062204225162025
417,3,4.0,3.039003427262437
417,11,5.0,3.6986458356172474
417,12,4.0,4.232874344538983
417,23,3.0,4.065964230717926
417,29,2.0,2.6296796259655446
417,32,2.0,3.8753885731837774
417,42,4.0,3.6746013438895826
417,47,3.0,3.674954481023795
417,64,5.0,4.290373987232226
417,67,4.0,3.0223351674997674
417,83,5.0,4.031145313694681
417,98,5.0,4.087638095250039
417,99,4.0,3.5582640382467234
417,120,2.0,2.1014817077631798
417,127,4.0,4.14704912498824
417,131,4.0,3.617471597419493
417,132,4.0,3.980757280852349
417,135,3.0,3.921899846511346
417,147,4.0,3.2742515951476903
417,159,4.0,3.111280796422272
417,195,5.0,3.8219867994361745
417,196,5.0,3.8445940607625633
417,200,4.0,3.742223315805789
417,207,4.0,3.789447687742489
417,208,3.0,3.8683703863716854
417,226,3.0,3.212247266101606
417,235,2.0,2.731638936632416
417,403,4.0,3.282408418477943
417,423,4.0,3.675567814532402
417,425,4.0,3.6256548469037155
417,436,3.0,3.403363756969065
417,541,2.0,2.83641810890232
417,544,3.0,3.056834077963795
417,545,1.0,2.1494404696164917
417,551,3.0,2.491962389563251
417,552,2.0,2.765756919665992
417,563,2.0,2.396618916006378
417,578,3.0,2.9622393596973264
417,588,3.0,3.592578785665004
417,597,3.0,2.8636261988494818
417,614,3.0,3.6096163991517134
417,628,3.0,3.314728658888075
417,631,3.0,3.470359932462132
417,636,3.0,3.3050368514486044
417,658,2.0,3.4582755693555938
417,684,3.0,3.6665271192464046
417,710,4.0,3.660314902454915
417,725,4.0,2.5575545288778976
417,742,2.0,3.293430531879842
417,747,3.0,3.409415005957886
417,762,3.0,3.358482191833956
417,769,1.0,2.4511167597670545
417,781,3.0,3.1355967188731886
417,979,3.0,3.0038063605653447
417,1023,4.0,2.573166517496503
417,1036,3.0,2.7537985059923713
417,1039,3.0,4.00673885099015
417,1044,3.0,3.1723072819272056
417,1047,4.0,2.575713717109027
417,1095,3.0,2.559322826116685
417,1135,4.0,3.014290114174039
417,1209,3.0,2.783002952343203
418,269,5.0,2.8731256267855083
418,301,2.0,2.441887468248294
418,304,4.0,2.905204998846058
418,313,3.0,3.499140741979727
418,362,1.0,2.2899992226847603
419,173,5.0,4.65728085585064
419,705,5.0,4.501443533280421
419,1451,4.0,4.30376835104796
420,19,3.0,4.65319035032495
420,283,5.0,4.516116369021437
420,302,4.0,4.754041095519904
420,331,3.0,4.060743499086982
421,124,4.0,4.207253398060663
421,156,5.0,4.269670175041077
421,194,4.0,4.2891920977122755
421,200,3.0,4.040273587569328
421,443,5.0,4.039823607368373
421,474,4.0,4.384665726882725
421,915,4.0,3.9221973174732367
422,109,2.0,3.5175082442080123
422,126,4.0,3.7061543235503303
422,184,4.0,3.6041845371517
422,200,5.0,3.851135001532336
422,258,4.0,3.754148617090649
422,273,5.0,3.497609145888669
422,276,5.0,3.7249270677070117
422,325,2.0,2.851415990756596
422,379,2.0,3.136654849950439
422,477,4.0,3.190785625923753
422,559,3.0,3.3066145770072994
422,671,4.0,4.001037146083282
422,854,4.0,3.6381113679008967
422,919,5.0,3.9758250505714336
422,922,4.0,3.876148568340995
422,926,2.0,2.7872528274533614
422,1017,4.0,3.3546272189720616
423,15,4.0,3.7689112646466065
423,237,4.0,3.7703975800854566
423,258,5.0,3.887852493710099
423,269,3.0,4.1506102896383394
423,272,5.0,4.320571541097058
423,300,3.0,3.6445731149810157
423,310,3.0,3.58296499538891
423,315,4.0,4.185225401595767
423,323,3.0,2.9080129684344698
423,348,3.0,3.2041808408813943
423,744,4.0,3.800267586690803
423,898,4.0,3.405189480449737
423,1134,4.0,3.6350534216529486
424,9,5.0,3.51013395403551
424,25,4.0,3.27603575358085
424,261,3.0,2.566374836622324
424,1346,4.0,2.8992421635531174
425,38,3.0,2.3671178473953685
425,39,4.0,3.0102740155874845
425,56,5.0,3.7647759177206144
425,83,2.0,3.5351717977145194
425,172,5.0,3.6994442175533435
425,183,3.0,3.551031147390293
425,185,2.0,3.6174762981032984
425,191,3.0,3.779416554777556
425,210,3.0,3.357413459148173
425,227,4.0,2.73882109551936
425,250,4.0,2.8416150766693233
425,259,1.0,2.241229909656921
425,271,5.0,2.828035716309725
425,273,4.0,3.100415450906139
425,281,2.0,2.5404474022292223
425,313,1.0,3.429739156673993
425,318,2.0,3.9202742445286716
425,322,3.0,2.3230498591882593
425,323,2.0,2.0587184684489657
425,424,2.0,1.386777999523543
425,429,4.0,3.4466978261009693
425,475,5.0,3.3743343432067845
425,748,3.0,2.328993942702069
425,759,2.0,1.5269597765904694
425,825,2.0,2.428711587620162
425,1314,3.0,1.8121604950972845
426,182,2.0,4.1462940052517
426,211,4.0,4.102708046961582
426,429,5.0,4.0543851019799275
426,430,3.0,4.233158554482855
426,480,5.0,4.5448950935197985
426,486,3.0,4.076006769980351
426,493,4.0,4.366144623035875
426,504,4.0,4.146675005508455
426,526,4.0,4.06746200974528
426,603,5.0,4.4668004676360855
426,608,4.0,4.112650714833368
426,614,4.0,4.099631151195169
426,633,4.0,4.137309084909898
426,1116,4.0,3.8235455962203706
427,300,4.0,4.872691905324223
427,302,4.0,5.0
427,319,3.0,4.811289586725392
427,341,5.0,5.0
427,680,5.0,4.543231550287807
427,682,5.0,4.34691070748953
427,938,5.0,4.465417790274487
428,307,4.0,4.219892111954893
428,316,4.0,4.859011683577371
428,332,4.0,4.3559160946703
428,340,4.0,4.1628289151928355
428,343,2.0,3.9491142982667244
428,690,5.0,4.2021254170961795
428,875,4.0,3.425368924672495
429,26,3.0,3.468460954879202
429,45,3.0,4.194102936959917
429,64,4.0,4.525812031490077
429,73,3.0,3.3149804603565927
429,86,5.0,3.906175883406803
429,97,4.0,3.7325932467182654
429,109,3.0,3.4945347355747756
429,127,4.0,4.4509785131608
429,133,3.0,3.888284010589981
429,144,4.0,3.9172144498641557
429,162,4.0,3.589879387146155
429,197,4.0,4.262202067966252
429,219,4.0,2.988819157793179
429,229,2.0,2.960094889325144
429,273,4.0,3.6214542052447336
429,318,5.0,4.5670563171238685
429,321,3.0,3.2566984850009963
429,371,2.0,3.1624763627350694
429,410,4.0,3.1630533792282276
429,423,4.0,3.8107088773666247
429,427,5.0,4.382022720275029
429,431,5.0,3.463349410816339
429,455,3.0,3.269598798340744
429,464,3.0,3.558847431838695
429,467,4.0,3.7320168205765287
429,491,3.0,3.9130277847616344
429,495,3.0,3.610206049803824
429,499,4.0,4.128573190096461
429,511,5.0,4.484882087181279
429,628,3.0,3.4434671828969816
429,633,3.0,3.8766558140556624
429,635,3.0,2.6108364422923627
429,693,4.0,3.760331865024885
429,709,4.0,3.9893632214421366
429,710,4.0,3.5109738674414803
429,735,4.0,3.8144714905541504
429,744,4.0,3.407894206824485
429,941,3.0,2.8002451749098602
429,944,3.0,2.6405110692912146
429,967,4.0,3.1641186853725096
429,1016,4.0,3.307709883606777
429,1028,3.0,2.724554236094888
429,1039,5.0,4.153848923256552
429,1113,3.0,3.5253230836154903
429,1119,3.0,3.2504429108282196
429,1136,4.0,2.9255788383480072
429,1222,3.0,2.6417810095525223
429,1224,2.0,2.684561007144654
429,1296,2.0,3.052227075021703
429,1425,3.0,2.2449173704054117
430,10,4.0,3.7536725675570186
430,129,5.0,3.6295637806273615
430,527,4.0,3.9770887412208946
430,656,4.0,3.859445918969877
431,286,4.0,3.405787465756442
431,538,4.0,3.4154907078547176
431,748,4.0,3.215632303499035
432,50,5.0,4.46759592194648
432,111,4.0,3.883492057552393
432,222,4.0,3.8666246612396447
432,237,5.0,4.111524521144956
432,274,3.0,3.8939111448240853
432,295,3.0,3.7304189716093914
432,411,3.0,3.3811317335567024
432,546,3.0,3.4597319085506695
432,620,4.0,3.654033515414812
432,742,4.0,3.9229050273013586
432,1047,5.0,3.1248647166321044
433,50,5.0,4.216572848223595
433,173,4.0,4.108347418275746
433,302,5.0,4.080246746354106
433,325,2.0,2.477298958203559
434,406,3.0,3.245215795744148
434,815,4.0,3.949425071020937
434,1060,3.0,3.5881790866368464
435,4,4.0,3.7450389786810057
435,115,4.0,3.6689323121768322
435,141,2.0,3.5283302374970007
435,160,5.0,3.701357839036346
435,173,5.0,4.308162313305661
435,185,4.0,4.207756131384256
435,188,4.0,4.035703819493435
435,217,4.0,3.2522119779918595
435,234,4.0,3.905618585548071
435,240,3.0,3.0059317295968024
435,252,2.0,2.9828787067647378
435,273,5.0,3.7020363544137616
435,299,4.0,2.8366016444467004
435,380,3.0,3.2288079502922375
435,386,4.0,2.7827531172087925
435,431,3.0,3.7627611278463737
435,443,3.0,3.7583800127219935
435,462,5.0,3.9902356398597894
435,554,3.0,2.9311278581748534
435,576,3.0,3.16544910156872
435,628,5.0,3.4883446452174374
435,652,4.0,4.212102250543413
435,675,3.0,3.5365506283071615
435,693,3.0,3.848921132918888
435,696,3.0,2.9858239703151104
435,746,4.0,3.690067166522323
435,756,3.0,2.6794529867165355
435,760,1.0,2.4826066122645893
435,780,2.0,3.0519212103990716
435,1028,2.0,2.8851710257161187
435,1034,2.0,2.158902919656894
435,1217,3.0,2.8538760133102112
436,66,5.0,3.8871845972221433
436,73,4.0,3.8913975437304806
436,132,1.0,4.330801179595914
436,133,3.0,4.134144447581042
436,157,5.0,4.105640635353762
436,161,4.0,3.9729214017950936
436,174,3.0,4.534325637834817
436,226,4.0,3.9908124876920077
436,238,3.0,4.2118186589356075
436,411,4.0,3.555130632862452
436,433,5.0,4.069969196920958
436,454,4.0,3.6970478803576965
436,503,4.0,4.08554027271645
436,546,3.0,3.6448423341955007
436,658,5.0,4.068513195109144
436,742,5.0,4.116363622669322
436,845,5.0,3.862263142408716
436,1206,3.0,3.3579659911014486
436,1522,2.0,3.3871999638386696
437,14,5.0,4.018053696340413
437,86,4.0,4.032554443144562
437,118,2.0,2.9785060747649315
437,165,4.0,4.2665391164291515
437,173,4.0,4.114601974728222
437,190,3.0,4.281434606612713
437,197,5.0,4.323540678974693
437,239,4.0,3.4799815882085303
437,418,3.0,3.596847319435561
437,419,5.0,3.796962100946298
437,451,5.0,3.251101942742045
437,499,5.0,4.361155086823981
437,584,3.0,3.5635681717163057
437,640,1.0,3.2697123670850012
437,652,4.0,4.033093913354857
437,655,4.0,3.861331669786341
437,665,2.0,2.635720499007733
437,696,3.0,3.018236752905568
437,708,4.0,3.756328703054274
437,755,3.0,3.2318480754979184
437,1113,4.0,3.767476741142694
437,1121,5.0,4.050041962163682
437,1153,5.0,3.531875216882629
437,1262,3.0,3.7603566487714466
437,1404,2.0,3.4998802612862123
438,15,4.0,4.525819436519339
438,50,5.0,4.936267730957346
438,476,5.0,4.041341086976851
438,1028,2.0,3.9946345910569674
439,13,3.0,3.7784495812235566
439,14,5.0,4.184787677753542
439,125,3.0,3.6358327433965827
440,690,4.0,4.233971950008638
440,886,5.0,3.8032720242550955
440,1038,5.0,3.8788711793165023
442,14,1.0,3.5796045513275816
442,29,3.0,2.2843952556125693
442,31,3.0,3.4221961915464316
442,38,3.0,2.5123279682122615
442,39,3.0,3.209921171207761
442,41,4.0,2.7116378491576856
442,54,3.0,3.07202958034443
442,98,4.0,4.031306124281959
442,129,4.0,3.570613577898764
442,182,4.0,3.8351206971604204
442,229,3.0,2.755930050944177
442,385,3.0,3.281397001841231
442,401,2.0,2.607920363783576
442,452,3.0,2.212579673609524
442,554,2.0,2.5046142853626616
442,559,2.0,2.913227509026817
442,572,3.0,2.671867797269155
442,578,2.0,2.7746435345407257
442,636,5.0,3.0569925765918216
444,50,5.0,4.3653833562207955
444,751,4.0,3.540199701792251
444,906,4.0,3.588943513723848
445,12,2.0,2.626055730269325
445,123,1.0,1.3746147959796016
445,195,2.0,2.3310915922742037
445,204,3.0,2.193131950231513
445,408,3.0,2.706352382344062
445,410,1.0,1.3758794163649446
445,597,1.0,1.160868197647801
445,628,1.0,1.4810811549739387
445,763,2.0,1.521098153385739
445,823,1.0,1.0
445,919,1.0,1.825975792901859
445,1245,1.0,1.550050846458465
445,1591,4.0,1.6068347697113057
446,332,3.0,2.5645674103263087
447,68,5.0,3.7854386322660627
447,69,4.0,4.194474657081474
447,70,3.0,4.030674795910777
447,100,5.0,4.177976554942477
447,121,5.0,3.410468350624264
447,148,4.0,3.1826395441192195
447,218,4.0,3.6387330563609726
447,234,4.0,4.153838658029625
447,544,4.0,3.4550167643996033
447,823,3.0,2.951163713095862
447,879,3.0,3.3553249099197404
447,1034,2.0,2.4978566802782796
448,262,4.0,3.593041752252151
448,360,4.0,3.0847302077459977
448,1294,1.0,2.786517600886199
449,137,5.0,4.496724423198674
449,282,3.0,3.5114784431390147
449,286,4.0,3.954688462726977
449,291,2.0,3.2112010585362794
449,381,4.0,4.098097238126494
449,971,4.0,4.3945619243848695
449,1009,4.0,4.015172443894947
449,1194,4.0,4.672666581256501
450,2,4.0,3.890761423445848
450,38,4.0,3.6289109532752555
450,58,3.0,4.361232037389073
450,64,4.0,5.0
450,97,4.0,4.34335851220912
450,100,4.0,4.599336674425583
450,142,5.0,3.5479866502770223
450,143,5.0,4.404178668079277
450,144,5.0,4.49825103056161
450,162,5.0,4.100302563029094
450,179,5.0,4.479597327870246
450,183,4.0,4.515118755112841
450,194,5.0,4.724469176962284
450,216,5.0,4.477197645481984
450,252,3.0,3.471013891013561
450,265,5.0,4.437070599534451
450,384,3.0,3.1826405460084852
450,387,5.0,3.826854657437755
450,462,4.0,4.396402504857724
450,467,4.0,4.217272853188752
450,470,5.0,4.125415613647587
450,480,4.0,4.892774332500437
450,487,4.0,4.720483182274807
450,496,5.0,4.674566886127058
450,561,4.0,3.654055390006412
450,566,4.0,4.046010991488701
450,583,4.0,3.508700859172608
450,659,5.0,4.763387284976016
450,679,1.0,3.613816027624773
450,739,4.0,3.880883999002142
450,762,3.0,4.006917796098706
450,783,3.0,3.161236173486614
450,785,3.0,3.8359150545692926
450,801,4.0,3.134982534765477
450,846,3.0,3.3961387655643773
450,902,4.0,4.27891267710199
450,908,1.0,3.0500958490033514
450,942,5.0,4.009808226896195
450,1036,2.0,3.052510310428525
450,1037,2.0,2.520547617430268
450,1147,4.0,3.9319184557739106
450,1160,5.0,3.9532605100487648
450,1212,4.0,3.2800130143086195
450,1226,4.0,3.9040150019669895
450,1263,4.0,3.393813732488578
450,1269,4.0,4.495798377155053
451,269,2.0,3.297333169856661
451,289,1.0,2.5437089837612934
451,294,5.0,3.222459535559683
451,300,4.0,3.612585552677641
451,323,4.0,3.1186019711179016
451,872,2.0,2.4587502907759333
451,882,1.0,2.8470110502183914
452,25,2.0,3.395791113883784
452,134,3.0,4.084038080627743
452,152,2.0,3.4472099057303023
452,191,5.0,4.088079260775288
452,435,3.0,3.7241318754245714
452,495,4.0,3.311909664164358
452,523,2.0,3.797710285455612
452,641,3.0,3.9561623070153935
452,736,3.0,3.5541458925426848
452,1109,2.0,3.266114739127276
453,98,4.0,4.326587157701785
453,125,3.0,3.4744142716805557
453,246,5.0,4.1859296986980885
453,248,4.0,3.807114753297827
453,421,4.0,3.492395868838168
453,697,4.0,3.527791888741088
453,1032,1.0,2.4790536485412114
454,87,4.0,3.229483326673705
454,161,4.0,3.115595131606859
454,181,3.0,3.3584201252273127
454,182,3.0,2.975044943090615
454,418,3.0,2.971512529339778
454,484,3.0,3.0811513383971754
454,487,4.0,3.1052688931637182
454,493,2.0,2.9762362842866166
454,633,2.0,3.2303061614494406
454,1063,4.0,3.219762931235305
454,1299,2.0,2.113006797049074
455,135,5.0,4.06414922540643
455,282,3.0,3.5952382048712597
455,293,4.0,3.7612075400109473
455,629,3.0,3.3607956254467277
455,755,3.0,3.477922198065991
456,175,3.0,3.8511700588115625
456,294,1.0,2.9111372681147083
456,715,3.0,3.3885321281559153
456,943,4.0,3.4578542844526887
457,182,4.0,5.0
457,192,5.0,5.0
457,366,4.0,3.889290550412719
457,443,4.0,4.8728952425971155
457,636,4.0,4.34284510630875
457,704,4.0,4.100927777485881
457,708,4.0,4.495550254065281
457,775,3.0,3.3875592636949774
458,144,4.0,3.789178071493839
458,648,4.0,4.036799970762829
458,1101,4.0,3.889809039520742
459,934,3.0,2.962126532092795
460,10,3.0,3.7443686840187302
462,682,5.0,3.790809678141387
